"dvccareertools.campuscareerinnovations.com","2","/resources/career-fields-engineering-computer-science/"
"www.noticejob.com","1","/jobs-by-company/b/bridgetechnology-7662/"
"www.osmose.com","1","/careers-field-data-technician"
"www.predictiveservice.com","3","/career-it-software-developer"
"welcometossm.com","1","/careers/industrial-planning-analyst/"
"leadec-services.dvinci-easy.com","2","/en/jobs/52875/platform-developer-salesforce-mfx"
"sojournsolutions.com","1","/job-offers/back-end-web-developer/"
"www.soliditech.com","1","/careers-technology-development/"
"aijobs.com","32","/jobs/big-data-engineer-2/"
"nextbigwhat.com","1","/jobs-web-graphic-designer-marketing-associate-android-developer-and-more/"
"travelnest.com","1","/job/senior-web-designer-team-lead/"
"jobs.kindredhealthcare.com","2","/job/louisville/financial-reporting-analyst/653/15964041"
"www.talview.com","4","/careers/android-developer"
"careers.syncreon.com","5","/job/Amsterdam-Business-Controller-&-Big-Data-Manager-NH-1438-AN/533327201/"
"media.thinknum.com","1","/articles/job-listing-data-shows-tech-giants-havent-skipped-a-beat-on-hiring-in-asia/"
"cultivatehq.com","1","/jobs/data/"
"blog.whitehatjr.com","1","/news/jobs-artificial-intelligence-replaces/"
"fraxnet.com","2","/jobs/detail/odoo-developer-odoo-technical-2"
"www.ferchau.com","3","/aviation/de/en/careers/job-offers/software-developer-m-f-aviation-185416"
"www.suunto.com","3","/About-Suunto/Company-info/Careers/android-developer---mobile-team-tampere-or-vantaa/"
"webnetism.com","1","/about-us/careers/web-developer"
"sumup.com","9","/careers/positions/berlin-germany/mobile/senior-ios-developer-pos-lite/4460674002/"
"www.eduers.com","1","/jobdescriptions/social_services_program_analyst/"
"careers-karmaautomotive.icims.com","1","/jobs/3906/senior-battery-software-engineer/job"
"jobs-cbaia.icims.com","3","/jobs/1312/logistics-analyst/job"
"www.dubaiclassified.com","2","/ads/jobs/accounting-finance/cashierdata-entry-operatoraccounts-assistant-with-exp-of-3-years_i92874"
"espresso-jobs.com","1","/en/job/34236/turbulent-senior-backend-developer-game-platform-nodejs/"
"www.niometrics.com","34","/job/api-developer-athens/"
"www.davidsonwp.com","517","/job/100562133232193/senior-software-developer-1/"
"dakota-partners.com","2","/careers/technology-and-the-future-of-conservation/"
"fullyaccountable.com","1","/careers/internship-program/marketing-analyst-intern/"
"funender.com","1","/career/career-software-development-need-ai-data-science-skills.html"
"www.webtempleasia.com","1","/website-design-blog/jobs-extension"
"www.postjobfree.com","44","/job/a2vbaq/selenium-architect-java-sunnyvale-ca"
"booknstuff.com","4","/jobs/bahawal-victoria-hospital-jobs-2019-for-computer-operator-assistant-director"
"bekaertdeslee.com","1","/en/jobs/sap-functional-analyst-sales-distribution"
"custom-media.com","1","/careers/web-ux-designer/"
"www.blenderbox.com","1","/job-django-developer"
"jobs.nucor.com","2","/External_Private_Source/job/Crawfordsville-Network-Technician-IN-47933/581459600/"
"www.odoogap.com","2","/job/odoo-developer-2-years-full-time/"
"corp.collegenet.com","1","/products/careerservices/career-network.html"
"gujarat.20govt.com","11","/jobs-for/computer-operator-vacancy/"
"newstowatch.com","1","/mortgage-realestate/jobless-data-and-rally-in-stocks-reverse-course-of-record-low-rates.html"
"www.handelot.com","2","/careers/Business-developer-Chinese.html"
"careers.handiscover.com","1","/jobs/90027-senior-full-stack-developer"
"elastisys.com","2","/job/cloud-native-backend-or-devops-engineer/"
"www.teentalkindia.com","1","/got-a-question/career-guidance/i-am-from-commerce-stream-and-i-want-to-know-about-the-best-courses-in-computers-448"
"jobs.geogroup.com","3","/job/data-entry-clerk/J3W01N79HQ9SQ0XTW0G/"
"www.6jief.com","1","/careers/information-technology-jobs"
"www.metaswitch.com","1","/careers-blog/software-engineer-uk"
"flyuberjets.com","3","/jobs/android-developer/"
"www.esystems-inc.com","38","/job/asp-net-c-developer/"
"jobs.gloriousgamesgroup.com","1","/jobs/237437-devops-engineer"
"hireme.com","58","/job-category/technology/"
"www.r-users.com","116","/job-category/r-developer/page/2/"
"rapsodo.com","4","/jobs/computer-vision-engineer-sg/"
"myjobsearch.com","1","/careers/property-developer.html"
"kuwait.tanqeeb.com","4","/s/job-vacancies/Android-developers-jobs"
"careers.tapestry.com","1","/job/North-Bergen-Information-Security-Analyst-NJ-07047/641612700/"
"gallery.coloringcrew.com","5","/jobs/computers/"
"www.scylladb.com","1","/company/careers/co/engineering/7F.111/devops-engineer/all/"
"www.roku.com","1","/jobs/position/2142333/software-engineer-intern-data-engineering-and-advertising"
"www.torreycove.com","1","/contact/careers/risk-management-analyst/"
"careers.mapmyindia.com","4","/job-listings-Business-Analyst-CE-INFO-Systems-Private-Limited-Map-My-India-Delhi-NCR-1-to-3-years-190619000662"
"www.prathigna.com","21","/job-posting-angular-developer-64"
"www.vulcansearch.com","2","/careers/frontend-software-developer/"
"wp.voicethread.com","1","/careers/senior-mobile-developer"
"www.pennysaverusa.com","11","/jobs/business-opportunities/computer-repair-service_i8803539"
"centum-ri.com","13","/job/business-analyst-coordinator/"
"margo-group.com","7","/en/job_offer/front-end-developer-angular-reactjs-with-basic-java/"
"www.reqiva.com","100","/job/backend-software-engineer-0743"
"coatingscareershub.com","3","/jobs/data-science-and-information-systems-industrial-placement/"
"coatsink.com","1","/careers/html5-programmer"
"youunlimitedanz-guide.com","1","/graduate-employers/australian-nuclear-science-and-technology-organisation-ansto/jobs-internships/2021-graduate-development-program"
"jobs.heraldonline.com","1","/article/job-searching-online-networking-strategies-to-get-you-started/27881"
"mycareer.virtusa.com","3","/job/developer-2/"
"jobs.conduent.com","1","/information-technology/jobs"
"www.philippines.rgf-executive.com","5","/jobs/3087-software-engineer-ncr-national-capital-region"
"www.y3technologies.com","2","/careers/singapore/uiux-developer/"
"www.trellian.com","2","/careers-au-php-web-developer.html"
"ortechsystems.com","1","/about/jobs-in-healthcare-technology/"
"cryptojobslist.com","55","/jobs/android-developer-at-coin-ninja-akron-ohio"
"nonprofit-executive-search.com","2","/job-opening/caring-network"
"www.inventables.com","1","/careers/software"
"working-nomads.com","119","/job/android-developer-at-mega-limited-allows-remote/"
"www.timeplan-software.com","1","/about-us/careers-at-timeplan-software-within-workforce-management/"
"www.thomas-thor.com","3","/us/jobs/business-analyst-2-6101/"
"www.verint.com","1","/careers/smart-people-cool-technology/"
"www.mercurynews.com","1","/2017/06/02/jobs-data-could-signal-shortage-of-qualified-workers-to-hire/"
"allmyhealthcarejobs.com","1","/jobs/epic-ambulatory-analyst/"
"nascareers.catsone.com","4","/careers/53121-General/jobs/11584679-Design-Engineer-Structural-Stress-Analyst-1056"
"jobs.barry-callebaut.com","18","/job/Chicago-Analyst%2C-Credit-&-Collection%2C-US-IL-60654/637465900/"
"www.oneyinsurance.com","1","/careers/senior-business-analyst/"
"minty-lab.com","1","/career-full-stack-developer"
"careers.terumobct.com","12","/job/Lakewood-Embedded-Software-Engineer-%28Software-Engineering%29-CO-80123/550242100/"
"www.compassoffices.com","2","/en/work-with-us/careers/senior-analyst-programmer-hk/"
"www.stickyeyes.com","2","/careers/entry-level-data-analyst-microsoft-excel-junkie-peterborough/"
"careers.moodys.com","78","/jobs/14251BR-senior-software-engineer-bangalore/"
"the-trevi-group.jobs.mrinetwork.com","1","/job/sr-cloud-infrastructure-engineer-architect-consultant-azure-iaas-o365-ft-at-top-microsoft-gold-partner-information-technology-cincinnati-ohio-united-statesfranklin-tennessee-united-stateslouisville-kentucky-united-statesnashville-tennessee-united-states-1419/0277b4a3-ebb8-11e9-8ab5-42010a8a0014"
"www.nationalstorageaffiliates.com","1","/careers/detail/1373/analyst-revenue-management-and-data-analytics"
"www.vibrantdirectory.com","2","/job/php-developer-1540880818"
"www.caliberi.com","3","/careers/front-end-developer"
"www.jobsinlondoncity.com","1","/jobs/IT%20Technology"
"yrbinc.com","1","/career_webprogrammer.html"
"www.firehouse.com","3","/careers-education/article/10769862/building-relationships-networks-as-you-begin-your-fire-service-career"
"www.cazena.com","1","/about/careers/engineer-big-data"
"bigfielddigital.com","2","/careers/front-end-ui-ux-web-developer/"
"generalmills-v7.site.findly.com","1","/job/10167279/data-architect-minneapolis-mn/"
"homedepot.site.findly.com","1","/career-areas/technology-careers/"
"www.ncmassociates.com","5","/about-us/careers/data-specialist"
"www.perfectjobrecruitmentsolutions.com","3","/jobs-in-front-office-data-entry-fid.htm"
"woz-u.com","1","/blog/career-in-data-science/"
"punkave.com","1","/jobs/senior-developer"
"prozed.com","3","/job-categories/data-analysis-and-reports/"
"www.ginosi.com","1","/careers/armenia/yerevan/junior-php-developer"
"careers.coreedgesolutions.com","2","/job-listings-Java-Developer-COREEDGE-SOLUTIONS-LLP-Bengaluru-Bangalore-3-to-7-years-010819003020"
"careerinsider.vault.com","1","/internship-reviews/commercial-banking-and-financial-services/guggenheim-securities-summer-analyst-internship-program-1/internship-reviews/career-development"
"thecareerguide.wordpress.com","2","/category/career-networking/"
"www.leandna.com","2","/careers-analytics-developer/"
"www.thebookrecruitment.com","9","/job/152126203/Digital-Designer-FE-Developer-job-in-Harrogate"
"www.bloggingpro.com","4","/job/freelance-medical-technology-copywriter-remote/"
"www.mombu.com","1","/jobs/t-us-nj-princeton-lead-c-net-developer-13617105.html"
"fqshaheenoep.com","1","/job/front-end-web-developer/"
"www.hainton.com","1","/job/senior-net-developer-%C2%A34050k-bradford-277.aspx"
"www.managego.com","1","/help/jobs/senior-developer/"
"employmentboost.com","3","/career-advice-resume-writing/emulex-hiring-sr-systems-analyst/"
"www.panagonsystems.com","1","/job/cnc-machinist-programmer/"
"docs.ovh.com","1","/gb/en/data-processing/job-submit-form/"
"www.desalination.com","3","/articles/jobs-at-heartland-water-technology"
"salestalentinc.com","2","/jobs/regional-sales-director-software-deployment-endpoint-management/"
"www.citon.com","1","/careers-2/server-network-engineer/"
"kenya.belfrics.com","1","/jobs/infrastructure-devops-2-years-2/"
"www.jaguarlandrovercareers.com","17","/job/Coventry-A&amp;AD-Software-Integration-and-Test-Leader/506288601/"
"jobs.courier-journal.com","2","/Jobs/technology-jobs-in-louisville-ky"
"www.altana.com","1","/career/application/data-privacy-statement.html"
"www.catchyourjob.com","4","/job-category/science-technology/"
"blog2.sillycube.com","2","/index.php/job-opening-mobile-app-developer-vacancy-1-3/"
"demoadmin.wpjobster.com","1","/jobs/music-instruments/primitive-technology-primitive-technology/"
"www.waterstons.com","5","/job-descriptions/graduate-software-developer-1"
"www.how2become.com","1","/careers/become-gchq-intelligence-analyst/"
"careers.goavega.com","3","/job-listings-Lead-Engineer-GOAVEGA-SOFTWARE-INDIA-PRIVATE-LIMITED-Bengaluru-Bangalore-4-to-6-years-240220001498"
"sg.indeed.com","2","/cmp/Dimension-Data/jobs"
"healthtechresourcesinc.com","4","/job/epic-clarity-report-analyst/"
"www.spottedinely.com","1","/job/eschools-ltd-littleport-ely-175-php-web-developer/"
"wss-associates.com","4","/job/head-of-software-engineering/"
"lekkirepublic.com","2","/job-vacancy-lekki-customer-attendant-digital-media-analyst-event-manager-pastry-chef-sweet-kiwi/"
"www.psdgroup.com","2","/job-category/senior-jobs-technology/"
"talentmontreal.com","1","/en/jobs/job/artificial-intelligence/research-scientist-in-machine-learning/415"
"motivatingsystems.com","1","/careers/software-application-developer/"
"www.bv.com","1","/careers/BV-Knowledge-Network"
"eco-staff.com","1","/jobs/voice-and-data-technician/"
"www.zdnet.com","1","/article/job-seeking-college-grads-may-require-an-extreme-social-networking-makeover/"
"www.kizi4play.com","1","/job-data.html/"
"callmaverick.com","1","/employment/job-senior-java-developer-217.html"
"jobs.calyxstaffing.com","1","/jobdetails/programmer/burlington-oakville-on/60"
"www.onseen.com","1","/jobs/developer/"
"www.plentyofjobs.com","1","/Jobs-Sectors/Computer-Mathematics-Jobs"
"pliops.com","3","/careers/co/rd-architecture-design-validation-team/BC.211/lead-software-verification/all/"
"incrowdnow.com","1","/job-listings/quality-assurance-compliance-analyst/"
"incture.com","5","/jobs/analyst-senior-analyst-quality-assurance/"
"veteranjobs.edwards.com","3","/cartago-cri/system-analyst-plm/D6C58663B7CA4F9A925E26F461C3E3A8/job/"
"www.ihiretherapy.com","2","/careeradvice/pages/how-to-build-a-great-resume-with-web-design"
"www.growthsellers.com","2","/job-detail/senior-frontend-developer"
"gramercyglobal.com","2","/careers/front-end-developer-position-trainee/"
"www.entrylevelcrossing.com","32","/jobs/q-entry-level-computer-jobs.html"
"jobs.eon.com","3","/avacon/job/Chicago-Sr_-Revenue-and-Settlements-Analyst-IL-60290/522151101/"
"novoresume.com","1","/career-blog/business-analyst-resume"
"www.facileserv.com","6","/job/data-engineering-executive/"
"factohr.com","2","/jobs/ios-developer-rajkot/"
"btbcku.com","1","/jobs/software-developer/"
"www.beinmediagroup.com","4","/job-offer/coordinator-analyst-section/"
"www.gtiassociates.com","2","/jobs/programmer-java-developer/"
"www.nucurrent.com","2","/about/careers/junior-embedded-software-engineer/"
"www.nhsjobs.com","1","/job/UK/Surrey/Epsom/Epsom_St_Helier_University_Hospitals_NHS_Trust/Data_Quality/Data_Quality-v1978991"
"www.conferencecompass.com","1","/careers/software-developer-data-processing/"
"www.collocosearch.com","1","/job/java-developer-600pd/"
"gm.afribaba.com","2","/gambia-ads/jobs-offers-employment/jobs-offer-computers-internet-telecommunications/"
"lr.afribaba.com","3","/bopolu/jobs-offers-employment/jobs-offer-computers-internet-telecommunications/"
"www.orckestra.com","5","/en/about/careers/canada/-9EMPwBqj0m25EIO0Nilkg/Quality-Assurance-Analyst---ORC-0077"
"a1jobbank.com","1","/jobstags/backend-development/page/2/"
"flyingwildhog.com","3","/career/engine-programmer/"
"www.globys.com","2","/resources/blog/jobs/senior-software-development-engineer/"
"miamiedtech.com","1","/event/careersource-w-i-t-techhire-network-administration-information-session/"
"aryztacareers.com","1","/job/Los-Angeles-Sr-Analyst%2C-HR-Payroll-CA-90094/597149701/"
"arm-market.com","1","/jobs-vacancy-needed-front-end-web-developer/"
"www.ststechnicaljobs.com","54","/job/associate-material-analyst-jobs-savannah-georgia/aircraft-machinist-1/"
"www.conservation-careers.com","11","/career-stories/dont-ask-dont-get-network-skill-share-achieve-goals-interview-filmmaker-lacy-wittman/"
"careers-india.columbusglobal.com","5","/job-listings-Microsoft-Dynamics-CRM-Dynamics-365-Developer-Columbus-Global-Services-India-Pvt-Ltd-Hyderabad-Secunderabad-3-to-6-years-040319003301"
"www.plectica.com","1","/jobs/data-science-software-engineer"
"metricarecruitment.com","5","/jobs/azure-data-engineer-london-24980/"
"www.lancernow.com","1","/job/digital-marketing/update-sendy-software-to-the-latest-version/"
"princeton-nj.geebo.com","1","/jobs-online/view/id/195133419-data-quality-software-developer-/"
"www.lighthouseprofessionalservices.com","16","/job/10459-supply-chain-smog-analyst/"
"careers.perentigroup.com","4","/job-board/query/Industry/Science+andamp%3B+Technology/54232/"
"www.mapertunity.com","3","/blog/careers/got-company-data-for-australia-loaded-today/"
"energy-models.com","1","/jobs/sr-analystsr-mechanical-engineer"
"www.practicelink.com","4","/jobs/Bassett-Healthcare/Bassett-Healthcare-Network-Delhi-NY/"
"blacksnetwork.com","1","/jobposting/category/45/technology/"
"www.samsoftware.com","5","/service-asset-management/job-costing-software/"
"jobs.sendinblue.com","1","/jobs/head-of-data_paris"
"www.scottspiro.com","1","/2016/08/30/jobs-look-good-computer-network-architects-los-angeles/"
"www.wintermannsearch.com","2","/jobs/commercial-credit-analyst-rre/"
"radhamadhavainc.com","1","/jobs/ui-developer/"
"smartfinvcjobs.com","1","/category/job-types/software-engineering-development/page/2/"
"www.jobawareness.com","1","/job-duties-cisco-network-engineer.asp"
"www.jobboxindia.com","9","/Jobs-for-Executive-Assistant-Front-Office-Data-Entry"
"jobs89.com","3","/job/data-entry-executive-data-entry-jobs-in-dubai-jobs-89/"
"www.sureskills.com","1","/Homepage/Careers/Cloud-Lab-Developer"
"amityfutureacademy.com","1","/Home/app/Career-in-Data-science"
"www.aqtsolutions.com","4","/aqt-solutions-training-management-software-companies/careers/"
"www.automotivetestingtechnologyinternational.com","7","/job/element-materials-technology-wixom-mi-full-time-machinist"
"seekter.com","1","/category/job-search/computers-internet-telecommunications"
"careers.tradestation.com","2","/job/crypto-lending-operational-support-analyst/J3S5TS6R6YRS64GWQZG/"
"cammachbryant.com","18","/job-details/data-entry-operator/CB-0111-01-20"
"www.theredmondcloud.com","47","/job/3m-his-healthcare-technology-rd-database-administrator-aws-cloud-silver-spring-md-salt-lake-city-ut-atlanta-ga/"
"careers.kemira.com","1","/job/Helsinki-Software-Developer-&-Architect%2C-Digital-Solutions%2C-IT/556915701/"
"verbalplusvisual.com","1","/careers/lead-developer"
"www.jwhglobal.com","3","/index.php/job/networking-engineer/"
"careers.dinllp.com","4","/job-listings-Data-Analyst-II-Noida-DIN-Engineering-Services-LLP-Noida-3-to-7-years-250219002732"
"www.vumcnursingcareers.com","3","/jobs/charge-nurse/ms-jackson-mississippi-affiliated-health-network/"
"www.fi414.com","1","/career-advice/bloombergdetroitoutgrowssiliconvalleyintechnologyjobsasfordbingesonhires"
"www.catenon.com","7","/jobs/JCC472/India/General+Management/General+%28Data+Base%29"
"www.careerssearch.com","2","/job/front-end-software-engineer-athens/"
"britesystems.catsone.com","9","/careers/70878-General/jobs/12824842-Salesforce-Business-Analyst-Remote/"
"energeiaworks.catsone.com","2","/careers/7303-General/jobs/11934673-Solar-Project-Developer"
"intellisourcebiz.catsone.com","1","/careers/11913-General/jobs/13207486-Data-Entry-Specialist"
"trilliant.com","2","/careers/senior-network-administrator/"
"wisesight.com","3","/jobs/full-stack-developer/"
"jobs.chk.com","7","/job/Oklahoma-City-Application-Systems-Analyst-II-OK-73118/524823200/"
"careers.onlifehealth.com","1","/us/en/job/19443/Database-Architect-Onlife-Brentwood-Tenn"
"weselectthebest.com","192","/account-manager-retail/jobs-in/information-servicestechnology/salescustomer-service/new-jobs/"
"careers.bluerose-tech.com","1","/job-listings-Pega-Developer-join-us-For-Global-Opportunities-BlueRose-Technologies-Pvt-Ltd-Bengaluru-Bangalore-Chennai-Hyderabad-Secunderabad-Pune-Australia-Dubai-UAE-Sweden-United-Kingdom-U-K-United-States-U-S-6-to-11-years-230919010260"
"ctechprograms.com","2","/career-highways/green-technology/"
"dcubeanalytics.com","3","/careers/consultant-business-analyst/"
"deacom.com","1","/job-opening-senior-software-developer"
"toranainc.com","1","/careers/senior-core-java-developers"
"www.datamation.com","4","/careers/developers-vs.-managers-five-tough-conversations-2.html"
"kentuckyprofessionalgroup.com","1","/careers/computer-technician-apprentice-lexington"
"actualcareers.com","2","/category/browse-career-categories/career-field/information-technology/"
"halfbrick.com","1","/about-us/careers/vr-game-developer/"
"acgpro.com","2","/job/senior-analyst-atlanta/"
"www.hky4vetsjobs.com","38","/job/technology/software-tester/3835375/staff-qa-engineer"
"jobs.magnumsearch.com","2","/careers/57758-General/jobs/11516798-DevOps-Developer/"
"www.manufacturingcrossing.com","1","/jobs/q-manufacturing-analyst-jobs.html"
"derby.jobsin-uk.com","1","/jobs/IT%20Technology"
"pakistan.jobsinnetwork.com","1","/jobs/IT%20Technology"
"us.jobtome.com","3","/job/data-scientist-premium-products-discovery/004bf6484c2798299563a39a57e481a6"
"www.cbresourcing.com","2","/job/account-manager-technology-market-intelligence-slash-renewals-focus/"
"economistjobs.com","18","/careers-workshop-networking-event-prof-andrew-ross-formerly-deputy-director-ges-head-recruitment-1"
"www.stoutsystems.com","38","/job/2823/Angular_Developer_(contract_to_hire)/"
"www.timesworld.com","3","/careers/html-developer-india"
"vestd.com","1","/jobs/onboarding-and-valuations-analyst/"
"www.veteranjobmatch.com","1","/Jobs/technology-jobs-in-new-york"
"mobilemerit.com","5","/job-board-software-android-app/job-board-wordpress4/"
"www.mobileupsoftware.com","1","/our-company/careers/software-engineer/"
"slicejack.com","1","/careers/front-end-developer/"
"www.problogbooster.com","1","/2012/12/Job-Searching-Technology-Internet-Career-Online-Hunting-Strategies-Techniques-Successful-Tips.html"
"headhuntvietnam.com","1","/job/senior-cloud-architectdata-engineer-job2460.html"
"cincinnati.universelisting.com","3","/Search/job-software-qa-dba/"
"philadelphia.universelisting.com","3","/Search/job-software-qa-dba/"
"uk.infreshjobs.com","12","/job-apply/0f1b408f0a883835/statistical-programmer-ii-job-openings-warman-obrien-cambridge"
"www.insnapsys.com","1","/jobs/senior-php-developer/"
"cvandcoffee.com","1","/en/job/research-analyst/"
"delhihelp.com","1","/jobs-available-computer-operators-required-netens-tecnologies-delhi-ncr-business-5174.aspx"
"www.propertyweek4jobs.com","7","/job/database-expert"
"www.core-apps.com","1","/event-technology-company/jobs/"
"greatghanajobs.com","2","/jobs/job-detail/job-it-programmer-job-at-a-reputable-company-career-opportunity-in-ghana-17243/nav-15"
"www.equinux.com","1","/us/job/J150/Mobile-Developer-mf-iOS-Software-Engineer-in-Munich"
"careers.etihad.com","15","/Etihad%20Airways%20PJSC/job/Abu-Dhabi-Inventory-Analyst/326119101/"
"jobs.vacancyposter.com","2","/jobs/77106/one-programme-digital-storyteller-and-network-support-oxfordshire-south-east-at-methodist-church"
"www.3forcom.com","1","/careers/consultants-network/"
"www.clker.com","5","/search/job+computer+admin/1"
"www.uhnjcareers.com","2","/careers/data-control-clerk-ii-part-time-20nsh97829/"
"jobs.amd.com","115","/job/Amsterdam-Software-Field-Applications-Engineer%2C-EMEA-%2871682%29/526580800/"
"www.createselect.com","1","/job-description/commercial-data-and-insights-analyst"
"www.contiba.com","1","/en/career/junior-software-developer-in-sap/"
"jobs.publicopiniononline.com","1","/jobs/technology-jobs-in-chambersburg-pa"
"www.vanderhouwen.com","24","/job-postings/backend-java-engineer-45807/"
"www.interpace.com","1","/careers/job/3622/senior-software-engineer"
"asana.com","9","/jobs/apply/1280103/software-engineerinfrastructure"
"www.asendiaoceania.com","1","/about-asendia/careers/junior-data-specialist-paris-fr/"
"www.careerigniter.com","11","/career-advice/finding-a-job-through-networking-groups/"
"help.sap.com","12","/doc/ad72b39063b74425836fd87259a37281/1.0/en-US/com/sap/cloud/sdk/s4hana/datamodel/odata/namespaces/externaljobschedulerintegration/JobTemplate.html"
"waterlineprojects.com","1","/category/careers/data-analyst/"
"www.bridgeline.com","2","/about/careers/net-software-engineer"
"thechroniclist.com","1","/jobs/web-designer/"
"thedomestikatedlife.com","1","/job-offer-trade-management-analyst.html"
"news.thecrimsonreport.com","1","/story/230999/job-boards-software-market-to-witness-huge-growth-by-2025-leading-key-players-workable-recooty-indeed-linkedin-snagajob.html"
"www.hunterfan.com","1","/pages/job-data-analyst-salesforce-administrator"
"jetbridge.com","2","/jobs/frontend-developer-intern/"
"www.topitworks.com","7","/en/job/10-x-devops-engineer-development-operations-4-1250945"
"en-pt.toplanguagejobs.com","1","/Top-Language-Jobs/data-review-jobs/job-opportunity-with-accenture---content-review-associate/Details/10429210"
"community.hubspot.com","1","/t5/Job-Listings/Data-Mining-Analyst/m-p/299328"
"jobs.gartner.com","2","/job/ireland/sr-director-erp-strategy-analyst-eu-ireland-or-uk-n/494/14588330"
"gatewayrecruiting.com","2","/jobs/computer-forensic-jobs"
"careers.dyson.com","21","/en-gb/job-description/crm-data-analyst/30835"
"www.riveroakscharter.com","4","/career-pathways/engineering-technology/"
"jobs.newyorklife.com","35","/job/Addison-Corporate-Vice-President%2C-Business-Systems-Analyst-80892-TX-75001/552714700/"
"www.next-wavepartners.com","46","/job/big-data-engineer-contract-worker/"
"www.njschooljobs.com","18","/job/3jy4u4/elementary-teacher-of-technology-k-8/paterson/nj"
"dialsource.com","2","/careers/frontend-developer"
"www.syn-apps.com","1","/careers/software-developer/"
"www.thinkingengineers.com","2","/career-dot-net-developer/"
"froggerjobs.com","9","/job/59305/cnc-machinist-cnc-programmer/"
"www.synertex.com","3","/jobs/cyber-security-analyst-mclean-va-tssci-polygraph-2/"
"www.systemsltd.com","8","/careers/associate-network-engineer/"
"evolutionexec.com","1","/job/translation-manager-technology-transfer-west-midlands-uk/"
"jobs.advocatehealth.com","15","/job/Des-Plaines-Post-Acute-Network-Assisted-Living-Manager-IL-60016/592479600/"
"uae.ads4me.com","1","/jobs-offers/computers-internet-telecommunications"
"careers.kiausa.com","7","/job/Irvine-Company-Vehicles-Analyst-Cali/610417600/"
"odoo.tboxcloud.com","2","/jobs/apply/systems-integration-developer-architect-any-location-1"
"www.indagia.com","3","/job/201912261/Data%20Scientist/"
"www.ihiretechnology.com","40","/jobs/data-architect-jobs/maine/cities"
"careers-srcx.icims.com","1","/jobs/1157/developer%2C-database/job"
"talent-14west.icims.com","1","/jobs/2918/martech-developer/job"
"adoak.com","8","/jobs/customer-service/sk-is-hiring-for-data-entry_i1323"
"www.gradcracker.com","2","/hub/106/atkins/videos/2236/career-stories-working-in-our-aerospace-defense-security-and-technology-business"
"www.deltragroup.com","26","/job/496948292-1569947865-business-analyst"
"www.bestclassifiedsusa.com","132","/jobs/advertising-public-relations/creative-website-design-service-in-raleigh-nc_i25791"
"www.88careers.com","1","/jobs/information-technology"
"northcarolinaprofessionalgroup.com","15","/careers/computer-technician-apprentice-greensboro/"
"facingmyproblems.com","1","/career/3-extra-skills-web-designers-can-learn-boost-chances-getting-job/"
"www.doublehrconsultancy.com","1","/jobs-in-network-administration-security-fid.htm"
"asia.baywa-re.com","1","/en/company/career/current-vacancies/job/junior-it-developer/"
"www.eztexting.com","1","/about/careers/php-developer"
"us.sofatutor.com","1","/jobs/technology"
"www.collegeraptor.com","5","/careers/Computer-and-Information-Systems-Managers--11302100/Bachelors-Degree/"
"experian.referrals.selectminds.com","33","/jobs/appcanvas-platform-developer-15483"
"arrowsearchpartners.com","6","/jobs/financial-analyst/"
"jobs.krmglobal.com","2","/job-listings-Data-Analyst-Cost-Accountant-Ghaziabad-KRM-Global-Ghaziabad-2-to-7-years-270419001499"
"careers.upmc.com","2315","/jobs/4162486-software-engineer-senior-ui-slash-ux-mobile-developer"
"esysearch.com","2","/category/job-search/computers-internet-telecommunications"
"career.gloot.com","3","/jobs/79813-javascript-developer"
"ca.joskr.com","9","/jobs-at-AQUA-DATA-INC"
"www.qualnimbus.com","2","/careers/software-engineering/"
"stripe.com","1","/jobs/listing/software-engineer-security-products/1972753"
"careers.intermarketing.com","1","/jobs/824391-back-end-developer"
"www.pondyjobs.com","13","/job/askan-technologies-puducherry-2-php-developer/"
"www.disabilitycrossing.com","1","/jobs/q-program-analyst-jobs.html"
"columbusjobsnow.com","2","/jobs/category/network-it/"
"boecore.com","1","/careers/networking-events/"
"www.develon.com","3","/careers/jobs/development/back-end-web-developer/"
"www.ultimus.com","2","/careers/senior-software-engineer"
"sandhyajane.com","1","/career-paths-business-analyst/"
"rutronik.mhmhr.com","1","/jobs/783-web-entwickler-softwareentwickler-php-m-w-d/job_application/new"
"www.percona.com","6","/about-percona/careers/database-engineer-mysql-remote-10"
"www.geiconsultants.com","1","/jobs/environmental-data-specialist/"
"re-reality.com","5","/careers/an-introduction-to-the-data-science-salary/"
"careers.samridhiplacements.com","3","/job-listings-Project-Manager-Java-Samridhi-Mohali-8-to-13-years-241019006164"
"irsc.smartcatalogiq.com","20","/en/2013-2014/Catalog/Career-Training-Programs/Air-Conditioning-Refrigeration-and-Heating-Technology-I-50680"
"www.joblense.com","4","/career-description/computer-based-careers/career-profile-database-developer/"
"www.jobnewsusa.com","4","/minneapolis/jobs/results/category/it-software-development"
"www.jobrouter.com","2","/en/jobdata/"
"site.adform.com","2","/careers/open-positions/development/juniorregular-software-engineer-netjava-5166/"
"big4.careers.adicio.com","62","/jobs/accenture-data-warehousing-california-377152693-b"
"javadoc.pentaho.com","1","/kettle530/kettle-engine-5.3.0.0-javadoc/org/pentaho/di/core/annotations/JobEntry.html"
"tomiengineering.com","1","/career/programmer/"
"www.teamadna.com","1","/data-collection/job-application"
"www.taiwantrade.com","1","/company/career-technology-mfg-co-ltd-5367.html"
"www.digitaldumbo.com","4","/jobs/Director-of-Software-Engineering"
"www.amitojobs.com","7","/job/251933/data-entry-operator/"
"www.redcat-digital.com","9","/job-category/software-engineering"
"voltiq.com","2","/careers/analyst-madrid-office"
"30hourjobs.com","19","/jobs/119/cockroach-labs-developer-advocate/"
"www.tradestreetconsulting.com","3","/business-intelligence-analyst/job/12679775"
"www.cybermdx.com","4","/careers/cyber-analyst"
"www.isleutilities.com","1","/jobs/junior-technology-consultant"
"www.worknrby.com","15","/job-opportunity-data-entry-operator-mansarovar-jaipur-fresher-E33069"
"pezaltech.com","7","/jobs/android-programmer/"
"thingbits.catsone.com","2","/careers/59092-General/jobs/11604456-Python-Developer"
"careers.wisurol.com","1","/jobs/13506038/physician-urology-franciscan-physician-network-lafayette-in"
"www.webpals.com","1","/careers/co/technology/06.110/solution-integration-and-implementation-manager/"
"jobs.luxcapital.com","22","/companies/applied-intuition/jobs/data-engineer-8265b5db-3180-457e-91b2-adafa8c4a7f0"
"www.theuserhub.com","2","/career-options/html-developer/"
"bancroftandsons.com","1","/careers/equipment-technology"
"www.placementmentor.com","7","/jobs/expedia-recruitment-2020-hiring-for-associate-software-development-engineer-b-e-b-tech-candidates-can-apply/jid-158023"
"www.network-n.com","2","/jobs/ecommerce-editor-network-n/"
"www.bemaservices.com","1","/about/careers/position-details-software-developer/"
"studysid.com","1","/computer-programming-coaching-classes/career-institute-mira-road"
"uwbarron.ed4career.com","10","/career-course-bundle/cctp-computer-technician-professional-program"
"edcconsulting.com","4","/job/network-administrator-cloud-radford-va-2/"
"eastbanctech.com","1","/our-work/jobsradar-app-powers-analysis-of-big-data-employment-trends/"
"sungraphicsmedia.com","1","/job-openings/front-end-web-developer"
"www.jobsinvantaa.com","2","/jobs/IT%20Technology"
"www.jobsinvienna.com","1","/jobs/IT%20Technology"
"www.jobsinyangon.com","175","/app/job-detail-account-executive-yunkey-information-technology-coltd"
"www.e-zest.com","3","/jobs-aem-developer"
"coleman-professional.e3applicants.com","2","/careers/Data-Entry-Operator--CasualTemp--Summit-County-Ohio-1071"
"www.ecruiseinc.com","3","/job/infosec-governance-risk-compliance-analyst-cruise-industry/"
"finlabsindia.com","1","/jobs/software-engineer/"
"www.butlerrose.com","8","/job-search/5242-procurement-analyst/buyer/somerset/job"
"en.speeditnet.com","1","/about-us/career-with-us/php-developer/"
"wonkhe.com","4","/job/data-compliance-and-analytics-manager/"
"www.geneva-trading.com","1","/careers/technology/"
"genproenergy.com","1","/jobgen-named-lorentz-network-partner-manager/"
"careers.redpill-linpro.com","4","/jobs/120428-java-ee-open-source-integration-architect-lead-developer/reminds/new"
"beijing.universelisting.com","3","/Search/job-software-qa-dba/"
"infinitpartners.com","1","/careers/full-stack-developer/"
"www.spokane-rentals.com","1","/job/data-entry/"
"www.wowhomepro.com","1","/2020/02/10/career-paths-merging-technology-and-artwork/"
"pupil-labs.com","4","/careers/android_developer/"
"www.proprofs.com","1","/training/solutions/career-training-software/"
"trading.prorealtime.com","3","/en/careers/compliance_back_office_analyst"
"www.seoclerk.com","438","/job/Article-Writing/34860/Technology-Blog-Writer-Needed"
"searchnzjobs.com","3","/job/digital-forensic-technician-digital-forensic-analyst-govt-new-zealand/"
"www.esdglobal.com","1","/careers/openings/detail/Senior%20Audio%20Visual%20Consultant-Technology-Chicago"
"jolancer.com","26","/jobs/business-promotion/geology-fieldwork-data-compilation-arcgis-arcmap-projects/"
"www.freshtechit.com","4","/jobs/Technology/CRM_Manager-386"
"www.fpsjob.com","4","/jobs/coaching-jobs/computer-teacher"
"closeriq.com","27","/company/clearsky-data/job/9b7001/business-development-specialist-boston-metro-area"
"www.twentyrecruitment.com","125","/jobs/application-support-analyst-financial-services-london-15"
"www.employndeploy.com","6","/jobs-detail/computer-operator/78/"
"pak101.com","25","/c/careers/view/10693/fulltime/Islamabad/Accountant_and_Computer_Operator_Required"
"www.oxleyenterprises.com","1","/careers/businesssupportanalystva/"
"www.professionz.com","1","/in/jobs-in-india/microsoft-technology-jobs.html"
"jobs.livecareer.com","1","/l/job-cost-analyst-tdindustries-ltd-3f62a1f9c9b7659b09a1e30cc72a63a4"
"jobs.courant.com","3","/article/job-searching-online-networking-strategies-to-get-you-started/27881"
"hedyla.com","2","/jobs/ai-software-engineer/"
"www.castilleresources.com","286","/job/actuarial-analyst-2"
"careerlinguist.com","12","/2015/04/13/job-research-analyst-ceb-washington-d-c-metro-area/"
"www.tpm-columbia.com","3","/jobs/763/details/sled-information-technology-area-remodel"
"watransit.com","4","/job-management/intercity-transit-senior-human-resources-analyst/"
"jobs.thecentralvirginian.com","1","/Jobs/technology-jobs-in-louisa-va"
"jobs.thecontentfunnel.com","1","/jobs/13504643/capital-market-institutional-operations-support-analyst-2-regulatory-reporting"
"jobs.hess.com","2","/job/Houston-Principal-Advisor-Geoscience-%28Emerging-TechnologyInnovation%29-Job-TX-77001/588404900/"
"turboskylane.cessna.com","1","/en/careers/information-technology"
"www.experiencewheel.com","1","/job/php-web-software-developer-zend-mvc-html-css-javascript/"
"www.firstdata.com","11","/en_au/about-first-data/careers/application-process.html"
"chghealthcare.com","2","/careers/all/software-development"
"careers.lennar.com","11","/en-US/job/analyst-ii-systems/J3R6VZ6PGDPZ0QHM4S3"
"newviews.com","2","/careers/senior-object-oriented-developer/"
"www.uncountable.com","1","/careers-open-positions/data-engineer-working-student"
"motherworks.com","6","/job/9588/member-benefits-analyst/"
"justthenews.com","1","/politics-policy/coronavirus/job-creators-network-ceo-says-small-businesses-need-lifeline-amid"
"nathanresearch.com","1","/careers/software-engineering/"
"blog.codacy.com","1","/career-designer-to-front-end-developer/"
"codequest.com","1","/careers/mid-front-end-developer"
"www.syriayp.com","1","/jobs/developer/city:Latakia"
"www.sage4change.com","1","/career-networking-strategies/"
"www.klaxonindia.com","6","/jobs-in-computers-it-fid.htm"
"www.willefinance.com","1","/careers/real-estate-asset-manager-developer/"
"careers-hwkaufman.icims.com","1","/jobs/5019/cyber-security-analyst/job"
"careers-nrdc.icims.com","3","/jobs/4348/china-oil-cap-project-analyst/job"
"iotcareer.adlinktech.com","1","/jobs/adlink-technology-gmbh-jobs/em-ADLINK-Technology-GmbH/"
"www.caclubindia.com","5","/jobs/data-tracks-services-ltd--17906.asp"
"www.avaval.com","1","/en/career/apply-now/3035-avista-senior-analyst"
"www.avepoint.com","2","/about/careers/technology"
"berkshirejobs.com","11","/public/employer/11/General-Dynamics-Mission-Systems/job/18588/PITTSFIELD-MA/2020-43816-Surface-Ship-Integrated-Combat-Management-Systems-Software-Development-Lead.html"
"www.813area.com","1","/jobs/tampa/information-technology-jobs/"
"ewtnet.com","1","/jobs/contract-job-commercial-manager-technology-conferences-and-exhibitions-connect-marketing-services"
"ng.ewtnet.com","1","/news/jobs/job-vacancy-data-solutions-sales-specialist-ibm-lagos/"
"trumpathon.com","1","/career-in-analytics-for-freshers-data-analytics-live-session-great-learning/"
"www.c-sharpcorner.com","7","/article/career-guide-for-computer-science-students/"
"www.credit-suisse.com","7","/careers/en/articles/careers/amelia-artificial-intelligence-in-action-at-credit-suisse-201802.html"
"www.curtisfood.com","1","/jobpostings/category-analyst-grocery-retail-quincy-ma/"
"techaio.com","1","/career-in-computer-software.htm"
"www.techcareers.com","28","/job/e-alliance-data-corporation-jobs.html"
"www.bidhee.com","1","/career_detail/php-laravel-developer"
"www.collegeloan.com","1","/careers/software-developer/"
"www.connectgenllc.com","1","/job/analyst-associate-development/"
"soundation.com","1","/station/jobs/tech-lead-full-stack-developer-at-soundation/"
"assam.20govt.com","17","/jobs-for/chemical-technology-vacancies/"
"www.cbstravelasia.com","1","/careers/job-appication-data-entry-hotel-content-supervisor/"
"www.adaptivem.com","1","/careers/software-engineer/"
"helloindex.com","2","/computers___hardware/jobs/"
"www.tatasteeleurope.com","3","/en_US/innovation/technology/careers"
"teenkidsnews.com","1","/tkn-news/careers/how-to-start-a-lucrative-career-in-cybersecurity/"
"www.a28inc.com","2","/job/junior-web-developer/"
"www.intapeople.com","20","/employers/employer-advice/job-descriptions/software-development-job-description/"
"www.abrandnewdayaba.com","1","/careers/board-certified-behavior-analyst-bcba/"
"jobs.miamiherald.com","7","/article/job-searching-online-networking-strategies-to-get-you-started/27881"
"librarymuseumjobinsider.com","1","/job-positions/computer-information-systems-managers"
"prod.musicweek.com","1","/jobs/read/metadata-support-manager-music-entertainment/02620"
"directconversion.com","3","/2019/03/04/job-opportunity-expert-software-developer-ajat-espoo-finland/"
"www.disabilityjobsite.com","5","/job/p-data-entry-clerk-l-los-banos-ca-jobs.html"
"www.brimstone-consulting.com","1","/job/computer-forensic-team-leader-144.htm"
"avsd.com","1","/technology/landing/career/engineers.aspx"
"getfreeads.freeglobalclassifiedads.com","1","/jobs/technology"
"www.pr1mecandidate.com","2","/job/front-end-developer/"
"redesign.practicematch.com","5","/physicians/job-details.cfm/508164/orthopedic-surgery/indiana/indianapolis/community-health-network/"
"jobs.chicos.com","6","/jobs/developer/us-fl-fort-myers/"
"bondtechglue.com","2","/jobs/remote-developer-jobs"
"careers.flowneuroscience.com","1","/jobs/230910-python-backend-developer-mental-health-startup/reminds/new"
"www.andamanclassifieds.com","1","/jobs/technology/web-developer-wanted_i8"
"www.itjobcafe.com","17","/job/Are%20you%20an%20expert%20in%20one%20or%20more%20of%20the%20following:%20Node.js,%20Go,%20C++,%20Object-oriented%20PHP,%20MySQL,%20Ruby%20on%20Rails"
"www.itjobsinmanchester.com","1","/jobs/data-jobs-manchester%20/page/1"
"careers.societegenerale.com","107","/en/job-offers/agile-web-developer-for-sg-markets-asia-200008O7-en"
"www.jobguidedubai.com","1","/2019/02/job-interview-green-apple-software.html"
"www.jobinberlin.com","1","/job/pincamp-adac-camping-gmbh-berlin-2-junior-data-account-manager-mfd/"
"phoenix.jobing.com","19","/jobs/analyst"
"digitalattic.com","1","/careers/full-stack-developer/"
"www.airtank.com","1","/careers/senior-fullstack-engineer"
"www.2koghana.com","1","/online/Career-Software-Development.html"
"www.bobcat.com","1","/company-info/people/dealer-network/service-technicians/careers"
"www.dinoct.com","1","/jobs/devops-engineer/"
"www.apemploymentexchange.com","4","/jobs/viewjob/5310-Data-EntryInventoryPackingFittersQuality-Control"
"www.apimages.com","3","/metadata/MSIndex/Career-development-and-risk-concept/217703450/169/0"
"vantagepointrecruiting.com","4","/job/business-analyst-finance/"
"be8website.appspot.com","1","/careers/icon-career-technology/"
"assuredconsulting.catsone.com","18","/careers/60510-General/jobs/11877502-Telecommunications-Analyst-Senior"
