"www.ttwsolutions.com","4","/join-our-team/job-opportunities/business-analyst/"
"www.kaam24.com","7","/Job-listings-BPO-Data-Entry-Computer-Operator-in-Hr-Solution-Group-Vasundhra-Ghaziabad"
"www.stressdesign.com","1","/jobs-board/data-entry-sample/"
"www.aspitio.com","1","/careers-software-engineer.html"
"www.afripads.com","1","/jobs/productdeveloper/"
"pintrovrt.com","1","/category/jobs/data-entry/"
"careandcost.com","1","/2012/03/12/job-1-in-health-care-data-analytics-get-the-data-and-make-sure-you-can-trust-it/"
"careers.linklaters.com","1","/en-us/job-finden/b-senior-artificial-intelligence-ai-advisor"
"mejix.com","4","/jobs/java-developer/"
"www.bluebenz.com","1","/jobs/product-analyst/"
"tuvalabs.com","2","/jobs/data_visualization_designer/"
"www.aspirationjobs.com","5","/jobs/android-developer-for-a-leading-ott-platform/"
"pixelclerks.com","2","/job/category/website-design-graphics"
"www.grey-edge.com","4","/blog/job/2d-3d-designers-graphic-web-designers/"
"jobs.opsconsulting.com","11","/careers/9877-General/jobs/1523960-Software-Engineer"
"www.lakhshyalabs.com","6","/Careers/Java-Full-Stack-Developer"
"www.one.com","5","/en/info/jobs/devops-linux-engineer"
"trendyjobbers.com","3","/en/bt/job-category/computing-and-ict/computer-games-tester"
"www.njevity.com","1","/2020/02/06/job-posting-cloud-network-support-specialist/"
"clinicalarchitecture.com","2","/job-posting/advanced-senior-software-engineer/"
"yeomessaging.com","1","/careers/senior-android-developer/"
"corporate.faceit.com","4","/jobs/c-c-developer-anti-cheat/"
"www.elkrecruitment.com","1","/job/excellent-data-analyst-eu25k-eu38k"
"www.knowledge7.com","1","/training/career/mobile-developer/"
"v1sports.com","2","/about/careers/android-developer/"
"weblink.scrantonchamber.com","1","/Education/Career-Technology-Center-of-Lackawanna-County-481"
"www.bighatbio.com","1","/careers/technology-development-specialist"
"clearpointco.com","5","/employee/job-search/big-data-developer"
"insidesalesstaff.com","1","/jobs/software-sales-representative/"
"totalhealthjobs.com","1","/jobs/java-developer-linux-java-dev/"
"alcor.catsone.com","41","/careers/45216-General/jobs/10198649-Senior-Systems-Analyst/"
"careers.iecaonline.com","242","/jobs/12843458/data-visualization-and-presentation-specialist"
"www.buildingmaterialscareers.com","1","/career-variety/information-technology/"
"data-inc.com","1","/careers/why-data/"
"www.deathwishcoffee.com","1","/collections/careers/valhalla-java-odinforce-blend"
"www.secbi.com","1","/jobs/react-frontend-developer/"
"www.icansouthsudan.com","1","/jobs/back-end-developer"
"edatawork.com","1","/edataold/career.php"
"www.sustainablebusiness.com","3","/job/coastal-program-analyst-i-or-ii/"
"careers.exelongeneration.com","2","/jobs/5324198-senior-financial-analyst"
"nhenhenhem.com","1","/job-seekers-told-to-skype-for-the-dole-networking-software-telco-isp.html"
"www.pro-techsoftware.com","3","/en/site/pro-techsoftware/career/for-students-graduates/"
"www.precashing.com","2","/job-utility-for-saas-implementation-business-analyst-chicago-at-e.html"
"www.a-cc.com","1","/Careers/Software-Developer"
"www.a2zjobzone.com","1","/2019/11/job-opening-for-software-engineerfull.html"
"jacksonvillejobsnow.com","40","/job/account-manager-technology-2/"
"www.bluespark.com","2","/blog/job-opening-front-end-developer"
"pathmonk.com","1","/jobs/java-developer/"
"latticetraining.com","1","/2020/01/30/job-opportunity-assistant-software-developer/"
"pixotech.com","3","/jobs/experienced-php-web-developer/"
"hrlancers.com","2","/job/2820/business-analytics-analyst-iv-human-resources-open-to-remote/"
"neticle.com","1","/company/en/career/midsenior-media-analyst"
"affordancestudio.com","1","/job-frontend-en/"
"jordan.ads4me.com","2","/jobs-offers/computers-internet-telecommunications"
"www.renewableenergyjobsuk.com","3","/jobs/9420339/senior-operations-analyst.asp"
"www.metocean.com","2","/about-us/careers/embedded-software-engineer-uk/"
"www.karirnas.com","1","/job/62/head-of-data-science"
"international-vistex.icims.com","2","/jobs/1509/associate-software-engineer/job"
"manda-te.com","3","/job-category/it-developer-programming/"
"www.talkreviews.com","1","/jobs.webdesigningcompanyindia.net"
"www.sqcp.com","3","/job-category/data-analytics/"
"jobs.starbreeze.com","6","/jobs/814045-senior-programmer"
"careers.abiomed.com","1","/job/Danvers-Sr-Clinical-Data-Manager-MA-01923/652080300/"
"vc4a.com","2","/jobs/front-end-developer/"
"www.intelligencecareers.com","1","/brynmawr/job-advanced-geospatial-intelligence-analyst-agia/"
"psacareers.singaporepsa.com","1","/cw/en/job/492560/systems-analyst"
"www.nanfung.com","1","/en/career/job-openings/system-analyst/"
"careers.infogrex.com","7","/job-listings-c-developer-chennai-infogrex-technologies-private-limited-chennai-4-to-7-years-090920002602"
"careers.merinoindia.com","1","/job-listings-ODI-AND-OBIEE-ETL-Design-Developer-Merino-Services-Ajmer-4-to-7-years-191119008561"
"workatoptumcare.com","5","/data/jobs/customer-services/883297-lhi-customer-service-representative-la-crosse-wi-or-telecommute-within-la-crosse-wi"
"uttar-pradesh.20govt.com","4","/jobs-for/computer-operator-vacancy/"
"optometryadmissions.com","1","/2015/06/16/career-symposium-at-mbku-career-planning-networking-food-and-fun/"
"www.tbkcreative.com","1","/careers/senior-front-end-developer/"
"environment-analyst.com","4","/global/jobs/105867/data-research-analyst"
"wandio.com","14","/en/career/angular-developer/"
"jobs.nationalgrid.com","2","/USA/job/Waltham-Salesforce-Developer%2C-Technical-Delivery-MA-02451-1120/675813900/"
"www.fxww.com","1","/careers-senior-technical-analyst-sydney-based/"
"xchenge.com","2","/category/job-search/computers-internet-telecommunications"
"www.xcubelabs.com","2","/careers/hiring-business-analyst-hyderabad/"
"trishagee.com","3","/presentations/career_advice_for_programmers/"
"www.digitalharbor.com","1","/career/senior-software-engineer/"
"www.seamgroup.com","2","/careers-electrical-field-analyst"
"jobs.landrumhr.com","4","/Jobs/JobSearchDetails/11671100/ComputerProgrammerSystemsAnalystII-Jobs-in-Milton-Florida"
"equalifieds.com","2","/category/jobs/information-technology"
"www.endtrace.com","1","/job-openings-for-pl-sql-developer/"
"www.jumptvs.com","2","/joboffers/data-engineer/"
"www.estra-automotive.com","1","/en/job/hvac-controller-electronics-and-software-engineer/"
"jobs.dormakaba.com","2","/job/Indianapolis-Product-Engineer-%28Software%29-IN-46250/614991801/"
"apiumtech.com","1","/blog/career-path-of-a-software-developer/"
"unspeak.submarinechannel.com","1","/network/jobs_have_been_lost"
"aapkiboli.com","7","/classes/computer-multimedia-classes/job-oriented-software-training-in-bangalore-databytes-co-in_i161195"
"allpaperjob.com","14","/job/computer-operator-2/"
"www.grand-pianist.com","1","/jobs-for-felons-in-information-technology-find-out-if-you-are-a-fit-for-these-felon-friendly-jobs.html"
"www.goosedigital.com","1","/careers/web-design-developer/"
"www.lexcapgroup.com","1","/careers/analyst"
"www.appdetex.com","2","/careers/brand-protection-analyst/"
"www.freenokrinews.com","1","/2012/03/jobs-in-technology-information.html"
"www.hosco.com","1","/en/job/marriott-international-hq/senior-manager-marketing-data-management-and-privacy-new-york-or-bethesda"
"hospitalityonline.com","1","/jobs/1507193-senior-it-program-director-engineer-resort-technology"
"www.sg-biz.com","2","/jobs-profession-salary-and-education-data.html"
"theeducator.com","10","/articles/career-advice/how-to-use-technology-for-lesson-planning/3871"
"www.chaitanyalella.com","19","/job-knowledge/basic-methods-for-opening-a-popup-window-using-javascript"
"flatironschool.com","21","/blog/career-series/the-hunt-analyst/"
"accruepartners.com","61","/jobs/accounting-analyst-34569/"
"ctms.contingenttalentmanagement.com","16","/nursenetwork/jobboard/v2.0/jobboard.cfm"
"www.univention.com","3","/about-us/careers/vacancies/full-stack-developer-python-javascript/"
"bangalore.universelisting.com","1","/Search/job-systems-network/"
"www.pharmaceutical-journal.com","2","/careers-and-jobs/careers-and-jobs/career-profile/my-role-is-a-mix-of-both-clinical-and-quality-improvement-initiatives-a-day-in-the-life-of-a-primary-care-network-pharmacist/20208349.article"
"ahrefs.com","11","/de/jobs/reasonml-developer"
"amerilife.com","1","/blog/career-agents/5-tips-overcoming-social-anxiety-networking/"
"www.viatecla.com","3","/careers/front-end-developer"
"www.appliedclinicaltrialsonline.com","1","/view/career-development-cold-calling-networking-and-more"
"washington.jobsin-usa.com","2","/jobs/IT%20Technology"
"jobsnippers.com","2","/category/job-by-industry/it-hardware-networking/"
"jobsxplore.com","1","/job-tag/java/"
"disbakterioz.com","1","/app/job-app-network-burger-king-583962.html"
"www.laurenbacon.com","1","/tag/career-advice-for-web-designers/"
"californiaprofessionalgroup.com","12","/careers/computer-support-specialist"
"mediatrust.com","2","/careers/jr-product-managerbusiness-analyst"
"usa.twentyrecruitment.com","223","/job/agency-mbs-quant-developer-financial-services-nyc/"
"www.40x50.com","4","/2010/06/job-search-networking-opportunities-all.html"
"www.hireminds.com","1","/jobs/analyst-advisory-services-17017/"
"www.hirerentforless.com","2","/category/job-search/computers-internet-telecommunications"
"absolutelabelservices.com","1","/job-vacancy-developer/"
"www.musingaboutmud.com","1","/2020/09/13/job-posting-digital-content-developer/"
"www.vimcal.com","1","/jobs/webflow-developer"
"jobs.supermicro.com","4","/job/%E2%80%99s-Hertogenbosch-Warehouse-Junior-Analyst/668835800/"
"www.blackthorntrace.com","2","/jobs/yorkshire-and-the-humber/permanent/cyber-threat-intelligence-analyst/883"
"blink22.com","2","/careers/front-end-developer"
"rubyplay.com","2","/careers/math-java-developer/"
"www.rootinfosol.com","2","/career/business-analyst"
"tealmedia.com","2","/careers/senior-front-end-developer/"
"hillsguide.com","1","/job-category/computers-accessories-and-services/"
"shikshaknaukri.com","1","/jobs-by-role/Computer-Teacher-Jobs"
"www.adeptisgroup.com","44","/job/bi-developer-slash-sql-developer/"
"careersteering.com","1","/job-hunting-networking/"
"www.franklinbaker.com","2","/careers/analyst-micro-and-analytical-laboratory/"
"goodwill.everyjobforme.com","1","/careers/career_type/computer-and-mathematical"
"www.sherlocktalent.com","18","/job-of-the-week-java-api-developer-coral-gables-florida/"
"www.flexidao.com","1","/career-front-end-developer/front-end-developer"
"www.jobdyn.com","158","/job-offer/Current-Job-Opening-Payroll-clerk-Data-Entry-_3211.html"
"www.sanjose.jobincostarica.com","1","/jobs/IT%20Technology"
"www.healthecareers.com","2","/job/gastroenterologist-allegheny-health-network/2005098"
"forum.kirupa.com","4","/t/job-flash-flex-developer-san-mateo-ca-75-120k/293597"
"careers.mrcooper.com","14","/jobs/5393644-sr-dot-credit-risk-analyst"
"universitycareers.kla-tencor.com","7","/jobs/4573830-system-engineering-slash-data-analytics-intern"
"assetfinanceinternational.com","9","/index.php/jobs/cbc/cbc-resourcing-solutions/19624-portfolio-risk-analyst-asset-finance-london"
"www.askcybersecurity.com","1","/job-posting-cybersecurity-engineer-national-incident-response-team-federal-reserve/"
"globegazette.com","1","/jobs/lost-your-job-due-to-covid-19-artificial-intelligence-could-be-your-best-friend-in/article_1b9dd575-c773-5707-a25b-8583dc95d823.html"
"news.yahoo.com","1","/jobs-data-scientists-once-sexiest-184141412.html"
"consult.career.emply.com","2","/job-not-found/bi-developer-data-engineer/da6ovy"
"www.truedentaldiscounts.com","1","/jobs/lakemary-php-developer.php"
"www.inforcontracting.com","1","/en/job-category/technology/"
"www.hactc.com","1","/programs/career-technology-exploration"
"careers.dazn.com","18","/jobs/job/15b12e00-software-engineer-qa-frontend/"
"www.ksmconsulting.com","1","/careers/open-positions/data-roles/"
"lscconnect.com","3","/jobs/job-details/cork/munster/computer-systems-validation-engineer/automation-csv-2/lsc-vac-18323/13566"
"www.srgeurope.com","181","/jobs/aml-analyst-gibraltar-2"
"www.qigroup.com","1","/careers/business-process-senior-analyst/"
"coreform.com","1","/company/careers/webdeveloper/"
"coregears.com","1","/job/senior-backend-php-developer/"
"www.corinex.com","2","/job/backend-java-developer/"
"www.webrocksplacements.com","3","/jobs-in-front-office-data-entry-fid.htm"
"www.scalanetwork.com","1","/scala-network-events/career-restart/"
"www.getthegloss.com","1","/career-news/digital-star-michelle-phan-and-endemol-launch-new-online-network-icon"
"careers.bankofamerica.com","3249","/en-us/job-detail/17022870/assistant-vice-president-vice-president-programmer-analyst-c-net-stl-multiple-locations"
"gofutureshr.com","1","/jobs/director-of-information-technology-new/"
"glassboxdigital.com","1","/careers/openings/co/israel/4E.71C/ios-developer/all/"
"www.glcnetworks.com","1","/jobs/computer-trainer-in-bandung/"
"joelscrivner.com","1","/category/achieving-success/job-networking/"
"www.jsfirm.com","9","/Administration/CASS+Analyst/Indianapolis-Indiana/jobID_601970"
"www.traceapps.com","1","/jobdatareport/"
"www.mindtitan.com","1","/careers/full-stack-developer/"
"sa.zobazo.com","5","/jobs/banking/ios-developer-arab-national-job-in-bahrain_i316"
"www.thematra.com","2","/jobs/devops-engineer-egypt-alexandria/"
"jobs.karomall.com","36","/job-view/0738cbd82ede2db1/fiscal-analyst-job-redwood-community-services-ukiah.html"
"investingthrill.com","1","/2020/05/28/jobs-data-shows-millions-went-back-to-work-but-unemployment-rate-for-may-is-still-expected-at-20/"
"kerishull.com","1","/careers-database-administrator/"
"hostingwebdesigns.com","1","/about-hosting-webdesigns/career/"
"ablscorp.catsone.com","7","/careers/9277-General/jobs/13470030-Business-Analyst-Principal/"
"recruitomics.catsone.com","1","/careers/40846-General/jobs/13665212-Associate-Data-Scientist/"
"www.dwsimpson.com","18","/jobs/actuarial-analyst-california-or-new-york-tri-state-area-48377-48377"
"privateindustrycouncil.com","17","/job-openings/data-operator-bchs-6-2019/"
"www.novutech.com","1","/careers/developer-netsuite-job-offer/"
"datanetusa.com","1","/about-datanet/careers"
"www.pyramidessays.com","2","/career-technology-education/"
"www.ed2go.com","2","/career/training-programs/web-applications-developer-course-online/"
"www.laxcoinc.com","1","/careers/android-software-engineer"
"www.reachaccountant.com","1","/erp-software-pos-software-blog/category/job-work-and-contractors/"
"aboutus.ft.com","1","/en-gb/careers/graduate-schemes-and-internships/software-engineering-apprentice-scheme/"
"paywelljobs.com","2","/job/micro-center-tustin-ca-92780-47-temporary-retail-computer-tech-a-certified-required-micro-center-tustin-ca-92780/"
"careers.deliveryhero.com","55","/global/en/job/JR0000361/-Senior-Data-Engineer-Logistics-f-m-d"
"www.alithya.com","2","/jobs-en/analyste-d%C3%A9veloppeur-moodle-php-mysql/montr%C3%A9al/11-09-2020_montrealen"
"www.jawltd.com","1","/jobs/experienced-programmer/"
"support.10xgenomics.com","3","/single-cell-gene-expression/software/pipelines/3.1/advanced/job-submission-mode"
"pumble.com","1","/career-java"
"www.futurefacilities.com","1","/careers/software-qa-engineer/"
"stormharvester.com","2","/careers/data-analytics-machine-learning-engineer/"
"www.shell.com","3","/careers/about-careers-at-shell/degree-matcher/information-technology.html"
"xycareers.com","2","/ghana/job/business-developer/"
"www.br-automation.com","5","/en-gb/career/employment-opportunities/javascript-developer-for-web-based-software-solutions-1516132306024/"
"www.frauscher.com","3","/en/company/career/jobs/Hardware-Developer_jd_1000"
"geniusbeauty.com","1","/job-career/tips-women-who-want-career-software-development/"
"www.ml2grow.com","2","/career/software-engineer/"
"nexcoregroup.com","1","/about-us/careers/senior-acquisitions-analyst"
"www.drapersjobs.com","18","/job/assistant-product-developer-womens-jersey-0"
"careers-sallybeauty.icims.com","1","/jobs/7028/digital-optimization-analyst/job"
"www.arresteddevops.com","1","/career-devops/"
"app.joinhandshake.com","21","/job_role_groups/business-analysts-and-management-consultants-36"
"sg.syspro.com","1","/business-software/manufacturing-types/job-shop-manufacturing/"
"ahs.referrals.selectminds.com","1","/jobs/quality-analyst-ndash%3B-clinical-analytics-orlando-256215"
"squadex.com","4","/careers/big-data-engineer/"
"career.proemion.com","1","/us/jobs/it-software-development/89662-embedded-software-developer-m-f-d-remote-possible.html"
"www.redviking.com","1","/careers/Software-Test-Engineer_AE145.html"
"www.sinojobs.com","4","/en/career-job-application/knowledge-networks.html"
"coloredcow.com","3","/career/laravel-developer/"
"www.campaignmonitor.com","3","/company/careers/nashville-or-us-remote/marketing-team/marketing-technology-and-operations-manager/2301458/"
"careers.carboncloud.com","1","/jobs/935115-developer-with-devops-experience"
"www.gandgtech.com","1","/software-development-company/careers-at-gandg/"
"careers.booking.com","29","/job/BOOKUS2236021EXTERNAL/Senior-Data-Engineer-Enterprise-Data-Management"
"about.proquest.com","1","/documents/Career-Technical-Education-Database-LibGuide.html"
"www.workcircle.com","2","/jobs/data-entry"
"ai.works-hub.com","2","/jobs/senior-data-automation-engineer-896"
"javascript.works-hub.com","20","/jobs/applied-cryptographer-slash-backend-engineer-df3"
"www.coolingpost.com","1","/uk-news/refcom-offers-free-gas-tracking-software/attachment/joblogic-home/"
"eaglevisionpro.com","2","/job-of-pafiastpak-austria-fachhochschule-institute-of-applied-sciences-and-technology-paf-iast-jobs-2020-in-pakistan-latest-job-2020/"
"tecinfosys.com","3","/jobs/database-administrator/"
"tblocks.com","5","/job/outsystems-developer/"
"jobs.embeddedrelated.com","15","/job/0BB7pWG0/engineering-applications-software-engineer-ii"
"www.staffbay.com","4","/job/air-asbestos-analyst-derbyshire-swadlincote/4508/"
"www.palmsens.com","2","/about-us/jobs/palmsens-bv-vacancy-for-embedded-developer-8-19-3/"
"www.udyogam.com","17","/job/3DUk2-4PPc/python-developer"
"www.rexx-systems.com","2","/job-fair-software.php"
"jobs.fatsharkgames.com","7","/jobs/209693-senior-gameplay-programmer/reminds/new"
"www.warnermediacareers.com","12","/job/atlanta/data-editor-cnn-health/1174/17111395"
"www.inrosoftware.com","3","/en/about-inro/careers/software-developer-graphics"
"www.estimatingedge.com","4","/careers/software-engineer/"
"careers.quuppa.com","3","/jobs/detail/cloud-developer-finland-17"
"www.revelationmd.com","1","/our-company/careers/software-engineer-associate.aspx"
"spunkydigital.com","1","/job/web-graphic-designer/"
"www.travelping.com","1","/jobs/web-developer-m-f-d/"
"www.topjobcambodia.com","5","/job-ios-app-developer-8279.html"
"business.watertownny.com","1","/jobs/info/information-technology-it-specialist-5116"
"careers.scopetnm.com","2","/job-listings-software-developer-pune-mumbai-scope-t-m-private-limited-pune-mumbai-4-to-8-years-100820000606"
"www.caseware.com","21","/alessa/careers/product-support-analyst/"
"www.allpeers.com","1","/career-in-big-data/"
"www.jmaxjob.com","1","/states/jobs-in-west-java/"
"www.lexitas.com","1","/job/clinical-data-lead/"
"www.makingchips.com","1","/careers/senior-web-designer"
"chhito.com","3","/jobs/computer-web-design-graphic-design"
"masterofcode.com","8","/careers-cherkasy/senior-front-end-developer"
"www.giveagradago.com","20","/jobs/junior-analyst/3427"
"www.themunchonline.com","27","/jobs/view.php/74727845/Computer-Science"
"www.internetlava.com","3","/company/careers/entry-level-sql-data-integrity-analyst-houston/"
"daudiomusicgroup.com","1","/jobs/freelance-wordpress-developer/"
"www.windjobsuk.com","5","/jobs/8993751/consultancy-analyst.asp"
"careers.recruitingsocial.com","20","/careers/22997-Job-Seekers/jobs/12218022-Senior-Data-Warehouse-Engineer"
"www.red-gate.com","2","/simple-talk/opinion/career/quality-driven-software-development/"
"www.silverdaletech.com","2","/jobs/apply/odoo-developer-pakistan-office-2"
"www.business-forsale.com","23","/cgi-bin/jobs/classifieds-db-california-CA-buy-Computer-Related-commercial-business--sale-DORRIS.htm"
"www.inhersight.com","29","/blog/data-research/job-hunt-look-3-things-company-reviews"
"www.aditiconsulting.com","9","/job-search/business-analyst-jobs/"
"www.contens.com","2","/more/jobs/full-stack-web-developer"
"www.skillsalliance.com","4","/job/data-manager/"
"newitsmydownload.com","2","/jobs-profession-salary-and-schooling-data.html"
"www.vneconomictimes.com","1","/article/society/jobstreet-technology-changing-recruitment-methods"
"larion.com","10","/careers/all-open-jobs/business-analyst/"
"yuwajob.com","4","/jobs/magento-developer/"
"www.appleone.com","1","/CareerSearch/JobDetail/NET-Developer-1451403"
"www.jobsinkrakow.com","1","/jobs/IT%20Technology"
"www.jobsmadereal.com","18","/jobs/broadcast-news-analysts.html"
"ivytechsol.com","1","/jobs/software-engineer/"
"spacewell.com","1","/company/career/france/business-developer-france/"
"www.quorecapital.com","2","/careers/analyst/"
"www.advancedrecruitingsolutions.com","2","/jobs/linux-kernel-systems-programmer-santa-monica/"
"www.soscuisine.com","1","/careers/web-developer/"
"at-event.com","1","/careers/ios-developer/"
"www.veriipro.com","3","/blog/career-advice/information-technology-career-in-georgia-usa/"
"hilleberg.com","1","/eng/jobs/web-developer/"
"app.beapplied.com","1","/job-boards/board/l3X2A3M1/public-affairs-networking"
"career.bench.com","2","/en-US/job/programmer-analyst-ii/J3N8GT6LNY2SYBB2VFX"
"cyso.com","1","/en/about/jobs/back-end-developer/"
"www.shikshacentre.com","3","/jobs/2583/professor-in-bengaluru-sri-krishna-institute-of-technology/"
"shivalikbank.com","1","/career/project-manager-information-technology/"
"art-of-stepping.talentlyft.com","1","/jobs/data-entry-clerk-jew"
"www.addwayjobs.com","2","/jobs-in-front-office-data-entry-fid.htm"
"secure.careerlink.com","30","/explore/career/1110-network-systems/"
"breezechms.freshteam.com","1","/jobs/V55HHIhh9x8v/full-stack-developer"
"pathcore.freshteam.com","1","/jobs/2wY6e_aPR24_/software-sales-executive"
"sheleadsafrica-talent.freshteam.com","2","/jobs/jTeAIKMLwwpg/sales-analyst"
"adbizindia.com","2","/jobs/other-jobs/hiring-for-a-data-entry_i7317"
"overit.com","1","/careers/web-developer"
"www.crowe.com","3","/careers-blog/learning-matters-now-at-crowes-performance-consulting-and-applied-technology-training-blitz"
"www.curvedental.com","2","/careers-devops"
"www.sapinsideronline.com","3","/job/research-analyst/"
"www.finning.com","1","/en_IE/your-data/job-applicant-privacy-notice.html"
"heritagebylegacy.com","5","/careers/backend-engineer/"
"career.citynetworkhosting.com","2","/jobs/226133-senior-network-engineer"
"www.artneedlepoint.com","2","/job-board/finance-analyst"
"www.aspnix.com","1","/company/careers/careers-at-aspnix-web-developer/"
"www.batimes.com","1","/articles/career-choices-for-a-business-analyst-what-options-does-a-ba-have.html"
"www.sika.com","2","/en/career/your-career-at-sika/digital-technology-at-sika.html"
"ponicjobs.com","2","/job/data-scientist/"
"www.beijingguidebook.com","1","/jobable-launches-human-capital-analytics-giving-hr-and-job-seekers-a-greater-competitive-edge-through-data-visualization/"
"truehelpers.com","5","/job_details/35/software-engineer-internet-of-things"
"jobs.rrdailyherald.com","20","/Jobs/biotechnology-jobs-in-roanoke-rapids-nc"
"laadapts.com","2","/job-tag/data-entry/"
"www.evona.com","7","/jobs/embedded-software-engineer-32983"
"turckvilant.com","1","/career/software-developer-embedded-systems-c/"
"www.trio-consulting.com","1","/employment/jobs/engineering-technical/science-and-technology/"
"jobs.bluegreenvacations.com","5","/en-US/job/business-spend-analyst/J3P5LH6QWD3GSRZ1P6W"
"business.hollyareachamber.com","1","/list/member/jobes-technology-solutions-42.htm"
"www.clipartfreebee.com","1","/clip-art-gallery-with-gratis-images/career-clipart-images-download-for-free/software-engineer-clipart-image-career-clipart-images-191.html"
"career.studentsreview.com","1","/career/CA/California_Institute_of_Technology.html"
"community.safe.com","2","/s/question/0D54Q000080hcsR/job-result-data-numfeaturesoutput-0"
"www.starlitsoftware.com","11","/staffing/jobs/business-analyst/"
"www.lifetrekcoaching.com","2","/career-pathway-132-network-to-success/"
"xprexity.com","1","/job/digital-marketing/i-will-promote-mlm-network-marketing-drive-new-prospect-traffic/"
"tracevt.com","2","/careers/junior-developer-intern/"
"www.mindstick.com","2","/DeveloperSection/Job"
"momentumrs.com","247","/careers/employment-oppurtunities/job/aml-kyc-screening-analyst/"
"nfcucareers.ttcportals.com","7","/jobs/4954686-isd-service-manager-i-command-center-network-operations"
"uwrfvoice.com","1","/2008/career_fair_to_provide_networking_opportunities_for_students/"
"www.scottsdalelegaljobs.com","2","/jobs/pa-information-technology-jt-attorney-jobs.html"
"careers.karpagam.com","2","/job-listings-Chief-Executive-Officer-Technology-Business-Incubator-Karpagam-Academy-of-Higher-Education-Coimbatore-5-to-10-years-301219007000"
"mysolutionsteam.com","1","/company/careers/support-desk-analyst/"
"ebsgroup.catsone.com","1","/careers/53409-EmployBridge-Search-Group/jobs/13706153-CNC-ProgrammerOperator/"
"msag.catsone.com","39","/careers/61442-General/jobs/10062488-Computer-System-Analyst/"
"www.timesjobs.com","1715","/job-detail/1-position-mvc-software-developer-sankalp-technologies-mumbai-1-3yrs-jobid-gYbmcOVuO9FzpSvf__PLUS__uAgZw=="
"www.fivebox.com","3","/careers/senior-software-engineer/"
"www.goodfoodjobs.com","1","/jobs/134250/customer-service-analyst.html"
"www.fibre2fashion.com","7","/jobs/chief-manager-it-it-programmer-kochi-india-139224.htm"
"www.donyati.com","2","/job/database-architect/"
"www.fairhousingwisconsin.com","2","/post/job-announcement-intake-analyst"
"life.summitpartners.com","1","/careers/2020-associate-venture-capital-technology-investment-team/"
"www.dreamjobcentral.com","1","/jobs/31351623/Retirement_Service_Center_Analyst_University-Indeed.com.htm"
"www.dunnhumby.com","2","/careers/alumni-network/"
"businessxtras.com","1","/video/career-prospects-b-tech-pharmaceutical-technology-biomedical-biotechnology-mba-tamilnadu-6186316"
"my.wobbjobs.com","56","/jobs/jobs-malaysia-axceligent-solutions-job-senior-fullstack-developer-dotnet-core-angular-0"
"www.perxtech.com","4","/careers/senior-software-qa-engineer/"
"featuredemployers.oklahoman.com","4","/company/moore-norman-technology-center-65562/job/adjunct-fiber-optic-instructor-in-oklahoma-city-ok-pgbi2dbgbl3wses0x1iezjpanhfak9/"
"phinneywood.com","1","/2010/08/27/job-search-computer-classes-at-greenwood-library/"
"careers.dynproindia.com","23","/job-listings-Core-Java-Developer-with-Microservices-and-Springbott-For-an-MNC-Dynpro-India-Pvt-Ltd-Bengaluru-Bangalore-4-to-7-years-070220003532"
"www.xing.com","2","/companies/aps-technologygmbh/jobs"
"careers.boozallen.com","173","/careers/datascience"
"cssm.etimg.com","1","/jobs/techies-team-up-to-program-geekier-nation-spread-network/articleshow/70853647.cms"
"www.ycombinator.com","1","/jobs/l/software-engineer"
"www.naxex-tech.com","1","/careers/data-analist"
"www.gea.com","1","/en/careers/why-gea/work-with-future-technology/index.jsp"
"remojobs.com","43","/jobs/130-remote-python-developer-at-sunscrapers"
"www.bestimagingsolutions.com","1","/job-site-technology/"
"jobs.bestjobsusa.com","1","/Jobs/technology"
"jobs.nexteraenergy.com","67","/job/Florida-City-Principal-Budget-Analyst-FL-33035/628144900/"
"powersettlements.com","3","/job-description-full-stack-web-application-developer"
"www.gbcijobs.com","12","/jobs/5407479-mortgage-loan-servicing-analyst"
"www.icm-it.com","1","/about-us/careers-in-computer-software/"
"careers.ducommun.com","7","/en-US/job/operations-business-analyst/J3P6235YL270KVGPTYN"
"penielagency.com","3","/job/data-capturer-6/"
"cto911.com","1","/jobs/full-stack-developer-worlds-best/"
"www.synergemrecruitment.com","1","/job/fpa-analyst/"
"www.believermusic.com","1","/SG/EN/Careers/17/Applications-Programmer"
"itchyfeetoffshore.com","2","/jobs/16976-service-desk-analyst/"
"www.ihireradiology.com","2","/careeradvice/pages/5-essential-traits-for-a-successful-career-change-into-radiologic-technology"
"www.sdcclinical.com","1","/careers/data-management-careers/"
"naiop.selectleaders.com","1","/about/job-network/"
"eygbl.referrals.selectminds.com","19","/experienced-opportunities/jobs/associate-actuarial-quants-and-data-science-134977"
"acowebs.com","3","/careers/front-end-developer/"
"www.vgsystems.com","1","/careers/sr-sharepoint-developer/"
"intelligentbee.com","2","/job/python-developer"
"jobs.intelligentemployment.com","1","/job/senior-software-developer,-photovoltaic-and-energy-storage-inverters-240.aspx"
"www.networknext.com","1","/careers-gamenetworkingsoftwareengin"
"tampa-fl.geebo.com","1","/jobs-online/list/type/23-information-technology-it-/"
"awplife.com","1","/career-as-a-web-developer/"
"blog.denimsocial.com","1","/careers/senior-software-engineer"
"www.medata.com","8","/jobs/bill-review-analyst/"
"medcerts.com","1","/jobs/network-support-technician-programs-courses"
"ajobhk.com","2","/job/it-business-analyst-junior-business-analyst-welcome-fresh-graduate/"
"jobs.techwhirl.com","2","/jobs/content-developer-nclex-chicago-il/"
"www.rarksolutions.com","51","/job/2nd-line-it-support-analyst-3/"
"careers.voyado.com","4","/jobs/168370-frontend-developer-product-development-voyado-saas-archived-oct-2019"
"www.rockstepsolutions.com","3","/company/careers/director-of-software-engineering/"
"www.trivenidigital.com","1","/company/careers/senior_software_engineer.php"
"www.bottleshockmovie.com","1","/job-recruiting-software-can-support-you-go-through-the-complex-jargon/"
"updivision.com","8","/careers/backend-web-developer-php-with-laravel"
"www.quicken.com","2","/about-us/careers/data-analyst"
"www.waterloo-software.com","1","/job-shop-scheduling-software/"
"www.delawaredynamics.com","2","/jobs/cam-operator-programmer/"
"www.cv140.com","1","/2009/03/jobsinhubscom-network-european-job.html"
"www.skjconsultancygroup.com","1","/jobs-in-front-office-data-entry-fid.htm"
"careers.corpowerocean.com","2","/jobs/934992-product-owner-group-lead-software"
"careers.questdiagnostics.com","39","/en-US/job/clinical-development-data-manager/J3Q4H65ZMXHH44839JB"
"www.vxsoft.com","1","/en/job/web_developer"
"www.inmusicbrands.com","3","/careers/jobs/graduate-software-quality-assurance-tester"
"www.capitalonecareers.com","12","/job/mclean/director-data-science-model-risk/1732/16931788"
"www.prospa.com","10","/about-us/careers/frontend-engineer"
"matchsource.com","2","/job/3d-software-engineer/"
"www.irmagazine.com","3","/careers/bd-names-top-analyst-newly-created-ir-role"
"hospitality-on.com","1","/en/jobs/choice-hotels-international/pricing-strategy-analyst-fm"
"www.wilmerhale.com","1","/en/careers/lawyers/job-openings/technology-specialist"
"careers.vidanthealth.com","3","/Careers/Job-Listings/Data_Support_Phlebotomist-Temporary_945854"
"www.recruit-legal.com","6","/job/associate-corporate-counsel----gt-4-pqe---technology---beijing--china"
"www.airsquirrels.com","3","/jobs/mac-developer"
"allaboutcareerssite.com","1","/2012/04/04/job-seekers-the-importance-of-a-networking-card/"
"adips.com","1","/job/software-developer/"
"poststatus.com","8","/job/awesome-motive-remote-1896-wordpress-woocommerce-developer/"
"www.docbyte.com","1","/about-us/jobs/business-developer-nl"
"crimsonecl.com","19","/job/1181/universit%C3%A9-de-gen%C3%A8ve-summer-programme-r-programming-for-data-science/"
"vibco.com","3","/about/careers-at-vibco/careers-and-job-openings-at-vibco/2016/02/24/cnc-machinist-programmer"
"appleindustries.com","1","/careers/software-engineer-product-applications-position/"
"apply-box.com","2","/unimix-pk/jobs/react-js-native-fronthand-developer"
"newburghgroup.com","1","/job-listings/senior-tax-analyst"
"careers.irwinmitchell.com","2","/jobs/vacancy/information-security-analyst-1208-manchester/1223/description/"
"www.isd-world.com","2","/jobs/index.php/newest-jobs/category-biotechnology-8"
"www.kansascityattorneyjobs.com","8","/jobs/pa-ip-technology-transactions-jt-attorney-l-Fort-Smith-AR-jobs.html"
"medianthealthcare.com","13","/jobs/amisys-data-model-sme-consultant/"
"unitedcrowd.com","2","/jobs/blockchain-developer-m-f/"
"thecarousel.com","2","/living/careers/10-simple-ways-how-firms-can-support-their-women-in-networking/"
"careers.creadits.com","2","/careers/engineering/55.61F/senior-backend-engineer-vietnam/all/"
"www.attorneyjobssandiego.com","2","/jobs/pa-information-technology-jt-attorney-jobs.html"
"search4tec.com","3","/jobs/quant-portfolio-manager-systematic-strategies-python-r-matlab/"
"sohojobs.com","1","/jobs/security-operations-analyst-i-remote/"
"www.swisslinx.com","38","/job/application-specialist-sql-and-client-data-in-various-jid-2035"
"uwash.biocareers.com","1","/category/job-search/networking/"
"www.hotjobsalert.com","3","/job/sr-network-engineer-currently-remote-must-live-in-the-sf-bay-area/"
"myca.com","1","/careers/backend-developer/"
"www.diitedu.com","5","/job-oriented-course/advance-diploma-in-information-technology"
"www.realstaffing.com","28","/en-gb/job/computer-systems-validation-specialist/RE-33548884/"
"careers.reasonstudios.com","2","/jobs/909926-fullstack-developer/reminds/new"
"jobs.exxonmobil.com","11","/ExxonMobil/job/Bengaluru-IAM-Developer-KA/675641300/"
"www.rmcep.com","3","/career-and-college-readiness/career-pathway-informational-graphics-to-post-or-print/technology/p/item/8110/in-demand-technology-careers-computer-network-support-specialist-vs-computer-programmers"
"www.bostonscientific.com","3","/en-EU/careers/explore-careers/information-technology.html"
"jobs.nityo.com","1","/job-listings-Opening-For-sharepoint-developer-Kharadi-Pune-Immediate-Joiners-Nityo-Infotech-Services-Pvt-Ltd-Pune-3-to-8-years-300919008740"
"www.velocityschedulingsystem.com","1","/blog/job-shop-scheduling-software/"
"syftapp.com","1","/careers/product-analyst/"
"resources.careerbuilder.com","6","/careerbuilder/case-study-how-humana-transformed-its-hiring-strategy-with-data-2"
"careersincpr.com","5","/job/information-technology-supervisor/"
"careerstint.com","1","/career-advice-networking-tips-for-new-graduates"
"mail.cathnews.com","1","/home/jobs-list/38948-network-principal-marlene-moore-flexible-schools-network-brisbane-qld"
"www.orthocarolina.com","1","/careers/meet-miranda-mcginnis-senior-financial-analyst-and-internal-auditor"
"aiealumni.com","2","/job-tag/java/"
"epinium.com","1","/blog/job/senior-web-designer-team-lead/"
"www.masonblake.com","17","/job-tag/analyst/"
"www.redolive.com","1","/jobs/web-designer/"
"www.jobcreatorsnetwork.com","53","/job-creators-network-hosts-governors-roundtable-with-labor-secretary/"
"newyorkstate.jobhat.com","2","/careers/career_type/computer-and-mathematical"
"jobmote.com","7","/job/5159646/developer/"
"transtechit.com","6","/jobs/business-analyst-ii/"
"stats-site.com","1","/careernetwork.msu.edu/"
"www.chicagolandactivities.com","1","/forum/job-board/behavioral-analyst-i"
"www.chicagotribune.com","1","/business/careers/top-workplaces/ct-biz-top-workplaces-2017-midsize-impact-networking-20170925-story.html"
"aceup.com","2","/careers/frontend-developer/"
"www.xerox.com","1","/en-sc/jobs/employee-profiles/information-technology"
"www.itsws.com","1","/search/job-career-website-design-company-in-gorakhpur.html"
"devnsys.com","2","/jobs/apply/react-js-angular-6-developer-7"
"www.telensa.com","2","/careers/graduate-software-test-engineer/"
"www.blossomtripsjobs.com","3","/job-openings-for-cnc-milling-machine-programmer-dubai-695917.htm"
"rachelappel.com","1","/2018/04/03/career-advice-for-novice-software-developers-it-pros-and-tech-workers/"
"careers.nrgenergy.com","9","/job/Buffalo-Business-Operations-Finance-Analyst-NY-14201/631390800/"
"egamea.com","2","/careers/147-junior-c-programmer"
"www.eideticom.com","2","/company/careers/42-software-developer.html"
"careercenter.ifda.com","6","/jobs/12490082/scientific-data-curator-1"
"www.ifu.com","1","/en/career/softwaredeveloper-dot-net/"
"tressolutions.com","1","/careers/senior-software-engineer/"
"www.nulifemedical.com","1","/compression-stockings/brand/jobst/opaque-w-softfit-technology/"
"jobs.oxfordsummercourses.com","2","/jobs/262211-content-seo-analyst"
"www.yslingshot.com","1","/careers/senior_developer/"
"careers.floridablue.com","27","/us/en/job/20550/Principal-IT-Developer-Java-Python-Remote"
"www.fernao.com","8","/en/about-us/careers/engineering/azure-developer-m-f-d-271/"
"www.ultimateasset.com","10","/job/b2b-marketing-manager-saas-technology-platform"
"selfhelpenterprises.ninjagig.com","2","/jobs/administrative-analyst-community-development/"
"core-exec.com","8","/jobs/devops-expert-hamilton/"
"www.exaptive.com","3","/jobs/full-stack-developer"
"spotifyjobs.com","16","/job-category/data-and-analytics/"
"jobs.glassceiling.com","140","/jobs/2021-full-time-program-junior-investment-analyst-new-york-ny-10001-119095253-d"
"careers.leonardodrs.com","6","/job/Dulles-Information-Technology-Operations-Support-Multiple-Opportunities-Available-VA-20166/655250000/"
"www.wynnjobs.com","2","/en-US/job/analyst-cyber-security-intel/J3M1TX6MSH4V9DC4CV4"
"www.tinalaceyrecruitment.com","1","/job/consultant-technical-trainer-data-lead/"
"uwtelecom.com","1","/job/web-developer/"
"jobs.dsv.com","3","/job/Jet-Park-Senior-Sales-Analyst%2C-Business-Implementation-GT/604362301/"
"www.wiredsussex.com","138","/jobs/all/data-analysis/"
"careers.helm360.com","1","/job-listings-Sr-Software-Engineer-Helm-Analytics-Pvt-Ltd-Noida-2-to-7-years-051219004252"
"careers-echn.hctsportals.com","1","/search/eastern-connecticut-health-network/jobs"
"invidgroup.com","1","/careers/software-tester/"
"www.charlotteworks.com","1","/mycareer/career-maps/information-technology/"
"jobs.ltts.com","4","/job/Bangalore-Senior-Software-engineer-Karn/572127910/"
"lucidcircus.com","2","/careers/magento-developer/"
"cbsinfosys.catsone.com","8","/careers/4147-Central-Business-Solutions-Inc/jobs/13657565-Sr-ETL-Developer-Informatica-PowerCenter"
"redolentech.catsone.com","162","/careers/5101-General/jobs/12411107-Sr-DevOps-Engineer"
"webchuckweb.com","1","/articles/job-post-web-developer"
"todaytechhelp.com","1","/career-news-update-for-computer-engineering-graduates-during-coronavirus/"
"pristinetechschool.com","1","/tag/career-as-web-designer/"
"inside.gameduell.com","2","/jobs/big-data/"
"datasciencedojo.com","11","/about/careers/azure-data-scientist-associate/"
"blog.datasciencedojo.com","1","/tag/careers-in-data-science/"
"www.domedia.com","1","/content/about/jobjavadeveloper.jsp"
"erply.com","5","/company/careers/devops-engineer-tallinn/"
"codeastrology.com","2","/job/frontend-developer/"
"codecamp-n.com","6","/jobs/04java-developer.html"
"pyramidint.com","4","/careers/database-administrator/"
"careercenter.asct.com","14","/jobs/13058027/clinical-research-data-specialist"
