"careers.glanbia.com","6","/job/Aurora-Business-Support-Analyst-IL-60504/575686801/"
"panachedigitalgames.com","4","/en/jobs/br-generalist-programmer"
"www.naproperties.com","1","/careers/senior-treasury-analyst/"
"www.elektra-solar.com","1","/career/software-engineer"
"localeyesite.com","1","/jobs/query:Bassett%20Healthcare%20Network"
"kw.indeed.com","1","/cmp/General-Dynamics-Information-Technology/jobs"
"jobs.naturesbountyco.com","7","/en-US/job/analyst-category-development/J3R793763S2QS62FSYC"
"www.elderresearch.com","2","/company/careers/data-visualization-engineer"
"www.circularedge.com","9","/careers/cognos-bi-developer"
"amwater.com","1","/corp/careers/who-we-are/hot-jobs-in-technology-innovation"
"samplebusinessresume.com","2","/job-application-form-mcdonalds/gamestop-job-application-form-application-for-employment-personal-data/"
"www.triangleaeplanroom.com","1","/jobs/460/details/western-technology-center"
"i4recruitment.com","8","/job/c-software-engineer-2/"
"colevalley.com","1","/careers-at-cole-valley-software"
"jobs.yannix.com","6","/job-positions/backend-developer"
"www.klick.com","1","/health/careers/working-at-klick/from-medical-editor-to-web-developer-klick-starting-my-career/"
"pyrocms.com","1","/forum/channels/jobs/pyrocms-php-developer"
"archive.siasat.com","1","/news/job-openings-cisco-software-engineer-test-posts-1378525/"
"remoteml.com","6","/job/122/data-science-interview-coach/"
"www.xogito.com","4","/jobs/database-engineer-ref-207-03/"
"xtpl.com","3","/about-us/career/c-c-embedded-software-engineer/"
"thebreakfastclubnj.com","1","/job-search/networking/"
"www.thecariangroup.com","11","/job/business-reporting-analyst/"
"www.trymystery.com","1","/jobs/full-stack-software-engineer"
"careers.keylane.com","7","/jobs/detail/3CB36222F0/database-administrator-dba/"
"tec-canada.com","1","/careers/marketing-analyst/"
"careers.itw.com","50","/en-US/job/business-intelligence-developer/J3N6ZL69J3C9M4GKHL9"
"www.yoursports.com","3","/jobs/Data-Science"
"www.youthmirror.com","2","/career-mantra/become-a-website-designer-and-give-your-career-a-new-direction/"
"knowledgehubmedia.com","1","/tag/jobs-network/"
"www.proximus.com","1","/jobs/data.html"
"www.antideo.com","1","/job/api-developer/"
"www.halodesigners.com","3","/jobs/senior-ux-analyst"
"www.openpr.com","1","/news/1985707/job-shop-management-software-market-2020-future-developments"
"stanford.referrals.selectminds.com","1","/jobs/senior-financial-analyst-4449"
"careers-atlantichealth.icims.com","2","/jobs/36166/data-engineer--automation/job"
"careers-nciinc.icims.com","2","/jobs/4331/network-engineer/job"
"www.manh.com","8","/about-us/careers/university-recruiting/software-analyst"
"www.borngroup.com","39","/career/aem-senior-developer/"
"nemetos.com","2","/en/Careers/dotNET-Developer"
"www.nerdwallet.com","1","/careers/data"
"lecomhealth.com","1","/job/clinical-informatics-analyst/"
"jobs.ncci.com","5","/job/boca-raton/actuarial-analyst/13018/14715400"
"onpay.com","1","/jobs-and-careers/implementation-analyst"
"medicare-asia.com","1","/about-us/join-us/job-opportunity/software-developer/"
"www.thundertech.com","2","/careers/kentico-cms-developer-(1)"
"ebrandpromotion.com","1","/job-titles-in-the-web-design-industry/"
"infographicjournal.com","2","/career-trends-in-artificial-intelligence/"
"k-one.com","1","/index.php/career/cloud-software"
"www.manticoregames.com","2","/careers/position/backend-engineer-all-levels-4390796002"
"strategynewmedia.com","4","/careers/net-developer-c-vb-net/"
"www.streamingmediaglobal.com","3","/Jobs/BBC-Senior-Software-Engineer---CDN_296.htm"
"www.northdakotajobnetwork.com","2","/job/detail/40842729/Supply-Management-Analysts"
"jobs.northernnecknews.com","2","/Jobs/technology-jobs-in-warsaw-va"
"www.fhoke.com","1","/careers/wordpress-developer/"
"childnetcareers.recruiting.com","1","/data-specialist/job/12090571"
"www.valentinmagro.com","1","/careers/budget-analyst/"
"d3tltd.com","3","/job/graphics-programmer/"
"ejobsforum.com","1","/job/javascript-developer/"
"armadainfotech.com","1","/job-category/software-engineer/"
"careerfoundry.com","1","/en/blog/career-change/unemployed-in-germany-well-get-you-a-job-in-web-design-development/"
"argodata.com","2","/careers/career-opportunities-in-banking-healthcare-technology/"
"www.arkansasbusiness.com","9","/jobs/detail/11047/labor-relations-analyst-ii-part-time-equal-employment-opportunity-eeo-investigator-city-of-little-rock"
"infermedica.com","2","/careers/full-stack-developer"
"www.karvyanalytics.com","1","/careers/python-developer.aspx"
"www.progress.com","15","/company/careers/developer-support-engineer---asp-net-mvc-core-oAvdafwc"
"www.datapine.com","1","/jobs/data-visualization-intern"
"www.nextphaserecruitment.com","38","/job/100119835166529/senior-data-scientist-t-cell-therapies-1/"
"www.voestalpine.com","2","/wiretechnology/en/company/jobs-and-career/vacancies/"
"themcintyregroup.com","1","/job-industry-information-technology/"
"www.newpakjobs.com","1","/2019/11/jobs-in-national-database-registration.html"
"www.computerfutures.com","16","/en-gb/job/front-end-developer/CF-33413328_1585143769"
"newyork.computerjobs.com","1","/us/en/Listings/Recruiters/Request-Technology---Kyle-Honn/Jobs/"
"www.flatworldsolutions.com","4","/careers/java-developer-lead.php"
"www.flexingit.com","1","/project/career-growth-soft-skills-development-platform-for-millennials/information-technology/63935d/"
"jobs.courierpress.com","3","/job/168789624/credit-analyst-job-in-evansville-in"
"www.solvera-lynx.com","1","/en/job/java-developer/"
"www.gdatasoftware.com","1","/about-g-data/jobs"
"pakskills.com","1","/jobs-oppertunities-for-university-college-of-engineering-technology-sargodha.html"
"www.oceantech.com","1","/jobs/software-engineer/"
"domosfs.com","1","/careers/full-stack-developer/"
"lollybook.com","2","/JobMan/DATABASE_ENGINEER/933"
"www.blackdiamondnet.com","3","/jobs/clinical-data-developer-programmer-medidata-rave-225654-2555"
"www.ms3-inc.com","9","/careers/api-software-engineer/"
"jobs.pridestafffinancial.com","10","/job/346639/Claims-Analyst-Medical-Biller-Stockton-CA"
"www.worldwide-rs.com","1","/job/materials-data-steward-jobid-j20898"
"www.uaejobline.com","3","/job/18274/sharepoint-developer-job-in-dubai/"
"www.uaieee.com","1","/2014/11/career-content-and-networking-todays.html"
"www.bekaert.com","1","/en/jobs/data-privacy-statement"
"www.learninga-z.com","2","/site/company/careers/senior-software-engineer-00002881"
"www.softwareresources.com","10","/jobs/angular-developer-3/"
"facultyhunt.com","1","/job-tag/developer/"
"intezer.com","4","/jobs/c-software-engineer/"
"www.cylindo.com","2","/career/senior-front-end-developer/"
"jmjphillip.com","1","/jobs/2020/03/26/database-administrator-job-opening-salt-lake-city-utah/"
"www.canterburymuseum.com","1","/about-us/careers/datanew-list-page/"
"www.legalcareersite.com","7","/job/p-application-developer-l-north-palm-beach-fl-jobs.html"
"cavok.oliverwyman.com","2","/careers/aircraft-records-analyst.html"
"www.caliper.com","3","/jobs/analyst-intern.htm"
"www.endeavorcareers.com","2","/centers/events/ahmedabad/career-awareness-seminar-gandhinagar-institute-technology/"
"www.peoplesuite.com","1","/jobs/sr-analyst-associate-asset-manager-cre-debt/"
"www.kering.com","16","/en/talent/job-offers/africa/sales-analyst-middle-east"
"huntersavage.com","2","/job/c-developer-3/"
"news.indianservers.com","1","/job-opening-for-software-developer-net-feb-2020/"
"economictimes.indiatimes.com","6","/jobs/97000-posts-in-analytics-and-data-vacant-in-2019-claims-report/articleshow/73394097.cms"
"www.webspiders.com","5","/career/job-opening/creative-design/front-end-developer"
"www.atrecruitit.com","2","/job-category/infrastructure-networking/"
"www.addefend.com","3","/en/about/careers/fullstack-developer-mf/"
"metahorizon.com","4","/job/application-support-analyst/"
"workforceoutsource.alldayhr.com","1","/jobs/category/information-technology"
"jobs.yoopies.com","2","/jobs/internship-international-business-developer-sweden_paris"
"hub.appirio.com","2","/careers-culture-blog/from-computer-scientist-to-consultant"
"www.appivo.com","2","/careers/java-developer/"
"hinenicommunications.wordpress.com","2","/job/job-database/"
"www.fircroft.com","207","/job/1/service-desk-analyst-jobid-rms0000322"
"www.aistechnolabs.com","8","/job/business-analyst/"
"www.skilldosti.com","1","/job/graphic-designer-surat-Natrix-Software-Pvt-Ltd-1years-3years-full-time/5d22ba0518a9a500177d33f9"
"www.workana.com","40","/en/job/accord-website-design"
"www.joblyjobs.com","1","/job/software-engineer-entertainment-in-wallham-massachusetts/"
"jobsindevonport.com","1","/job-seeker-database-registration/"
"www.jobsinmalmo.com","1","/jobs/IT%20Technology"
"www.jobsohiovalley.com","2","/Jobs/technology"
"www.groomandplay.com","1","/careers/back-end-developer"
"www.valtix.com","2","/about/careers/controller-backend-engineer/"
"careers.sirma.com","15","/jobs/.net-developer-in-russe-c3.html"
"generatecapital.com","2","/career-opportunitites/fpa-sr-analyst/"
"careers.konicaminoltaus.com","18","/job/Columbus-ECM-Sr_-Business-Analyst-OH-43085/632607700/"
"www.kutakrock.com","3","/careers/denver-financial-analyst-030320"
"www.joinbcbsri.com","7","/jobs/Business_Solutions_Analyst/Providence_Rhode_Island/100/212804/"
"joinhomebase.com","2","/careers/data-analyst/"
"www.onlinedegree.com","16","/career/computers/"
"www.zencotechnical.com","24","/jobs/data-centres/bim-technician-kilkenny/"
"landbell-group.com","2","/jobs/software-architect/"
"linkus.catsone.com","2","/careers/87-General/jobs/10366834-Net-Developer"
"www.egyptyello.com","2","/jobs/developer"
"jobcareer.chimpgroup.com","3","/jobs/application-developer-for-android/"
"atlas5d.com","4","/careers-computer-vision-scientist/"
"www.lockheedmartinjobs.com","24","/job-location/herndon/cyber-data-analytics-specialist/694/14031937/167594"
"fpa.com","1","/careers/investment-analyst"
"doingmoretoday.com","1","/career-connections-regions-women-in-finance-offers-networking-development-opportunities/"
"problogger.com","21","/jobs/company/green-bar-data-llc/"
"www.dailymathproblem.com","1","/2014/07/career-touchdown-data.html"
"jobs.iheart.com","14","/job/associate-software-engineer-ios-2102844/"
"instarea.com","2","/jobs/c-developer/"
"www.caaconnect.com","1","/post/career-spotlight-cybersecurity"
"www.useblanco.com","2","/careers/frontend-king-or-queen"
"houstonjobsnow.com","7","/job/account-manager-technology-5/"
"sv.bookmate.com","1","/about/jobs/frontend-new"
"sites.google.com","3","/royalselangor.com/careersroyalselangor/vacancies/information-technology"
"enspiredev.com","1","/job/wordpress-developer/"
"www.include.com","1","/about/careers/senior-web-developer"
"blogs.nature.com","1","/blog/tag/jobs-in-data/"
"900010.com","1","/careers/our-business-areas-and-teams/technology-operations-and-services"
"www.marconet.com","1","/careers/open-positions/network-engineering"
"www.masscec.com","1","/work-clean-energy/jobs/business-systems-analyst"
"carrlyons.com","1","/jobs/jobs-like-corporate-credit-analyst-london/sv-206_1/"
"dedeleads.com","439","/job/1406-consulting-looking-for-hubspot-or-wordpress-website-developer-atlanta-ga-or-remote/"
"www.pushtech.com","2","/jobs/offer-developer-ruby-rails-intership"
"www.sideqik.com","1","/careers-qa-analyst"
"feedsnitt.com","1","/category/careers/jobs/software-jobs/"
"twentyoverten.com","1","/careers/front-end-designer-developer"
"sensibo.com","2","/pages/careers-backend-developer"
"jobs.sensorsmag.com","1","/job/energy-analyst-ii-portland-or-brightworks-sustainability-llc-e896055ce4/"
"jobs.wegmans.com","2","/job/rochester/senior-software-quality-engineer/1839/15421818"
"www.itranslate.com","3","/jobs/android-developer"
"amex.jibeapply.com","1","/jobs/categories/Technology"
"www.synergysuite.com","4","/job/junior-backend-developer/"
"www.themsrgroup.com","1","/about/careers/web-developer-programmer-system-administrator/"
"www.vbrigroup.com","2","/job-details/html-ui-developer"
"fuzzycubesoftware.com","1","/jobs/lead-programmer-magic/"
"antigro.com","3","/career/devops-engineer/"
"www.anunciosnow.com","11","/jobs/cleaning-jobs/analyst-manufacturing-operations-job-in-greenwich_i16167"
"www.langhamhall.com","2","/careers/analyst-depositary"
"bvknowledgenetwork.com","4","/job/cybersecurity-and-physical-security-professional/"
"altavistasolutions.com","2","/careers/job-opportunities/risk-analyst-sacramento/"
"careers-shrm.icims.com","1","/jobs/1441/analyst%2C-certification-research/job"
"nonprovider-unitedhealthcenters.icims.com","1","/jobs/1508/financial-analyst-%28entry-level-controller%29/job"
"www.ximplehr.com","2","/en/job/402/.net-developer"
"www.manpower.com","71","/ManpowerUSA/career-resources/job-search-advice/how-to-network-webinar"
"www.danielwatrous.com","1","/jobs/software-developer-interview/"
"jobs.delekus.com","4","/job/Brentwood-Billing-Analyst-TN-37027/614458500/"
"www.ghanajob.com","3","/job-vacancies-ghana/cased-hole-data-analyst-60121"
"eurotrol.com","1","/en/careers/full-stack-developer/"
"quantiacs.com","1","/Jobs-opening/Software-Engineer.aspx"
"www.dengun.com","5","/en/jobs/back-end-developer/"
"www.featuredcustomers.com","1","/software/job-board-platforms"
"careers.hirecounsel.com","1","/job/HICOUS3115/Litigation-Support-Analyst"
"riskfirst.com","3","/job-posting/cloud-engineer-azure-devops/"
"kantaloup.com","1","/en/career/wordpress-developer/"
"www.41tougou.com","1","/careers/devops-engineer/"
"himachal-pradesh.20govt.com","4","/jobs-for/diploma-degree-vacancy/bachelor-in-technology/"
"telangana.20govt.com","2","/jobs-for/computer-operator-vacancy/"
"www.essentialskillz.com","3","/careers/devops-engineer"
"4pharma.com","1","/job-opening-for-biostatisticians-and-clinical-data-managers/"
"www.workwithglee.com","31","/job/business-analyst-8/"
"jobs.oodle.com","3","/business_analyst/careers/"
"eponymouspickle.blogspot.com","1","/2015/02/jobs-susceptible-to-computerization.html"
"www.weareninetwenty.com","1","/job/senior-net-developer-6492.aspx"
"wearerounded.com","1","/careers/web-developer/"
"enter.ecco.com","2","/en/job-search-v2/egc-business-analyst"
"eclassifiedjaipur.com","3","/q/jobs/computer-dtp-operators-"
"infoguidenigeria.com","2","/jobs/category/business-analyst-jobs/"
"www.myob.com","3","/au/enterprise/software-systems/exo-erp/job-project-costing"
"resumeplacement.com","1","/jobs/web-developer/"
"www.cognitivesystems.com","2","/careers/app-developer"
"steadfastcollective.com","1","/careers/web-developer/"
"www.digitalpulp.com","9","/careers/adobe-experience-manager-front-end-developer"
"fieldstack.com","1","/job-description-fieldstack-software-developer/"
"sketch.com","2","/jobs/full-stack-developer-internal-tools/"
"www.tfpl.com","5","/job/information-officer-client-data/"
"www.supplystack.com","2","/jobs/lead-functional-analyst"
"www.mssi-inc.com","6","/career/principal-analyst-m-19-12/"
"vfx-montreal.com","13","/job/core-software-engineers/"
"www.conectys.com","1","/jobs/quality-analysts/"
"nordwandgroup.com","20","/en/job-detail/c-developer.html"
"www.spotifyjobs.com","5","/job-category/data-and-analytics/"
"www.kater.com","6","/jobs/senior-android-developer"
"careers.traveltek.com","1","/job/full-stack-developer-99.aspx"
"nexuslinkservices.com","7","/job/ios-developer/"
"www.christy-media.com","16","/job/broadcast-software-developer/"
"chicagolegalsearch.com","4","/jobs/practice_area/bs-computer-engineering"
"themitchellsagency.com","1","/careers/digital-marketing-strategist-analyst/"
"jobs.news-herald.com","1","/company/recruitology-77952/job/quality-assurance-software-engineer-in-indianapolis-in-okof4mzd2dr0fya17z1l15oy96qxdf/"
"www.compperformancegroup.com","2","/jobs/information-technology-associate/"
"www.bostwicklaboratories.com","1","/Company/Careers/Job-Areas/Information-Technology.aspx"
"lit-transit.com","1","/careers-mobility-technology-solutions/"
"www.healthlynked.com","3","/job/full-stack-php-developer/"
"www.countryside-jobs.com","3","/job/apr20/bird-ringing-camp-volunteers-wild-areas-network-1003-2"
"secondchancejobsforfelons.com","2","/jobs-for-felons/companies-that-hire-felons/314/showtime-networks"
"www.eonhealth.com","3","/careers/eon-data-analyst/"
"maithilee.com","1","/careersnetworking/"
"apaxsoftware.com","3","/careers/SoftwareAccountManager"
"www.sandata.com","1","/sandata/careers/"
"taramillsromance.com","1","/jobs-for-felons-in-information-technology-find-out-if-you-are-a-fit-for-these-felon-friendly-jobs/"
"www.srrecruitersjobs.com","3","/jobs-in-dba-database-management-fid.htm"
"careers.frankagi.com","6","/careers/80299-AGI/jobs/12756919-CommodityMarket-Analyst"
"careers.mypos.com","6","/jobs/android-application-developer/"
"dealinnow.com","12","/category/job/analyst-jobs"
"www.longbridge.com","7","/job/finance-analyst/"
"longevityconsulting.com","1","/job-position/multimedia-developer-designer/"
"www.umbel.com","2","/blog/jobs/movin-data-driven-approach-productivity/"
"tzonlinenotes.com","1","/2020/02/28/job-opportunity-at-plan-international-data-entry-clerk/"
"www.plumslice.com","1","/job/senior-database-developer"
"bethesdamagazine.com","50","/jobs/carpenter/%7B%7B%20data.editLink%20%7D%7D&image-editor"
"www.ranchwork.com","1","/job/position-wanted-data-entry-of-cattle-registrations/"
"www.actumdigital.com","4","/en/careers/etl-developer"
"www.cynopsis.com","2","/jobs/lead-frontend-engineer/"
"www.csscorp.com","22","/job-category/network-services/"
"www.careers.jnj.com","9","/careers/5-award-winning-innovations-from-our-2019-data-science-showcase"
"www.esgsolutions.com","1","/careers/innovation-and-technology-group/system-administrator-level-3-itsysadl3"
"www.osnews.com","1","/story/20424/jobs-on-cheap-computers-netbooks/"
"jobs.astoncarter.com","21","/en-GB/JobDetails/Summary/Business%20Analyst%20within%20Financial%20Crime%20Compliance-Z%C3%BCrich-950077/"
"capsulecrm.com","2","/jobs/position/javascript_developer/"
"widsley.com","3","/career/web-designer/dsc_9458/"
"www.trackercorp.com","1","/about/job-posting-technical-support-analyst-2/"
"www.competentia.com","4","/job/25782/Senior-IT-Desktop-Analyst/"
"www.jumar-recruitment.com","2","/jobs/c-software-developer/"
"governmentjobsalerts.com","1","/job-mseb-computer-section-31271.html"
"www.gradtouch.com","6","/job/ey/ey-technology-risk-graduate-programme"
"careers.gruma.com","1","/job/Norwalk-Category-Sales-Analyst-CA-90650/588820201/"
"www.translateplus.com","2","/careers/data-entry-terminologist/"
"www.trisotech.com","2","/jobs/java-developer"
"www.bookerzzz.com","4","/join-us/jobs/data-engineer/"
"www.cybercoders.com","156","/jobs/100-remote-full-stack-javascript-developer-jobs/"
"careers.silverbayseafoods.com","1","/job/SBSEUS1884/PHP-Programmer"
"www.atr-aircraft.com","2","/careers/vacancies/1603-en-architect-3dx-bigdata-it/is-specialist-f/m-.html"
"adchieve.com","3","/job/front-end-developer/"
"marketingninjas.com","1","/about/careers/graphic-web-designer/"
"bluemantis.com","1","/jobs/php-full-stack-developer"
"jobs.ldnews.com","2","/jobs/technology-jobs-in-lebanon-pa"
"energyexemplar.com","1","/careers/cloud-developers/"
"www.wordstream.com","4","/jobs/ajax-ria-developer"
"www.workopolis.com","19","/jobsearch/brockport-home-systems%28home-technology%29-jobs/etobicoke-on"
"jobcambodia.com","12","/job/application-developer-6299.html"
"jobibex.com","1","/job/j2ee-developers/"
"www.jobsincopenhagen.com","1","/jobs/IT%20Technology"
"fritzhansen.com","1","/en-US/about%20us/Career/JuniorProductDeveloperLightyears2018"
"rjrinnovations.com","1","/company/careers/it-service-management-support-analyst/"
"thedomainfo.com","1","/jobs/jobs_affiliate_networks/"
"www.reecenichols.com","1","/pages/careers/mid-america-referral-network"
"careerleap.edistaffbuilders.com","4","/edicareers/JobDetail/Analyst-Analytical-Development/10764"
"shenvalleyveganteacher.com","2","/2019/12/04/careers-in-computer-science/"
"www.humorthatworks.com","1","/database/job-descriptions-easy-and-hard-versions/"
"openprosllc.catsone.com","4","/careers/2907-General/jobs/13093939-Junior-Software-Developer"
"www.caribbeanopus.com","8","/job/actuarial-analyst-2745"
"jobs.caymanenterprisecity.com","1","/job/temporary-software-development-role/"
"tricon-pmservices.com","2","/tricon-solutions/careers/edmonton-work-general-request-for-project-managers-and-business-analysts/"
"www.medpace.com","1","/about/careers/nurses/clinical-data-reviewer/"
"meegaan.com","1","/careers_archive/full-stack-developer/"
"idtechproducts.com","2","/company/careers/software-engineer/"
"www.aecconnect.com","1","/en/job/employer/listing/php-css-developer/"
"www.brck.com","5","/careers/data-engineer/"
"www.2koangola.com","2","/online/Career-Basic-Computer-Skills.html"
"www.eureka-time.com","2","/wp/agence-digitale/job-front-end-developer-intern-digital-agency/"
"pointwest.phoenixats.com","2","/job/c-net-developer/makati/1265"
"www.channelinsider.com","18","/c/a/Careers/Hottest-Technology-Freelance-Skills-The-10-Tech-Skills-in-Highest-Demand-551850"
"awsusergrouppoland.thetechmap.com","1","/Jobs/Details/6951-ios-developer"
"www.expesicor.com","1","/jobs/internship-junior-developer-14-17-hr-remote/"
"jobs.talent.dynamics.com","1","/jobs/fadata.eu/3"
"dynamicsignal.com","1","/career/senior-mobile-developer-belfast/"
"www.naaree.com","1","/job-search-networking-list-warm-contacts/"
"exoape.com","1","/jobs/full-stack-developer/"
"bookingpal.com","6","/job/associate-software-product-manager/"
"jobs.mobilemini.com","4","/job/Phoenix-Collections-Analyst-I-AZ-85001/640722700/"
"blog.soliant.com","2","/careers-in-healthcare/nursing-pay-by-state/attachment/nurse-working-with-technology-in-operating-room/"
"lovebookonline.com","1","/career-details/9/Front-End-Web-Developer/"
"www.recplanroom.com","1","/jobs/464/details/hammondsport-2019-2020-cop-classroom-technology"
"bjitgroup.com","8","/job-details/54/magento-developer"
"www.mcanvas.com","1","/careers/2019/software-engineer-database-mcanvas.php"
"careers.netconnectglobal.com","5","/job-listings-Data-Center-Engineer-Net-Connect-Pvt-Ltd-Bengaluru-Bangalore-Kolar-0-to-2-years-190220005063"
"jobseeker.takeajob.com","6","/job/android-developer-in-isol-systems-pvt-ltd-exp-1-5-years-1449574503"
"hashedin.com","3","/jobs/devops-engineer/"
"hassonassociates.com","5","/jobs/data-science-dev-ops-lead-python-expert/"
"careers.pvh.com","38","/calvinklein/global/en/job/R16653/Retail-Analyst-III-CK-Men's-Underwear-Group-CALVIN-KLEIN"
"qatarlivingjobs.com","3","/job/network-engineer/"
"isourcecorp.com","3","/jobs/2012/dec/Resume-Writer-CV-Writer-Expert-or-analyst-Work-from-home-assignment-based-opening-job-description.html"
"remotebliss.com","1","/job/senior-software-engineer-projects/"
"www.agilerecruit.com","6","/job/data-integration-developer-consultancy"
"www.totalcareersuccess.com","1","/careerfasttrack/tag/technology/"
"www.hostdime.com","1","/jobs/positions/network-analyst-i/referral/apply"
"creativeconsultingindy.com","2","/2020/03/07/job-networking-fails/"
"jobs.bunge.com","8","/job/Chesterfield-Benefits-Analyst-MO-63017/553232701/"
"source.bevov.com","2","/Bevov/jobs/Sr-Statistical-Programmer---Full-Time/118/17427130"
"ultimateai.teamtailor.com","1","/jobs/812143-backend-engineer/reminds/new"
"1password.com","3","/jobs/marketing-web-designer/"
"odoo.gimasys.com","1","/jobs/apply/business-analyst-salesforce-109"
"syscall7.com","1","/jobs/reverse-engineer-and-software-developer/"
"jobs.nydailynews.com","2","/company/kipp-foundation-196586/job/data-solutions-analyst-in-new-york-ny-dlh4xl33kiplet8i9su99xlm3mpgqh/"
"www.eurobrussels.com","19","/job_display/160947/Planning_and_Quality_Assurance_Officer_COST_European_Cooperation_in_Science_and_Technology_Brussels_Belgium"
"www.madeiraislandnews.com","1","/2020/02/job-vacancy-with-connecting-software.html"
"randthompson.com","3","/job-postings/equity-research-associate-biotechnology/"
"jobs.cashstore.com","14","/en-US/job/bi-developer-iii/J3T5RC6Y1Q2JL6DZG19"
"www.catalystcareers.com","6","/job/c-plus-plus-software-engineer-home-based/"
"vcwnorthern.com","1","/training_provider/career-technology-center/"
"www.cos.youth4work.com","29","/Acumen-Technologies-Pvt-Ltd/jobs/141420-mobile-android-or-ios-developer-in-chennai"
"www.baeldung.com","2","/job/java-engineer-with-spring-security-experience-remote-part-time/"
"www.prinzhorn-holding.com","2","/careers/job-vacancies/detail-view-jobs-holding/news/data-analyst-mf/"
"www.dynamic-structures.com","1","/careers/labview-developer-engineering-specialist"
"careers-excella.icims.com","6","/jobs/1595/senior-javascript-developer/job"
"careers-fidelitylife.icims.com","1","/jobs/2004/digital-marketing-analyst/job"
"careers-jax.icims.com","2","/jobs/27626/bioinformatics-analyst-iii/job"
"careers-patternenergy.icims.com","2","/jobs/1527/senior-treasury-analyst/job"
"jobs-karsun-llc.icims.com","1","/jobs/2273/devops-engineer/job"
"dcshq.com","6","/job/epic-cadence-it-analyst/"
"www.develiot.com","1","/career/embedded-software-developer"
"www.doubledotmedia.com","6","/jobs/delphi-programmer"
"www.qualiware.com","1","/about-qualiware/career/experienced-web-developer-denmark"
"en.motaword.com","4","/careers/react-native-software-engineer"
"www.hongkong.focuscoregroup.com","15","/jobs/analyst-programmer"
"careers.socalnewsgroup.com","3","/company/dig-map-204754/job/data-engineer-in-irvine-ca-fvgy9evogn8u3wiz5ospx2qiatze3d/"
"www.byteant.com","6","/careers/business-analyst/"
"visualsoldiers.com","1","/careers/ui-designer-and-developer/"
"www.infoglobaldata.com","2","/job-title/computers-peripherals-and-software-executives-list.html"
"multidev.com","2","/jobs/business-analyst-2019-10-16.htm"
"www.gislounge.com","5","/job-description-gis-analyst-local-government/"
"streamhpc.com","4","/job/devops-engineer/"
"devgenii.com","2","/careers/backend"
"www.northstarnm.com","1","/careers/quality-control-analyst-2/"
"www.fev-consulting.com","3","/career/profiles/business-analyst.html"
"jobs.rwe.com","7","/RWE/job/Essen%2C-Swindon-and-London-RWEST-Trading-IT-Developer-Graduate-Programme-45141/583747401/"
"lexisolution.com","1","/jobs/data-operations-manager/"
"www.doculayer.com","1","/careers/quality-analyst"
"www.recruitmentgate.com","2","/jobs/business-research-strategy-analyst-connect-rail-services-limited/"
"vacuumlabs.com","1","/jobs/software-engineer"
"www.veteransinacademia.com","1","/jobdetail-192230-Radiologic%20Technology%20Instructor%20-%20Adjunct"
"www.armadasolutionsinc.com","6","/job/application-developer/"
"appliedtechonomics.com","1","/contact/careers-2/experienced-professionals/openings/analyst/"
"armyengineer.com","3","/job/embedded-software-engineer/"
"in.springboard.com","1","/blog/career-transition-from-data-analyst-to-data-scientist/"
"canopybiosciences.com","1","/careers/web-designer-developer-st-louis/"
"www.glocomms.com","65","/job/backend-engineer"
"www.arizonajobmarket.com","1","/job/detail/41055637/Senior-Fraud-Analyst-I"
"www.indusface.com","2","/about/careers/118-current-openings/515-associate-information-security-analyst/"
"careers.keurigdrpepper.com","30","/en-US/job/benefits-administration-analyst/J3M65M65X0DC48GJ5B7"
"www.traveljobsearch.com","4","/job/data-application-analyst-business-travel-2/11085792"
"www.ubiwhere.com","1","/en/careers/blockchain-developer"
"jobs.progress-talent.com","7","/job/32173/bi-developer/merseyside"
"www.progressive.com","2","/careers/our-teams/data-and-analytics/"
"www.projectorpsa.com","1","/careers/web-ui-developer"
"www.wallstreetandtech.com","3","/careers/should-i-hire-a-data-scientist/a/d-id/1297161d41d.html"
"www.tugagency.com","1","/agency/careers/london/junior-data-engineer/"
"www.nhphoenix.com","2","/career-training/consumer-programs/network-career-training-program"
"goatimeline.com","1","/jobs/web-developer/8-hiring-post-website/"
"brignemont.com","1","/jobs-for-felons-in-information-technology-find-out-if-you-are-a-fit-for-these-felon-friendly-jobs/"
"careers.flippa.com","1","/jobs/software-engineer-cnO"
"blog.adext.com","1","/jobs-lost-artificial-intelligence/"
"www.macdonaldandcompany.com","5","/job/analyst-in-hong-kong-jid-20215"
"www.skyglobal.com","2","/careers/mobile-developer/"
"aparg.com","4","/careers/front-end-developer/"
"www.srltsl.com","1","/careers/business-developer-2/"
"www.mwanmobile.com","2","/jobs/blockchain-developer-2-5-years-of-experience/"
"hitekdata.com","1","/who-we-are/careers/software-developer/"
"www.avidcareerist.com","3","/2010/06/02/career-networking/"
"careers.sitoo.com","4","/jobs/211395-android-developer"
"careers.slamcore.com","2","/jobs/202436-senior-c-software-engineer"
"www.perkinscoie.com","1","/en/about-us/careers/professional-staff/job-listings/technology-service-analyst-job-s20191202-washington-dc.html"
"www.logific.com","1","/290/careers-senior-business-analyst-at04/"
"www.birminghamattorneyjobs.com","2","/jobs/pa-information-technology-jt-attorney-jobs.html"
"www.mercuryminds.com","3","/jobs/php-application-developer/"
"www.softwaretestinghelp.com","4","/career-as-a-business-analyst/"
"homeguide.com","1","/jobs/computer-repair-jobs"
"www.clever-age.com","4","/en/jobs/java-developer/"
"artonezero.com","1","/jobs/full-stack-developer/"
"nimbella.com","1","/jobs/platform-software-engineer-2019-07-03/"
"www.eranyc.com","1","/jobs/data-analytics/"
"vksapp.com","2","/careers/client-solution-developer"
"www.jungledisk.com","1","/blog/2019/09/26/career-q-a-with-devops/"
"dthinboards.com","8","/jobs-101/12-companies-that-hire-for-remote-web-design-and-development-jobs/"
"www.groupead.com","1","/news/job-opening-european-ais-database-aim-analyst-groupead-operator-madrid-spain/"
"pureseo.com","3","/careers/seo-software-engineer"
"careers.scrs.com","2","/jobs/13404204/instructor-automotive-technology-tenure-track"
"www.indianwesterlies.com","2","/2018/04/jobless-growth-india-employment-data-okuns-law-GDP-growth.html"
"www.statlistics.com","1","/mailing-lists/Jobson-Optical-Female-Optometrists-Database.html"
"www.lendingsciencedm.com","1","/jobs/jobs_data_analyst/"
"talosautomation.com","29","/jobs/840d-programmer-2/"
"tradermeetscoder.com","1","/job-ads-data-from-australia-for-in-january-come-in-stronger/"
"embiontech.com","1","/jobdescription-juniorbusinessdeveloper/"
"environicsresearch.com","1","/careers/environics-research-seeking-junior-presentation-data-designer-join-team/"
"www.envisiontechnology.com","1","/careers/senior-web-developer/"
"www.zionandzion.com","11","/careers/front-end-web-developer/"
"chamber.livevermillion.com","1","/jobs/info/information-technology-service-desk-representative-23"
"www.aasaanjobs.com","805","/job/access-vba-developer-c42e95-in-techunity-software-systems/74a7eb57-8788-42c9-80e4-53b2d3c2b375/"
"anmoltechnomart.com","1","/Software-Development/Careers.aspx"
"jobs.webindia123.com","1","/app/jobvacancy/software-developer/12530/"
"www.wappla.com","2","/jobs/backend-engineer"
"www.engsfinance.com","1","/job/information-systems-business-analyst/"
"www.skimtechnologies.com","1","/our-company/careers-in-data-science/"
"www.jobboardfinder.com","10","/jobboard-computerjobs-ireland"
"www.jobinabudhabi.com","1","/jobs/IT%20Technology"
"www.jobnetafrica.com","3","/jobs/kenya/agriculture/technical-out-grower-network-supervisor-in-kenya/599"
"www.jobsparkplacement.com","5","/jobs-in-computers-it-fid.htm"
"omotohu.web.fc2.com","1","/forex-bfs/job-opportunities-for-diploma-holders-in-computer-engineering-30-siliveq.html"
"valintrycrm.com","4","/job/jr-salesforce-developer-winter-park-fl/"
"www.gentoogroup.com","1","/for-customers/news/2017/july/job-vacancy-trainee-policy-business-analyst/"
"www.investorsgroup.com","1","/en/careers/network"
"www.newhorizons.com","1","/east-tennessee/career-training/student-programs/computer-support"
"norconsulting.catsone.com","20","/careers/8685-General/jobs/10896799-SAP-ABAP-Developer-Forms-Developer-fm-Inhouse-%E2%80%93-Stuttgart-No-German-required"
"www.pipelineequity.com","5","/company/careers/job-postings/data-science-developer-natural-language/"
"www.bizcyclone.com","1","/job/1383389/marketing-business-analyst-officers"
"mavatar.com","2","/company/careers/front-end-web-developer/"
"www.medtouch.com","2","/careers/lead-net-developer"
"success.planview.com","1","/Planview_Enterprise/Resource_Center/Job_Aids/Job_Aid%3A_Review_Monthly_Timesheet_Summary_Data"
"advisoryapps.com","1","/job/unreal-engine-developer/"
"jobs.advocateanddemocrat.com","2","/jobs/technology"
"mbbsguide.wordpress.com","4","/tag/career-consultant-for-engineering-in-bhagwan-parshuram-institute-of-technology/"
"currencylive.com","1","/news/topic/jobs-data/"
"www.custobar.com","2","/jobs/devops/"
"www.basf.com","1","/be/en/careers/graduates1/teasers/chemical-engineering-process-technology.html"
"meetaprogrammer.com","1","/job-programmer-delta-bc-1"
"arcticlake.com","1","/careers/back-end-developer/"
"www.pacestaffing.com","1","/category/job-seeker-resource-library/info-for-it-and-technology-professionals/"
"ravenind.com","2","/careers/careers-at-dot-technology-corp"
"www.zillowgroup.com","1","/careers/equity-belonging/data-transparency/"
"www.codota.com","4","/code/java/methods/org.apache.flink.runtime.messages.JobClientMessages$SubmitJobAndWait/jobGraph"
"satchiholdingsplc.signrequest.com","1","/en/jobs/full-stack-developer"
"www.54solutions.com","1","/jobs/junior-web-developer/"
"bainbridgehealth.com","2","/careers/clinical-data-analyst/"
"checklyhq.com","2","/jobs/frontend-developer/"
"pointonerecruiting.com","7","/jobs/cnc-programmer"
"www.vannpr.com","1","/careers--website-designer.html"
"www.eezifind.com","1","/job/global-infotech-ptv-ltd-londan-9-developer/"
"www.mortgagebrokerlaredotexas.com","1","/2019/09/27/jobs-data-positive-for-all-housing-stocks-except-reits/"
"www.dectrader.com","1","/job-cntr-srvr-tier-1-software-e-ltu.html"
"m.alibris.com","1","/Career-Development-in-Bioengineering-and-Biotechnology/book/38721087"
"careers.alight.com","5","/job/ALIGUSR6522/FIN-Sr-Analyst-Analysis-Acctng"
"fortypluspeople.com","2","/job/pr-account-director-forward-thinking-b2b-technology-public-relations-agency-buckingham/"
"gamedevjs.com","1","/jobs/experienced-html5-game-programmer-at-jolly-bear-games/"
"www.weinigasia.com","1","/en/data/shotcut-navigation/careers.html"
"www.fuchs.com","1","/pl/en/career/jobs-at-fuchs/vacancies/sap-consultant-developer-sdedi/"
"www.awwwards.com","1","/jobs/junior-javascript-developer-redfern.html"
"careers.cplsglobal.com","1","/job-listings-General-Manager-Packaging-Development-Technology-Corporate-Placement-and-Liaisoning-Services-Pune-17-to-25-years-130819009644"
"cv.eurobrussels.com","8","/job_display/176973/Head_of_Science_Operations_COST_European_Cooperation_in_Science_and_Technology_Brussels_Belgium"
"www.thenetmg.com","201","/category/job-network/"
"www.badcreditloancenter.com","1","/job-cuts-data-shows-improvement/"
"careers.hallmark.com","25","/Dayspring/job/Siloam-Springs-Web-Developer-AR-72761/627030300/"
"itarvato.com","12","/jobs/angular-developer/"
"careers-emtecinc.icims.com","8","/jobs/5121/technology-director/job"
"www.tiobe.com","1","/company/careers/software_developer/"
"www.firstsavingsmortgage.com","1","/jobopenings/disclosure-analyst/"
"www.dcjobs.com","31","/job/detail/35827423/SAP-Cloud-Applications-Studio-Developer"
"www.developer.com","2","/mgmt/article.php/3905751/Career-Limitations-of-a-Self-Taught-Developer.htm"
"www.allperfectstories.com","1","/job-in-big-data/"
"newengineer.com","1","/job/german-technical-support-analyst-1447105"
"wcpsmd.com","1","/career-technology-education"
"dekoholding.com","1","/2018/06/22/job-vacancy-experts-engineers-specialized-in-open-technology/"
"mailtrot.com","1","/index.php/job/senior-web-designer-team-lead/"
"www.pixelworks.com","1","/en/job-opportunities/20200311-software-qa-engineer"
"pkglobal.com","2","/careers/computer-overhead/"
"zubbah.com","1","/classified/job-seekers/technology-cvs/"
"www.dimakhconsultants.com","3","/careers/creative-web-designer/"
"www.smeazy.com","1","/career-growth/why-software-testing-is-tough-job-ways-to-make-it-easy/"
"www.theclassroom.com","1","/career-networks-institute-433013-college-data.html"
"www.redbottomshoeslouboutinstoreonline.com","1","/jobs-career-wage-and-training-data/"
"www.educationbell.com","1","/career-option-in-data-entry-processing/"
"globis-software.com","2","/about-us/careers/functional-developer/"
"www.labvalspec.com","1","/careers/computer-systems-validation-csv-engineer"
"corra.com","2","/careers/new-jersey-2/senior-frontend-developer-2/"
"jackandbean.com","1","/careers/remote-front-end-web-developer-phoenix-job/"
"secure.careerarc.com","3","/job-search/analyst-jobs.html"
"www.continuityprograms.com","1","/careers/software-developer-ii/"
