"www.honolulujobboard.com","1","/jobs/agile-business-analyst-senior/"
"www.b2bwv.com","2","/job-openings/cam-programmer-cnc-programmer1"
"careers.avaya.com","28","/job/Budapest-Software-Architect/567410301/"
"www.apsense.com","1","/page/job-scheduling-software"
"www.potentialproject.com","1","/jobs/wordpress-developer-with-lms-experience-potential-project-international/"
"www.viventis-search.com","1","/career-technology/"
"www.ageas.com","1","/careers/junior-financial-analyst"
"tuffclassified.com","3","/job-opening-for-software-developer-at-chennai_36605"
"www.dimins.com","1","/blog/2019/05/15/job-prospects-class-2019-data-skill/"
"www.woodrowmercer.com","68","/jobs/analyst-1"
"crweworld.com","5","/usa/ca/alameda/localnews/career/1110431/download-free-aws-certified-devops-engineer-professional-sample-questions"
"www.rtw.com","1","/en/company/jobs/jobdetails/article/software-engineer-malefemale.html"
"www.pageonewebsolutions.com","1","/careers/junior-web-developer/"
"jobs.oup.com","2","/uk/jobs/vacancy/marketing-reporting-analyst-1431/1449/description/"
"www.showingtime.com","1","/careers/devops-engineer/"
"shreyastech.com","4","/web/job/hiring-for-mainframe-system-programmer-in-multiple-locations/"
"segmentstream.com","2","/careers/senior-software-engineer"
"www.screenskills.com","19","/careers/how-to-network-well/"
"jobs.vaco.com","30","/en-US/job/100k-net-angular-react-microservices-developer-nashville/J3S89666FT8NP7XVP3L"
"www.pdxpipeline.com","2","/jobs/data-analyst-3-multnomah-county-circuit-courtsoregon-judicial-department-full-time-portland/"
"logisys911.com","1","/careers-software-tester/"
"applebrie.com","2","/careers-front-end-vue-js-developer-financial-charting-experience/"
"green-quarter-accountants-bookkeeping.com","1","/job-costing-accounting-pluses-minuses-formulas-software.html"
"moblab.com","2","/about/jobs/data-scientist"
"www.awsforbusiness.com","6","/job/aws-data-architect-135k-minneapolis-minnesota/"
"www.axian.com","3","/job_opportunity/data-engineering-developer/"
"www.mizwhiz.com","1","/social-networking-sites/facebook/jobseeker-facebook-infograohic.html"
"www.ciedigital.com","1","/careers/senior-iot-developer/"
"www.windowsazurejobs.com","14","/job/azure-data-architect-3/"
"www.jobdiva.com","1","/presspages/jobdiva-recognized-as-a-pacesetter-by-software-advices-frontrunners-quadrant.jsp"
"id.jobsdb.com","195","/id/en/job/account-executive-software-application-200003001890779"
"getdrop.com","1","/careers/senior-frontend-engineer/"
"www.geticv.com","6","/career/data-analyst"
"www.highburyconsulting.com","32","/job/application-support-analyst-elite-3e-viewpoi/"
"careers.ajax-fiori.com","1","/job-listings-Business-developer-Comefforts-Noida-2-to-6-years-020419005448"
"careers.subex.com","1","/job/Bangalore-Full-stack-developer/550272901/"
"kingstonjaelmichaels.com","15","/category/jobs-networking/"
"taxjobz.com","2","/job/sr-tax-analyst-at-clark-davis-associates-new-jersey/1884"
"jobs.sanluisobispo.com","1","/company/recruitology-77952/job/quality-assurance-software-engineer-in-san-diego-ca-mjpzg5h6zotleb76u43l0mtpz89juz/"
"digitaladdictsblog.com","1","/jobs-artificial-intelligence-will-take-over/"
"tapwage.com","93","/job/11173581-software-engineer-tools-infrastructure"
"www.cvtemplatemaster.com","1","/careers-advice/6-features-linkedin-have-for-helping-you-build-your-network/"
"mdwork.com","3","/job/10266/family-practice-at-east-prince-primary-health-network-in-summerside/"
"recruitgibraltar.com","1","/JobsinGibraltar_Network%20Operations%20Technician_4578"
"www.linuxcareers.com","2","/jobs/job-search-results/kw-devops/"
"www.htrnews.com","1","/story/money/companies/state-of-opportunity/2017/05/10/jobs-technology-manitowoc-wisconsin-manufacturing-orion-kaysun-state-opportunity/101330616/"
"gccentrepreneurship.com","1","/career-networking-mixer/"
"www.anodot.com","1","/job/devops-engineer/"
"www.improvingmetrics.com","2","/en/job-offer/digital-analyst"
"www.indiaonjobs.com","19","/job-detail/android-developer-mobile"
"www.ziflow.com","1","/jobs/senior-software-engineer-backend"
"www.zinghr.com","1","/careers/chatbot-developer/"
"zinncorp.com","7","/job/devops-engineer-2/"
"www.ozy.com","1","/jobs/technology-reporter/79419/"
"www.mcpolymers.com","1","/about/careers/financial-analyst"
"climbingwallindustry.site-ym.com","1","/networking/job_postings.aspx"
"vidatec.com","1","/careers/product-developers/"
"nexusstaff.com","5","/job/data-engineer/"
"twentyjobs.com","1","/job/senior-creative-developer/"
"www.ts-international.com","2","/jobs/air-conditioning-service-engineer-data-centres-and-chillers"
"www.tsrce.com","17","/job/business-analyst/"
"communitycolleges.academickeys.com","34","/job/0gc1hou8/Computer_Information_Technology_Cybersecurity_Instructor_Reg_FT_12_month_with_benefits"
"www.belprodigital.com","4","/job/back-end-developer/"
"www.ilsco.com","1","/job/oem-quotations-analyst/"
"www.wti-solutions.com","1","/jobs/pmo-business-analyst/"
"comunika.com","1","/en/career/full-stack-developer"
"tinytitanstudios.com","1","/careers/4_technical-game-analyst"
"www.jobslot.com","25","/jobs/automation-test-analyst-ii-7662/"
"www.jobvite.com","15","/jobvite-news-and-reports/a-technology-perspective-on-socializing-your-job/"
"loot.com","97","/accrington-lancashire/jobs/administration-secretarial/data-entry-word-processing/"
"weareisland.com","1","/journal/job-posting-website-developer/"
"careers.voyagecare.com","1","/job/service-desk-analyst-first-line/J3S3CY72F7MZ8VLCVBP/"
"www.taftlaw.com","1","/careers/litigation-support-analyst"
"websitedesignersinmumbai.wordpress.com","1","/tag/job-vacancy-for-website-designer/"
"wmprsa.wordpress.com","1","/2012/02/23/job-opportunity-marketing-analyst-at-priority-health/"
"cepixel.com","3","/en/job-offers/back-end-developer/"
"www.hightechcampus.com","8","/jobs/data-experimental-scientist"
"jobs.creativehandshrconsultancy.com","7","/job-listings-Android-Developer-Chennai-Creative-Hands-HR-Consultancy-Chennai-3-to-7-years-160819000211"
"cloudacademy.com","2","/blog/careers-in-cloud-technology/"
"www.fielmann-ventures.com","1","/jobs/ios-developer-m-f-d/"
"www.evanshunt.com","1","/careers/webdeveloper/"
"sgl.com","1","/careers-Web%20Application%20Developer.html"
"www.rea-group.com","1","/careers/teams/technology/"
"www.67bricks.com","2","/career/senior-software-developer/"
"www.onelogin.com","9","/company/careers/engineering/guadalajara-mx/senior-software-engineer-backend-guadalajara-mx"
"job247sure.com","99","/job-category/app-developer/"
"careers.stratasys.com","4","/job/Cambridge-Senior-Software-Engineer-0/616268500/"
"www.strategicrecruitmentsolutions.com","2","/jobs/database-administrator/"
"strategizingblog.com","1","/2018/09/21/job-opening-at-drexel-university-tenure-track-assistant-professorship-in-strategy-and-technology-innovation-management/"
"wvtourism.com","1","/tourism-contacts/career-opportunities/research-analyst/"
"www.profocustechnology.com","15","/job-hunting/how-developers-can-stay-marketable/"
"www.roomdock.com","1","/university/career-technology-center-of-lackawanna-county"
"careers.fortress.com","2","/careers/JobDetail/Dallas-Texas-United-States-Credit-Operations-Analyst-Dallas/4198"
"www.welltoldstory.com","1","/job-opportunity-technical-business-analyst/"
"fujairah.binjos.com","1","/en/Jobs/Information-Technology"
"careers.infinitumglobal.com","1","/job-listings-Software-Testing-Selenium-Testing-amp-QA-Infinitum-Global-Software-Solutions-Pvt-Ltd-Mumbai-5-to-10-years-050719000351"
"www.atrinternational.com","6","/careernetwork/req_details.php"
"careers.avanade.com","138","/jobsen/JobDetail/Consultant-Data-Engineer/14831"
"rozum.com","1","/careers/c-c-embedded-developer/"
"adtmag.com","1","/articles/2001/02/05/jobs-in-java.aspx"
"www.engineerhammad.com","1","/2017/06/career-choices-information-technology.html"
"hiring.yorknewstimes.com","2","/recruitmentproducts/yorknewstimes/network/career_builder"
"www.darsaal.com","9","/job/assistant-professor-zoology-computer-science-professor-jobs-in-university-of-sargodha-9-march-2018-1422.html"
"spd-ukraine.com","2","/job/front-end-developer-3/"
"katabat.com","1","/careers/quality-assurance-analyst/"
"www.easyname.com","2","/en/company/job/development/junior-software-developer"
"www.meddata.com","3","/careers/departments-within-meddata/"
"geoworkforcesolutions.com","2","/blog/tag/job-management-software-for-tradesmen/"
"marketingfromtheinside.com","1","/category/job-search-networking/"
"www.wisconsinrapidstribune.com","1","/story/money/2019/08/08/jobs-with-six-figure-salaries-financial-analysts-judges-engineers/39898975/"
"www.telehouse.com","1","/about-us/careers/job-openings/data-facilities-manager/"
"lastechllc.com","1","/careers/research-analyst-for-cnet-content-solutions/"
"www.bugaty.com","5","/jobs/business-analyst"
"leapinglogic.com","3","/jobs/front-end-developer/"
"tekslate.com","1","/job-sequencing-data-stage"
"www.nethone.com","5","/careers/offer/devops-engineer"
"www.wienerberger.com","1","/en/career/vacancies/market-manager-projectsales-architectsdevelopersmaincontractorsf.html"
"qvik.com","4","/careers/backend-developer/"
"www.wellsfargojobs.com","3","/job/chandler/software-automation-engineer-ase5/1251/14440284"
"www.corrections.com","16","/networks/careers"
"www.corridorcompany.com","1","/contract-management-software-company/careers"
"careers.supermetrics.com","7","/jobs/279336-devops-engineer-gcp"
"www.visualcron.com","1","/Job-Scheduling-Software.aspx"
"www.tops-int.com","1","/blog/career-options-after-completing-software-testing-training/"
"www.irishexaminer.com","1","/breakingnews/business/jobs-boost-for-limerick-as-100-posts-to-be-added-at-software-development-company-887351.html"
"career.internetvikings.com","2","/jobs/802543-data-engineer-java"
"www.mydatamodels.com","2","/job/back-end-developer/"
"www.textileexcellence.com","2","/category/jobs/machinery-technology/"
"www.monsterbacklinks.com","16","/job/Blogs/14608/Require-Website-Designer-who-can-setup-Wordress-theme-on-my-domain"
"www.compoundsemiconductorcentre.com","1","/jobs-on-the-horizon-as-iqe-and-cardiff-university-move-a-step-closer-to-world-first-compound-semiconductor-technology-cluster"
"jobs.rhenus.com","2","/en/de/jobboard/job-description/job/DevOps_Engineer_Entwickler_w_m_d_Logistik/41804/"
"getset.com","1","/careers/full-stack-web-developer"
"www.scientistafoundation.com","3","/career-blog/category/networking"
"blog.opiumworks.com","1","/job-vacancy-full-stack-developer"
"jobs.thermofisher.com","249","/global/en/job/100155BR/Staff-Software-Engineer-Full-Stack-AWS-Java"
"thebuddhistcentre.com","1","/jobs/development-team-project-developer-and-administrator"
"www.techrseries.com","4","/hr-cloud-analytics-and-ai/jobs-are-changing-because-of-artificial-intelligence/"
"findarochesterjob.com","1","/job/pricing-data-specialist-3/"
"www.bold.com","18","/job-description/analyst-seo/"
"mukavari.com","2","/store/jobs/Data+Entry-Back+Office"
"www.optiopay.com","1","/job-details/121266-data-analyst/"
"www.orbisconsultants.com","189","/job/agile-business-analyst-digital-banking-technology/"
"jobs.knightfrank.com","1","/job/London-Senior-Analyst-W1U-8AN/572928201/"
"www.brose.com","84","/ca-en/career/job-advanced-procurement-industrial-engineer-joining-technology-6933.html"
"tcglobal.com","27","/jobs/information-technology-vice-president-new-delhi-nehru-place"
"www.nthrive.com","1","/careers/oncology-data-management"
"undeadlabs.com","1","/job/software-engineer-networking/"
"prabhakarkumar.com","1","/2018/08/04/job-opportunities-due-to-technological-development-specially-in-computer-sector/"
"www.mitziepstein.com","1","/jobs_and_technology"
"fourdots.com","3","/careers/full-stack-developer-job"
"careers.nashtechglobal.com","1","/job/hcm-senior-software-engineer-lamp/"
"myrecruitmentplus.com","6","/job-details/query/business-development-manager-saas-recruitment-and-on-boarding-software/in/sydney/7729190/"
"www.ascottmea.com","1","/careers/group-technology-executive-ascott-corniche-al-khobar"
"global.snippetbucket.com","1","/jobs/detail/odoo-developer-8"
"healthcarejobslacrosse.com","1","/Career-Tree-Network"
"thesoftwarepractice.com","2","/careers/software-development-engineer-srilanka/"
"careers-audubon.icims.com","1","/jobs/4280/vice-president-of-data-and-analytics/job"
"jobs.verizon.com","2859","/jobs/4154780-software-architect"
"vertdigital.com","1","/careers/full-stack-developer/"
"www.mdtmi.com","1","/jobposts/implementation-analyst/"
"ddsn.com","1","/about/careers/front-back-web-developer.html"
"toronto.companies-in-canada.com","4","/jobs/nigel-frank-international-us-toronto/microsoft-dynamics-365-crm-software-engineer-new-jersey-140.html"
"www.allperfectstories.com","1","/job-in-big-data/"
"moreniche.com","1","/careers-available/php-developer/"
"jobs.fltimes.com","1","/Jobs/technology-jobs-in-geneva-ny"
"bainbridgehealth.com","2","/careers/clinical-data-analyst/"
"www.azcentral.com","1","/story/money/business/jobs/2017/09/04/how-artificial-intelligence-robotics-could-transform-jobs-10-years/574501001/"
"jobs.tateandlyle.com","5","/job/Hoffman-Estates-SAP-BW-Functional-Analyst-IL-60010/586988900/"
"www.prgx.com","2","/careers/staff-auditor-analyst/"
"jobs.tucson.com","3","/job/169135863/application-analyst-job-in-tucson-az"
"www.rocketnews.com","1","/2019/03/jobs-other-data-signal-older-investors-to-move-toward-cash-seeking-alpha/"
"ottoedge.com","4","/jobs/android-developer/"
"www.beyondvision.com","1","/blind-ambition/career-opportunities-computer-training-develops-future-leaders/"
"www.baseplan.com","1","/au/baseplan-software-group/careers-at-baseplan/"
"www.utechnology.com","3","/job-sector/banking-and-finance-technology/"
"demo.nokriwp.com","1","/job/data-entry-clerk-work-from-home/"
"www.trinidadjob.com","1","/job/business-analyst/"
"www.protocol.com","1","/careers/data-journalist"
"www.jobjumble.com","1","/job/full-stack-wordpress-developer/"
"ph.jobs68.com","32","/jobs/application-system-engineer-cebu-laguna-accountingauditingfinance-account-manager-administrativeclerical-administrator-artscreativemedia-project-manager-engineeringarchitecture-network-engineer"
"www.aisforappleworks.com","1","/careers/board-certified-behavior-analyst-bcba/"
"www.theclassroom.com","1","/career-networks-institute-433013-college-data.html"
"www.talentintegrators.com","3","/jobs/android-developer-3/"
"www.developer.com","5","/e-mail/mgmt/job-hopping-software-developer-hiring.html"
"ravenind.com","1","/careers/women-in-stem/engineering-team-lead-uses-diverse-skill-set-to-solve-software-challenges"
"www.redbottomshoeslouboutinstoreonline.com","1","/jobs-career-wage-and-training-data/"
"gamedevjs.com","1","/jobs/experienced-html5-game-programmer-at-jolly-bear-games/"
"www.pixelworks.com","2","/en/job-opportunities/senior-or-staff-software-engineer"
"www.piyesta.com","1","/jobs/technology"
"globis-software.com","2","/about-us/careers/functional-developer/"
"icrunchdata.com","8","/job/365054/full-stack-developer/"
"www.totumpartners.com","1","/job-search/894649-financial-analyst"
"www.tollcareercenter.com","5","/jobs/land-acquisition-analyst/13618/"
"careers.hargray.com","6","/job/colocation-planning-network-engineer/J3W6VZ6H16GBMVRQX0F/"
"careers.zacharypiper.com","32","/career-areas/cybersecurityinformationassurance/"
"checklyhq.com","1","/jobs/full-stack-javascript-engineer-2019/"
"www.certusgraduate.com","2","/job/graduate-sales-executive-technology-sales-5"
"www.pacestaffing.com","1","/category/job-seeker-resource-library/info-for-it-and-technology-professionals/"
"cv.eurobrussels.com","13","/job_display/167247/Analyst_for_European_Funding_Programs_Female_Male_Intersex_Deutsches_Maritimes_Zentrum_Hamburg_or_Brussels_Multiple_Countries"
"www.nextpharmajob.com","5","/Jobs/Biotechnology%20Company/Netherlands/default.aspx"
"gomixfit.com","1","/careers/director-of-software-product-development/"
"www.cherokeeia.com","1","/jobs/technology-assistant-av-specialist-cherokee-community-school-district"
"businessanalysisexperts.com","1","/careers-business-analysts/"
"careerevents.xilinx.com","1","/jobs/3533515-colorado-university-boulder-technology-and-internship-fair"
"www.nedap-retail.com","2","/careers-2/business-developer/"
"www.tiobe.com","1","/company/careers/software_developer/"
"admitopia.com","1","/career-path-in-computer-support/"
"dekoholding.com","1","/2018/06/22/job-vacancy-experts-engineers-specialized-in-open-technology/"
"www.digitalwest.com","1","/about/careers/network-operations-center-technician/"
"www.cosmicjs.com","3","/jobs/app-developer"
"softwaregroup.com","1","/careers/job-openings/java-developer-sofia"
"www.labvalspec.com","1","/careers/computer-systems-validation-csv-engineer"
"www.minsait.com","1","/en/talent/careers/opportunities/big-data-madrid"
"www.tickettailor.com","2","/careers/full-stack-developer/"
"careers.hallmark.com","19","/HallmarkBusiness/job/Minneapolis-Senior-Developer-MN-55402/620502300/"
"www.firstsavingsmortgage.com","1","/jobopenings/disclosure-analyst/"
"www.besi.com","1","/careers/a-career-at-besi/technology-leadership/"
"www.quantifeed.com","4","/job/c-back-end-software-developer/"
"johnnybros.com","2","/career/css-developer"
"www.motionstrand.com","1","/careers/frontend-developer"
"jobdirecta.com","35","/job-tag/accra-institute-of-technology-jobs-in-ghana/"
"www.wtvglobal.com","1","/jobs/developer/"
"professionglobe.com","19","/job/115/Java-Developer-Pretoria"
"fortypluspeople.com","2","/job/pr-account-director-forward-thinking-b2b-technology-public-relations-agency-buckingham/"
"secure.careerarc.com","1","/in-the-news/careerarc-wins-gold-at-the-2016-golden-bridge-awards-for-excellence-in-human-resources-technology"
"www.badcreditloancenter.com","1","/job-cuts-data-shows-improvement/"
"empireexpress.com","1","/careers/equipment-and-technology/"
"www.adroitresources.com","2","/job-opportunities/Data-Entry-Clerk/"
"psychicjobcenter.com","3","/jobs/psychicnetworkers-party-psychics/"
"www.yotspot.com","3","/job-search/accounting---finance/financial-analyst.html"
"butuancityjobs.com","1","/job/featured-ad-web-design-seo-facebook-ads-google-ads-services-in-butuan/"
"www.vannpr.com","1","/careers--website-designer.html"
"careers.uscarenet.com","2","/en-US/job/senior-net-developer/J3W421774M7TGD4G1JT"
"pointonerecruiting.com","6","/jobs/controls-programmer"
"www.rigzone.com","507","/oil/jobs/postings/1000776_power_generation_monitoring_and_diagnostic_analyst_engineering"
"resumebulletin.com","1","/job/machinist-cnc-computer-numerical-control-2/"
"www.list-group.com","3","/jobs/front-end-web-developer-it-02/"
"www.continuityprograms.com","1","/careers/c-developer/"
"blog.execu-search.com","1","/category/career-job-search/networking/"
"aviaa.com","2","/job/senior-software-engineer/"
"careers.stericycle.com","15","/job/Bannockburn-Business-Analyst-II-Revenue-IL-60015/618372500/"
"careers.beirutdigitaldistrict.com","20","/job/1075/qa-software-tester-intern/"
"anvileight.com","5","/en/careers/junior-python-engineer/"
"www.thenetmg.com","153","/job-network/10-career-lessons-learn-20s/"
"www.dcjobs.com","8","/job/detail/39213220/Network-Engineer"
"jammag.com","7","/category/archives/careers-archives/careers-a-z-archives/biotechnology-archives/"
"blog.manipaldubai.com","1","/career-development/5-careers-in-data-science-you-should-be-aiming-for/"
"qvartzanalytics.com","2","/crunchers/jobs/do-you-know-your-data/"
"www.randgroup.com","1","/industry/upstream-oil-gas-software/job-costing-software/"
"www.samyakinfotech.com","2","/training/job-oriented/computer-basics-courses-institute/"
"www.coolpack.com","1","/jobs/transportation-analyst-thermo-fisher-scientific-breinigsville-pa-usa/"
"www.helpmeetjob.com","7","/jobs/c-game-developer/"
"jackandbean.com","1","/careers/remote-front-end-web-developer-phoenix-job/"
"ariadtech.catsone.com","2","/careers/2971-General/jobs/11064998-Senior-Bioinformatics-Software-Developer"
"konoconsultants.catsone.com","8","/careers/11261-General/jobs/12826381-Analyst-Scaleup/"
"www.accessibleholidayscyprus.com","1","/job-seekers-and-employees-with-disabilities-need-better-accessible-transportation-technology/"
"nearbycreative.com","1","/careers/developer"
"careers.nebar.com","4","/jobs/12404206/competitive-intelligence-analyst"
"wcpsmd.com","2","/academics/enrichment-extracurriculars/career-technology-education"
"stakelogic.com","2","/career/senior-medior-game-and-sdk-developer-typescript-and-java-fulltime/"
"www.advancedtechno.com","2","/software-engineer/job/12167689"
"www.atakama.com","1","/jobs/senior-software-engineer"
"www.texpo.com","3","/en/jobs/database-administrator/"
"www.gocorptech.com","2","/jobs/network-administrator-tier-2/"
"jobs.southernglazers.com","5","/job/dallas/tableau-business-analyst/1065/14279028"
"jobs.southernrs.com","5","/jobs/4883561-embedded-software-engineer"
"www.techmagnate.com","4","/careers/html-developer-internship-jobs-delhi.html"
"www.cia.economywatch.com","1","/index.php/features/Jobs-Report-and-more-about-UK-Data0902.html"
"www.optnation.com","1","/blog/career-options-highest-paying-computer-science-jobs-salary-usa/"
"orangegrid.com","4","/careers/jr-net-developer/"
"furiouscorp.com","2","/careers/israel/data-scientist/"
"www.burstek.com","2","/company/careers/customer-software-sales/"
"www.merchantsbonding.com","1","/careers/application-developer-ia"
"www.meridiangroup.com","1","/information-technology-jobs/jobs/"
"www.carepay.com","4","/career-categories/software-development"
"www.liveyourretirement.com","1","/job/2847/analyst-corporate-development"
"www.educationbell.com","1","/career-option-in-data-entry-processing/"
"careers.curtisswright.com","27","/en-US/job/cnc-programmer-millturn/J3V3FS6297LV1J8N869"
"www.crowdstrike.com","1","/careers/engineering-technology-team/"
"equalman.com","1","/careers/web-designer/"
"equatekinteractive.com","2","/AboutUs/Careers/NetSoftwareEngineer.aspx"
"globalbiodefense.com","1","/job/management-analyst-aspr/"
"careers.claytonhbg.com","2","/job/business-data-analyst-maryville-tn/J3S2X86JJK0700P88ZB/"
"www.everybill.com","2","/jobs/software-engineer-project-managers/"
"www.manchesterdigital.com","17","/job/bbc/principal-software-engineer-bbc-childrens"
"www.odysseyis.com","2","/job-category/business-analyst/"
"www.sms-group.com","1","/sms-group/career/apprenticeship/apprenticeship-professions/electronics-technician-mf-for-operating-technology/"
"careers-ironmountain.icims.com","20","/jobs/22732/security-officer--data-center-%28top-secret-clearance-needed%29/job"
"www.versabank.com","1","/career/developer-4/"
"gloriaslist.com","1","/category/jobs/computer-programmer/"
"www.csamhealth.com","1","/jobs/senior-software-developer/"
"www.laphil.com","3","/about/careers/work-with-us/application-support-analyst/"
"jobs.futuresandcareers.com","3","/job-listings-Senior-DevOps-Engnieer-FUTURES-AND-CAREERS-France-France-Paris-3-to-8-years-161019007416"
"www.robecosam.com","1","/en/careers/vacancies/senior-sustainability-investing-analyst-energy-fossil-fuels-biofuels.html"
"flydemos.com","2","/thjm/jobs/php-wordpress-developer/"
"www.benjanefitness.com","1","/workinfitness/jobs/researchanalyst"
"www.releasewire.com","1","/multimedia/photos/career-as-web-developer-php-doccsoftsol-kolkata-6003.htm"
"www.zynovo.com","1","/careers/php-magento-developer/"
"careers.vichara.com","12","/job-listings-Analyst-CRE-Underwriting-Vichara-Technology-India-Private-Limited-Delhi-NCR-Bengaluru-Bangalore-Mumbai-3-to-8-years-161019000087"
"wildcardcorp.com","2","/careers/current-job-listings/web-designer"
"spain.xpatjobs.com","1","/jobs/Global-Database-Delivery-Engineer/49926x1184647188"
"www.morganadvancedmaterials.com","1","/en-gb/careers-at-morgan/what-we-do/technology/"
"ibikri.com","1","/category/jobs-offers/computers-internet-telecommunications"
"www.tawaji.com","103","/job/1906-aem-software-engineer-remotevirtual-aem-adobe-experience-manager-recruiting-consulting-company/"
"www.lmrkts.com","4","/updates/careers/junior-developer/"
"www.proshoperp.com","2","/careers/backend-web-application-developer/"
"www.qoholic.com","45","/jobs/technology"
"documentation.cohhe.com","1","/jobera/knowledgebase/javascript-settings/"
"sagivtech.com","2","/job/software-algorithm-developer/"
"www.bristows.com","1","/careers/trainees/what-we-do/sectors/technology/"
"visium-talent.freshteam.com","1","/jobs/7DK7UQYJIg-H/software-engineer"
"careers.ruag.com","1","/job/Gothenburg-Master-Thesis-Work-High-Performance-Space-Computer-Demonstration/554580101/"
"www.otreva.com","2","/jobs/application-software-engineer/"
"www.instamojo.com","3","/JOBAFFAIRS4U/nios-10th-data-entry-operations-229-solved-t/"
"ipservices.com","1","/about/careers/network-engineer/"
"www.pearson.com","20","/uk/learners/fe-and-college-students/career-choices/science-technology-and-it.html"
"www.genequip.com","1","/careers/ndscs-komatsu-program/diesel-technology/"
"www.yourmembership.com","2","/blog/tag/job-board-software/"
"augustahitech.com","7","/careers/android-developer.html"
"www.ariacoustics.com","3","/careers/open-positions/game-developer/"
"aleafiahealth.com","2","/careers/senior-systems-analyst/"
"www.chinaesljob.com","1","/job/1329570/english-curriculum-developers-and-teachers-needed-up-to-30k-at-17zuoye/"
"jobpixie.com","1","/job_careers_computer.php"
"www.jobsinecuador.com","1","/jobs/IT%20Technology"
"www.akqa.com","33","/careers/adobe-campaign-developer-1960671/"
"www.ververica.com","4","/career-opening/senior-software-engineer-apache-flink-sdk"
"www.entertainmentcrossing.com","1","/jobs/q-casino-analyst-jobs.html"
"www.schaeffersresearch.com","3","/content/news/2017/05/25/jobs-data-punctuates-short-holiday-week"
"jaagit.com","2","/category/job-search/computers-internet-telecommunications"
"ias.synchr-recruit.com","1","/job/153312/research-software-engineer"
"enabledjobs.com","1","/job/1704/business-analyst--1"
"www.recruitday.com","4","/jobs/data-scientist-at-recruitday-inc-4688"
"www.unionroom.com","2","/careers-union-room-php-developer/"
"www.analyticsindiajobs.com","11","/job/client-of-kellyocg-vp-data-scientist-aml/"
"www.bnkbl.com","4","/job/application-support-analyst/"
"team.brandbassador.com","2","/jobs/192924-full-stack-developer"
"asbpe.site-ym.com","1","/networking/job_postings.aspx"
"arrivein.com","1","/en/career-ca/networking-effectively-to-build-your-personal-brand/"
"blog.cedsolutions.com","1","/1533/career-paths-computer-security-field/"
"www.wsj.com","2","/market-data/quotes/JOBS"
"neilsoft.com","2","/careers/current-job-openings-india/cad-developer"
"submer.com","1","/jobs/channel-sales-manager-distributors-of-information-technology-solutions"
"www.wearegamechangers.com","1","/en/job-opening-developer-contract-with-possibility-of-permanent/"
"warpdigital.com","1","/jobs/software-engineer/"
"digsouth.com","2","/job/atlatl-software-charleston-sc-150-systems-engineer/"
"www.dfwplanroom.com","1","/jobs/719/details/abilene-isd-new-career-technology-academy-and-stems-high-school"
"www.hrtriad.com","1","/career/freight-rate-analystauditor/"
"www.cubiks.com","1","/jobs/business-and-account-developer-talent-management/371"
"www.soundexchange.com","7","/about/careers/business-intelligence-developer/"
"www.lindauerglobal.com","13","/career-opportunity/center-for-applied-special-technology-cast-chief-development-officer"
"jobs.sears.com","18","/en-US/job/architect-software-engineer/J3T67764CYYHH27WWL6"
"govt-jobs.euttaranchal.com","1","/job-type/data-entry-operator"
"abaprogramsonline.com","1","/careers/board-certified-behavior-analyst/"
"careers.johnclements.com","21","/careers/JobDetail/Accounts-Payable-Analyst-Japanese-Speaking/9999"
"mother-works.com","3","/jobs/experienced-react-frontend-engineer-remotewfh-for-analyticsdata-ui-kibana"
"www.flexiblesystems.com","3","/job/cloud-software-analyst/"
"www.jobcluster.com","2","/career-advice/7-basic-computers-skills-that-are-a-must-when-entering-job-market-69"
"uigtc.com","1","/en/careers_software"
"preformed.com","1","/careers/network-technician"
"bhuvans.wordpress.com","1","/category/jobs/java-q-a/"
"ansamcal.com","1","/careers/talent-network/"
"ejobsitesoftware.com","6","/blog/tag/job-board-software-2/"
"www.employmentnigeria.com","1","/employers/employerjobs/978/jobs-by-centre-for-community-development-and-research-network-ccdrn"
"procyonts.com","1","/jobs/senior-business-systems-analyst/"
"www.tomferry.com","1","/career/web-graphic-designer/"
"kaaso.com","2","/jobs/c-programming/will-debug-your-c-script-on-your-games-app-software/"
"ringsidetalent.com","11","/job/application-developer-2/"
"vanna.com","4","/careers/search;category=COMPUTER_AND_IT"
"jamersan.com","1","/careers/certified-magento-developers-wanted/"
"resultsgeneration.com","1","/careers/php-developer"
"jobs.evonik.com","10","/job/Allentown%2C-PA-Market-Intelligence-Analyst-PA-18101/513468801/"
"www.evozon.com","10","/careers/job-opportunities/java-developer"
"ethyca.com","4","/job/backend-senior-java-engineer/"
"jobs.eagleonline.com","97","/job-listing/jcid/1105515/it-business-analyst/"
"www.360wichita.com","2","/jobs/Informationtechnology"
"www.worthix.com","1","/jobs/data-entry-specialist-spanish"
"www.setfiremedia.com","1","/blog/job-opportunity-in-house-ppc-optimiser-and-data-analyst"
"apps.apple.com","2","/gb/developer/jobserve-limited/id335516226"
"www.heraldhrconsulting.com","1","/jobs/software-developer__trashed/"
"www.criticalcommunicationsreview.com","1","/lte/jobs/95188/trainee-in-software-development-m-f"
"www.webdevelopmentgroup.com","1","/careers/full-stack-developer/"
"www.workhoppers.com","12","/en/job/150120/sales-representative---business-development-software"
"worknhire.com","18","/WorkProjects/jobs/cat_Data-Entry-&-Admin"
"www.marcellusconnection.com","1","/job-developer-for-people-with-disabilities-2/"
"jobs.mashable.com","105","/jobs/a-e-networks-1020521-cd"
"rs.coca-colahellenic.com","1","/en/careers/business-developers/"
"theaudioprogrammer.com","1","/job/native-instruments-london-41-software-engineer-c-f-m-x/"
"nctca2018.sched.com","2","/overview/type/Career+%26+Technology+Studies"
"gradireland.com","29","/career-sectors/construction-civil-engineering-and-qs/building-information-modellingarchitectural-technology"
"dsnsearch.catsone.com","13","/careers/13796-General/jobs/12446138-NET-SR-APPLICATIONS-DEVELOPER"
"www.myjobmag.com","68","/job-tags/web-developer"
"vscenario.com","3","/jobs/project-engineer-new-construction-technology-projects/"
"au.indeed.com","1","/cmp/Network-Nursing-Agency/jobs"
"moove-it.com","24","/careers/ar/fullstack-developer"
"jobs.tetrapak.com","1","/job/Quer%C3%A9taro-Quality-Assurance-Analyst-QUE/580034201/"
"www.rfpio.com","4","/job/business-analyst/"
"www.openscenegraph.com","1","/index.php/community/jobs/job-offers/168-c-qt-developer-institute-for-scientific-interchange"
"301-joweb.newscyclecloud.com","1","/career-education/from-the-track-to-the-farm-ricardo-chambers-uses-hydroponics-technology-in-manchester_168146"
"military.weselectthebest.com","94","/analystsenior-analyst-of-slotting-operations-optimization/jobs-in/"
"www.mesimedical.com","2","/jobs/mechanical-developer-m-f/"
"careers.smcindiaonline.com","19","/job-listings-Business-Analyst-Insurance-SMC-Insurance-Ltd-Delhi-NCR-3-to-8-years-070819002956"
"indigoverge.com","1","/careers/experienced-full-stack-developer/"
"insidebigdata.com","1","/2014/04/19/job-week-big-data-senior-architect-innovative-development/"
"www.signalhire.com","14","/jobs/askfm/ios-developer-15/djoxNTUyNztjOjMyOTI3O3JmOjE="
"citizenos.com","1","/careers/software-developer/"
"blog.optizmglobal.com","5","/job/devops-engineer/"
"www.optumcare.com","5","/state-networks/locations/california/ocmg/careers/careers.html"
"ae.knownjobs.com","1","/job/geosoftware-business-account-manager-for-middle-east-and-north-africa-region-vacancy-cgg-09e7015c8d4c58de/"
"bricata.com","1","/careers/senior-software-engineer-position/"
"blog.parkerlynch.com","6","/job-seekers/business-networking-tips/"
"careers.fcagroup.com","2","/career-areas/information-technology/"
"casambi.com","1","/careers/senior-developer-IOS.html"
"canadianbio.com","2","/Careers-Post/171/Canadian-Bio-Systems-launches-new-Yeast-Bioactives-feed-technology"
"edumilestones.com","1","/career-suitability-detail/Programming-and-Software-Development"
"www.myshippingjobs.com","1","/job/251011/business-analyst"
"www.gulflancer.com","1","/jobs/computer-it/"
"fujifilmdiosynth.com","21","/about-us/careers/posting/analyst-qc-raw-materials/"
"acumenian.com","4","/job/business-analyst/"
"www.pipingindustry.com","1","/blog/topic/career-technology-department"
"www.rebeccabeaton.com","1","/career-blog/how-to-network-if-you-dont-like-networking-or-youre-an-introvert"
"careers-lmi.icims.com","1","/jobs/3923/cwmd-analyst/job"
"careers-ntconcepts.icims.com","1","/jobs/1689/devops-engineer/job"
"careers-swift.icims.com","1","/jobs/6256/senior-java-developer/job"
"vertoanalytics.com","5","/careers/data-analyst-nov19/"
"buildingiq.com","2","/careers/devops-engineer-buildingiq-mid-level-san-mateo-california/"
"www.consultancy-me.com","3","/jobs/expertise/data-science"
"members.mdtechcouncil.com","2","/job-posting/Details/business-developer-7891"
"www.avprogramming.com","4","/job/crestron-programmer-reno-nv"
"allnaijaentertainment.com","2","/2019/03/job-position-at-jumia-nigeria-for-a-quality-control-and-data-management-associate/"
"www.journeyfurther.com","2","/careers/analyst-ppc"
"lucyjobs.com","1","/job-category/developer/"
"www.jdhuntr.com","2","/job/counsel-data-privacy/33802/"
"brampton.companies-in-canada.com","4","/jobs/lannick-group-of-companies-brampton/data-entry-clerk-2-month-contract.html"
"usitjobshub.blogspot.com","2","/2018/07/job-title-full-stack-java-developer.html"
"careers.infraspeak.com","2","/jobs/308799-senior-frontend-developer"
"www.securemac.com","1","/news/careers-in-cybersecurity"
"www.joinmethodist.com","2","/jobs/4838436-advanced-clinical-analyst-ii"
"www.immigrantspirit.com","2","/category/joboffers/business-intelligence-business-analysts-jobs-in-germany/"
"www.dairyforward.com","1","/networking/job_postings.aspx"
"www.freshersworld.com","1651","/jobs/-data-collection-survey-jobs-ahmedabad-kaycomm-services-pvt-ltd-1-to-2-years-of-experience-11-december-2019-785330"
"www.freshhiring.com","1","/job/becil-recruitment-for-research-analyst-solution-architect-graduate-post-graduate-passed-jobs-236"
"aaci.freshteam.com","1","/jobs/1GacneDKL4oO/qi-data-coordinator"
"technovert.freshteam.com","1","/jobs/_MyJkdq9oasH/dot-net-developer-technovert"
"www.oucareers.com","3","/job-category/developer/"
"www.desiclubhouse.com","1","/listings/jobs-and-wanted/business-analyst-quality-analyst-and-scrum-master-training-and-job-placements/"
"insurify.com","2","/company/careerscontent-writer-data-research/"
"xcodejobs.com","60","/jobs/application-developer-kingston-st-andrew-jamaica-hawkeye-electronic-security"
"careers.microchip.com","6","/career-opportunities/Computers,%20Hardware/"
"www.mjdinteractive.com","2","/careers/senior-software-engineer-android/"
"www.localjewishnews.com","1","/2015/10/29/career-doors-open-with-coding-computer-programming-jobs/"
"fi.jobmonitor.com","1","/search/e1/job+software-engineer-cc%252B%252B-cad-development"
"www.letmeintern.com","3","/jobs/analyst/"
"jobs.elevano.com","40","/careers/13401-General/jobs/11190863-Fullstack-Python-Developer/"
"www.highgear.com","2","/blog/job-management-software-streamlines-work-increases-performance/"
"walletjobz.com","4","/jobs/application-developer-for-android/"
"www.kinly.com","1","/careers/software-programmer"
"www.erxl3.com","1","/en/Careers/work-with-us/functions/digital-technology"
"jobsearch.entergy.com","32","/analyst-i-iii/jobs-in/"
"erecruiting.talanx.com","1","/4360-business-developer-m-f-d-insurance-european-markets/en/job.html"
"talentscrew.com","75","/job/android-developer-gurgaon-fast-and-furious-consulting-20011303"
"www.gridgain.com","1","/docs/latest/developers-guide/distributed-computing/job-scheduling"
"www.connect4recruitment.com","4","/job-type/robot-programmer/"
"vistacommunityclinic.recruiting.com","2","/database-analyst/job/12056164"
"harrahsakchin.arizonajobs.com","2","/hotel-revenue-analyst-full-time/job/11666265"
"www.armaghi.com","1","/job-listing/crozier-computers-armagh-it-technician"
"www.sportograf.com","2","/en/service/general/jobs_dev_backend"
"careers.idexcel.com","1","/job-listings-Immediate-Opportunity-For-Sr-Software-Developer-For-Hyderabad-Idexcel-Technologies-Private-Limited-Hyderabad-Secunderabad-5-to-10-years-300819007807"
"newlighttechnologies.com","4","/job/all-source-analyst/"
"www.synerscope.com","2","/about/careers/devops-engineer/"
"brand24.com","3","/careers/full-stack-developer-php-javascript/"
"jobs.portclintonnewsherald.com","1","/Jobs/technology-jobs-in-port-clinton-oh"
"paakwesiforson.com","1","/tag/career-networking/"
"zambianclassifieds.com","2","/category/job-search/computers-internet-telecommunications"
"hk.zobazo.com","3","/jobs/computer-repair-fix-services"
"www.aimyjobs.com","4","/job/software-engineer/"
"www.mastersofpie.com","1","/career/senior-software-engineer/"
"www.matctimes.com","39","/jobs/view.php/73452409/Junior-CSS-HTML-Developer-Entry-Level"
"www.nexedi.com","26","/fr/jobs/nexedi-jobs/NXD-Recruiting.Opportunity.Job.Developer.Edge.Computing.Telco"
"jobs.nextcenturi.com","8","/Centuri/job/Phoenix-Compensation-Analyst-AZ-85027/606570400/"
"www.vicon.com","1","/careers/embedded-software-engineer/"
"www.gardentags.com","1","/profile/jobakes/haworthia-cuspidata-variegata/912683"
"jobs.elcompanies.com","1","/technology/jobs"
"solitonsystems.com","1","/jobs/developer"
"downtothehire.com","8","/Jobs/Computer%20Hardware%20Engineer/"
"headhonchos.quezx.com","1845","/jobs/-AFS-Functional-Consultant-WM-ABAP-Project-Program-Management-IT-IT-Technology-Software-Services-Bangalore-1056390.html"
"www.vip-staffing.com","11","/job-listings/ai-developer/"
"jobs.ydr.com","3","/jobs/technology-jobs-in-york-pa"
"crescendotechnology.com","4","/jobs/post-1026-machine-learning-engineer-data-scientist/"
"baoyuechuye.com","1","/about-the-council/information-data/working-at-the-council/job-vacancies/"
"www.incendia.com","4","/jobs/benefits-administrator-account-analyst-amazing-retirement-plan/"
"schubergphilis.com","7","/career/data-engineer"
"www.davidenergy.com","1","/careers/senior-data-engineer"
"www.creativeindians.com","6","/jobs/by-creative-area/database-design-332"
"careers.pharmerica.com","23","/job/Boise-FT-Pharmacy-Data-Entry-Tech-I-%281st-Shift%29-ID-83701/597708000/"
"www.oilfieldjobfinder.com","1","/jobs/master-data-specialist-phillips-66-bartlesville-ok/"
"octobercmsjobs.com","8","/job/developer-october-cms"
"websitehelper.com","1","/index.php/job/senior-web-designer-team-lead/"
"www.achronix.com","2","/job-opening/software-engineer-machine-learning-software-stack-6300-1005/"
"rdwinc.com","1","/job_listings/controls-engineer-plc-programmer/"
"streetwearjobs.com","1","/job-category/developer/"
