"com,secondsale)/i/the-frandidate/9781416902348",https://www.secondsale.com/i/the-frandidate/9781416902348,www.secondsale.com,com,secondsale,www,"","",com,secondsale.com,com,secondsale.com,https,"",/i/the-frandidate/9781416902348,"",2021-01-24T01:59:04.000-08:00,200,"",XMM3JN5U7FFUA2FM7V7MHC353W2HMDZ2,text/html,text/html,UTF-8,eng,"",crawl-data/CC-MAIN-2021-04/segments/1610703547475.44/warc/CC-MAIN-20210124075754-20210124105754-00183.warc.gz,966140128,26743,1610703547475.44
"com,secondsale)/i/the-franklin-barbecue-collection-special-edition-two-book-boxed-set-franklin-barbecue-and-franklin-steak/9781984858924",https://www.secondsale.com/i/the-franklin-barbecue-collection-special-edition-two-book-boxed-set-franklin-barbecue-and-franklin-steak/9781984858924,www.secondsale.com,com,secondsale,www,"","",com,secondsale.com,com,secondsale.com,https,"",/i/the-franklin-barbecue-collection-special-edition-two-book-boxed-set-franklin-barbecue-and-franklin-steak/9781984858924,"",2021-01-21T21:27:11.000-08:00,200,"",ATXT67N4NBKQAEBMFHYNBOKLBXLQCVKM,text/html,text/html,UTF-8,eng,"",crawl-data/CC-MAIN-2021-04/segments/1610703529128.47/warc/CC-MAIN-20210122051338-20210122081338-00708.warc.gz,951432389,24285,1610703529128.47
"com,secondsale)/i/the-french-wars-of-religion-selected-documents/9780312175450",https://www.secondsale.com/i/the-french-wars-of-religion-selected-documents/9780312175450,www.secondsale.com,com,secondsale,www,"","",com,secondsale.com,com,secondsale.com,https,"",/i/the-french-wars-of-religion-selected-documents/9780312175450,"",2021-01-16T16:56:23.000-08:00,200,"",4UOHJMTISO4A6QWDTNL6NCS6KV3RQK4I,text/html,text/html,UTF-8,eng,"",crawl-data/CC-MAIN-2021-04/segments/1610703507971.27/warc/CC-MAIN-20210116225820-20210117015820-00006.warc.gz,963679292,24463,1610703507971.27
"com,secondsale)/i/the-friend/9780735219441",https://www.secondsale.com/i/the-friend/9780735219441,www.secondsale.com,com,secondsale,www,"","",com,secondsale.com,com,secondsale.com,https,"",/i/the-friend/9780735219441,"",2021-01-28T07:20:31.000-08:00,200,"",V3BDSZCBS5567OYZWMDCUB7ITHYHXH4D,text/html,text/html,UTF-8,eng,"",crawl-data/CC-MAIN-2021-04/segments/1610704847953.98/warc/CC-MAIN-20210128134124-20210128164124-00453.warc.gz,925374343,25664,1610704847953.98
"com,secondsale)/i/the-fun-and-relaxing-adult-activity-book-with-easy-puzzles-coloring-pages-writing-activities-brain-games-and-much-more/9781988923024",https://www.secondsale.com/i/the-fun-and-relaxing-adult-activity-book-with-easy-puzzles-coloring-pages-writing-activities-brain-games-and-much-more/9781988923024,www.secondsale.com,com,secondsale,www,"","",com,secondsale.com,com,secondsale.com,https,"",/i/the-fun-and-relaxing-adult-activity-book-with-easy-puzzles-coloring-pages-writing-activities-brain-games-and-much-more/9781988923024,"",2021-01-17T18:04:33.000-08:00,200,"",I77YR35IFKNMCG6NJHIFIJF4MHZ46CX2,text/html,text/html,UTF-8,eng,"",crawl-data/CC-MAIN-2021-04/segments/1610703514046.20/warc/CC-MAIN-20210117235743-20210118025743-00639.warc.gz,994090236,26001,1610703514046.20
"com,secondsale)/i/the-furniture-of-sam-maloof/9780393732146",https://www.secondsale.com/i/the-furniture-of-sam-maloof/9780393732146,www.secondsale.com,com,secondsale,www,"","",com,secondsale.com,com,secondsale.com,https,"",/i/the-furniture-of-sam-maloof/9780393732146,"",2021-01-19T02:58:29.000-08:00,200,"",2BGV2IORGBP4EXS2BRF4O26TIP23HDLE,text/html,text/html,UTF-8,eng,"",crawl-data/CC-MAIN-2021-04/segments/1610703518240.40/warc/CC-MAIN-20210119103923-20210119133923-00512.warc.gz,976541675,24698,1610703518240.40
"com,secondsale)/i/the-future-we-choose-surviving-the-climate-crisis/9780525658351",https://www.secondsale.com/i/the-future-we-choose-surviving-the-climate-crisis/9780525658351,www.secondsale.com,com,secondsale,www,"","",com,secondsale.com,com,secondsale.com,https,"",/i/the-future-we-choose-surviving-the-climate-crisis/9780525658351,"",2021-01-26T02:09:19.000-08:00,200,"",QKQHLLXXGF7LGVMLOBQEXYAZPWUHDCRE,text/html,text/html,UTF-8,eng,"",crawl-data/CC-MAIN-2021-04/segments/1610704799711.94/warc/CC-MAIN-20210126073722-20210126103722-00243.warc.gz,955501040,25036,1610704799711.94
"com,secondsale)/i/the-future-will-be-bs-free/9780553534146",https://www.secondsale.com/i/the-future-will-be-bs-free/9780553534146,www.secondsale.com,com,secondsale,www,"","",com,secondsale.com,com,secondsale.com,https,"",/i/the-future-will-be-bs-free/9780553534146,"",2021-01-24T11:57:00.000-08:00,200,"",SOYPHDO4ML65MZZ56QHV6PGKTLNMIWXA,text/html,text/html,UTF-8,eng,"",crawl-data/CC-MAIN-2021-04/segments/1610703550617.50/warc/CC-MAIN-20210124173052-20210124203052-00630.warc.gz,989862529,23986,1610703550617.50
"com,secondsale)/i/the-gaia-project-the-earth-s-great-changes/9780738710426",https://www.secondsale.com/i/the-gaia-project-the-earth-s-great-changes/9780738710426,www.secondsale.com,com,secondsale,www,"","",com,secondsale.com,com,secondsale.com,https,"",/i/the-gaia-project-the-earth-s-great-changes/9780738710426,"",2021-01-23T00:11:54.000-08:00,200,"",622QVGX2MWZOB35TOE332SGOUQ7GKYXS,text/html,text/html,UTF-8,eng,"",crawl-data/CC-MAIN-2021-04/segments/1610703536556.58/warc/CC-MAIN-20210123063713-20210123093713-00720.warc.gz,970677716,26618,1610703536556.58
"com,secondsale)/i/the-gaijin-cookbook-japanese-recipes-from-a-chef-father-eater-and-lifelong-outsider/9781328954350",https://www.secondsale.com/i/the-gaijin-cookbook-japanese-recipes-from-a-chef-father-eater-and-lifelong-outsider/9781328954350,www.secondsale.com,com,secondsale,www,"","",com,secondsale.com,com,secondsale.com,https,"",/i/the-gaijin-cookbook-japanese-recipes-from-a-chef-father-eater-and-lifelong-outsider/9781328954350,"",2021-01-17T11:04:32.000-08:00,200,"",A7VHK72Z4RWD7ITJ2MY2L64L7FXQIO72,text/html,text/html,UTF-8,eng,"",crawl-data/CC-MAIN-2021-04/segments/1610703513144.48/warc/CC-MAIN-20210117174558-20210117204558-00493.warc.gz,983481890,27072,1610703513144.48
"com,secondsale)/i/the-gardener-s-botanical-an-encyclopedia-of-latin-plant-names-with-more-than-5-000-entries/9780691200170",https://www.secondsale.com/i/the-gardener-s-botanical-an-encyclopedia-of-latin-plant-names-with-more-than-5-000-entries/9780691200170,www.secondsale.com,com,secondsale,www,"","",com,secondsale.com,com,secondsale.com,https,"",/i/the-gardener-s-botanical-an-encyclopedia-of-latin-plant-names-with-more-than-5-000-entries/9780691200170,"",2021-01-27T12:33:51.000-08:00,200,"",OGQM7PX2746X3DNDZCGKBA4KKJUHXQIB,text/html,text/html,UTF-8,eng,"",crawl-data/CC-MAIN-2021-04/segments/1610704832583.88/warc/CC-MAIN-20210127183317-20210127213317-00477.warc.gz,982534009,26206,1610704832583.88
"com,secondsale)/i/the-garfield-show-6-apprentice-sorcerer/9781629914503",https://www.secondsale.com/i/the-garfield-show-6-apprentice-sorcerer/9781629914503,www.secondsale.com,com,secondsale,www,"","",com,secondsale.com,com,secondsale.com,https,"",/i/the-garfield-show-6-apprentice-sorcerer/9781629914503,"",2021-01-20T15:15:15.000-08:00,200,"",MQAAP6L2YO2V3AR6F5JZWXAUOSF3XORH,text/html,text/html,UTF-8,eng,"",crawl-data/CC-MAIN-2021-04/segments/1610703522133.33/warc/CC-MAIN-20210120213234-20210121003234-00766.warc.gz,996015863,24114,1610703522133.33
"com,secondsale)/i/the-garfield-show-7-desperately-seeking-pooky/9781629917450",https://www.secondsale.com/i/the-garfield-show-7-desperately-seeking-pooky/9781629917450,www.secondsale.com,com,secondsale,www,"","",com,secondsale.com,com,secondsale.com,https,"",/i/the-garfield-show-7-desperately-seeking-pooky/9781629917450,"",2021-01-17T12:05:05.000-08:00,200,"",AWK2FNAWXNEFMB5R22HBGTIXLZ7JGK5H,text/html,text/html,UTF-8,eng,"",crawl-data/CC-MAIN-2021-04/segments/1610703513144.48/warc/CC-MAIN-20210117174558-20210117204558-00658.warc.gz,957776508,24605,1610703513144.48
"com,secondsale)/i/the-gastric-sleeve-bariatric-cookbook-easy-meal-plans-and-recipes-to-eat-well-keep-the-weight-off/9781939754707",https://www.secondsale.com/i/the-gastric-sleeve-bariatric-cookbook-easy-meal-plans-and-recipes-to-eat-well-keep-the-weight-off/9781939754707,www.secondsale.com,com,secondsale,www,"","",com,secondsale.com,com,secondsale.com,https,"",/i/the-gastric-sleeve-bariatric-cookbook-easy-meal-plans-and-recipes-to-eat-well-keep-the-weight-off/9781939754707,"",2021-01-23T07:27:34.000-08:00,200,"",FP5YMF65YLDOLQPLNJUQVS43SMSROJ4G,text/html,text/html,UTF-8,eng,"",crawl-data/CC-MAIN-2021-04/segments/1610703538082.57/warc/CC-MAIN-20210123125715-20210123155715-00258.warc.gz,967653878,27419,1610703538082.57
"com,secondsale)/i/the-gathering-storm-secularism-culture-and-the-church/9781400220212",https://www.secondsale.com/i/the-gathering-storm-secularism-culture-and-the-church/9781400220212,www.secondsale.com,com,secondsale,www,"","",com,secondsale.com,com,secondsale.com,https,"",/i/the-gathering-storm-secularism-culture-and-the-church/9781400220212,"",2021-01-19T10:43:05.000-08:00,200,"",ZJQAVDS5DR2G2NQRY4RFYWO5S6Z27C75,text/html,text/html,UTF-8,eng,"",crawl-data/CC-MAIN-2021-04/segments/1610703519600.31/warc/CC-MAIN-20210119170058-20210119200058-00262.warc.gz,988765723,26648,1610703519600.31
"com,secondsale)/i/the-gene-keys-unlocking-the-higher-purpose-hidden-in-your-dna/9781780285429",https://www.secondsale.com/i/the-gene-keys-unlocking-the-higher-purpose-hidden-in-your-dna/9781780285429,www.secondsale.com,com,secondsale,www,"","",com,secondsale.com,com,secondsale.com,https,"",/i/the-gene-keys-unlocking-the-higher-purpose-hidden-in-your-dna/9781780285429,"",2021-01-18T15:39:32.000-08:00,200,"",E5QZ56OHC6CDEGF3ZB4VFZ5NBAL7TZVE,text/html,text/html,UTF-8,eng,"",crawl-data/CC-MAIN-2021-04/segments/1610703517159.7/warc/CC-MAIN-20210118220236-20210119010236-00636.warc.gz,964506640,26622,1610703517159.7
"com,secondsale)/i/the-generosity-factor-discover-the-joy-of-giving-your-time-talent-and-treasure/9780310261537",https://www.secondsale.com/i/the-generosity-factor-discover-the-joy-of-giving-your-time-talent-and-treasure/9780310261537,www.secondsale.com,com,secondsale,www,"","",com,secondsale.com,com,secondsale.com,https,"",/i/the-generosity-factor-discover-the-joy-of-giving-your-time-talent-and-treasure/9780310261537,"",2021-01-22T11:43:05.000-08:00,200,"",IHSRCUI3KMYLYP2RFJHG3QXZ6CVV6YP2,text/html,text/html,UTF-8,eng,"",crawl-data/CC-MAIN-2021-04/segments/1610703531335.42/warc/CC-MAIN-20210122175527-20210122205527-00529.warc.gz,962271120,24696,1610703531335.42
"com,secondsale)/i/the-gentle-art-of-swedish-death-cleaning-how-to-free-yourself-and-your-family-from-a-lifetime-of-clutter/9781501173240",https://www.secondsale.com/i/the-gentle-art-of-swedish-death-cleaning-how-to-free-yourself-and-your-family-from-a-lifetime-of-clutter/9781501173240,www.secondsale.com,com,secondsale,www,"","",com,secondsale.com,com,secondsale.com,https,"",/i/the-gentle-art-of-swedish-death-cleaning-how-to-free-yourself-and-your-family-from-a-lifetime-of-clutter/9781501173240,"",2021-01-27T15:45:19.000-08:00,200,"",2TBNYCTFOQ3LT5SF4EGD6GIQVYGNLV36,text/html,text/html,UTF-8,eng,"",crawl-data/CC-MAIN-2021-04/segments/1610704833804.93/warc/CC-MAIN-20210127214413-20210128004413-00191.warc.gz,971122186,27178,1610704833804.93
"com,secondsale)/i/the-gentle-way-a-self-help-guide-for-those-who-believe-in-angels/9781891824609",https://www.secondsale.com/i/the-gentle-way-a-self-help-guide-for-those-who-believe-in-angels/9781891824609,www.secondsale.com,com,secondsale,www,"","",com,secondsale.com,com,secondsale.com,https,"",/i/the-gentle-way-a-self-help-guide-for-those-who-believe-in-angels/9781891824609,"",2021-01-19T05:01:59.000-08:00,200,"",NHZN6URPG6RLYYYAFOARCX2ZPF3RLRE5,text/html,text/html,UTF-8,eng,"",crawl-data/CC-MAIN-2021-04/segments/1610703518240.40/warc/CC-MAIN-20210119103923-20210119133923-00547.warc.gz,1005816823,25805,1610703518240.40
"com,secondsale)/i/the-gentleman-s-guide-to-getting-lucky/9780062967169",https://www.secondsale.com/i/the-gentleman-s-guide-to-getting-lucky/9780062967169,www.secondsale.com,com,secondsale,www,"","",com,secondsale.com,com,secondsale.com,https,"",/i/the-gentleman-s-guide-to-getting-lucky/9780062967169,"",2021-01-22T11:27:40.000-08:00,200,"",6ZTH25QHOOXTX5WQK6QFPJK4ET454KGI,text/html,text/html,UTF-8,eng,"",crawl-data/CC-MAIN-2021-04/segments/1610703531335.42/warc/CC-MAIN-20210122175527-20210122205527-00005.warc.gz,982180824,26679,1610703531335.42
"com,secondsale)/i/the-geography-of-urban-transportation/9781462529650",https://www.secondsale.com/i/the-geography-of-urban-transportation/9781462529650,www.secondsale.com,com,secondsale,www,"","",com,secondsale.com,com,secondsale.com,https,"",/i/the-geography-of-urban-transportation/9781462529650,"",2021-01-23T01:04:05.000-08:00,200,"",AUZ64IGO2MM5WWQKDJRDQEIBOTTZEDYL,text/html,text/html,UTF-8,eng,"",crawl-data/CC-MAIN-2021-04/segments/1610703536556.58/warc/CC-MAIN-20210123063713-20210123093713-00079.warc.gz,969737018,25562,1610703536556.58
"com,secondsale)/i/the-geometry-of-hand-sewing-a-romance-in-stitches-and-embroidery-from-alabama-chanin-and-the-school-of-making/9781419726637",https://www.secondsale.com/i/the-geometry-of-hand-sewing-a-romance-in-stitches-and-embroidery-from-alabama-chanin-and-the-school-of-making/9781419726637,www.secondsale.com,com,secondsale,www,"","",com,secondsale.com,com,secondsale.com,https,"",/i/the-geometry-of-hand-sewing-a-romance-in-stitches-and-embroidery-from-alabama-chanin-and-the-school-of-making/9781419726637,"",2021-01-21T10:33:15.000-08:00,200,"",SVKU4HO3YBML7HZIMHDJT7PDOLODTHWJ,text/html,text/html,UTF-8,eng,"",crawl-data/CC-MAIN-2021-04/segments/1610703527224.75/warc/CC-MAIN-20210121163356-20210121193356-00274.warc.gz,959390323,26343,1610703527224.75
"com,secondsale)/i/the-gerson-therapy-the-proven-nutritional-program-to-fight-cancer-and-other-illnesses/9781496729323",https://www.secondsale.com/i/the-gerson-therapy-the-proven-nutritional-program-to-fight-cancer-and-other-illnesses/9781496729323,www.secondsale.com,com,secondsale,www,"","",com,secondsale.com,com,secondsale.com,https,"",/i/the-gerson-therapy-the-proven-nutritional-program-to-fight-cancer-and-other-illnesses/9781496729323,"",2021-01-23T00:34:29.000-08:00,200,"",NZRUSLCXXXIFCN7Y3LESGPLS4J3Q2FFY,text/html,text/html,UTF-8,eng,"",crawl-data/CC-MAIN-2021-04/segments/1610703536556.58/warc/CC-MAIN-20210123063713-20210123093713-00387.warc.gz,959902435,26820,1610703536556.58
"com,secondsale)/i/the-getaway-diary-of-a-wimpy-kid-book-12/9781419741982",https://www.secondsale.com/i/the-getaway-diary-of-a-wimpy-kid-book-12/9781419741982,www.secondsale.com,com,secondsale,www,"","",com,secondsale.com,com,secondsale.com,https,"",/i/the-getaway-diary-of-a-wimpy-kid-book-12/9781419741982,"",2021-01-23T06:08:16.000-08:00,200,"",XWUJ2K2VAFF5BEEKAHUW4BZOCO6RJOUO,text/html,text/html,UTF-8,eng,"",crawl-data/CC-MAIN-2021-04/segments/1610703538082.57/warc/CC-MAIN-20210123125715-20210123155715-00151.warc.gz,958409004,28433,1610703538082.57
"com,secondsale)/i/the-giant-book-of-christmas-sheet-music-easy-piano/9781470610708",https://www.secondsale.com/i/the-giant-book-of-christmas-sheet-music-easy-piano/9781470610708,www.secondsale.com,com,secondsale,www,"","",com,secondsale.com,com,secondsale.com,https,"",/i/the-giant-book-of-christmas-sheet-music-easy-piano/9781470610708,"",2021-01-23T06:10:49.000-08:00,200,"",FW27DJYVQ272T3TRQRDUKYUVKAGLWTZ7,text/html,text/html,UTF-8,eng,"",crawl-data/CC-MAIN-2021-04/segments/1610703538082.57/warc/CC-MAIN-20210123125715-20210123155715-00102.warc.gz,971943130,24378,1610703538082.57
"com,secondsale)/i/the-gift-of-therapy-an-open-letter-to-a-new-generation-of-therapists-and-their-patients/9780061719615",https://www.secondsale.com/i/the-gift-of-therapy-an-open-letter-to-a-new-generation-of-therapists-and-their-patients/9780061719615,www.secondsale.com,com,secondsale,www,"","",com,secondsale.com,com,secondsale.com,https,"",/i/the-gift-of-therapy-an-open-letter-to-a-new-generation-of-therapists-and-their-patients/9780061719615,"",2021-01-21T23:46:11.000-08:00,200,"",SDBT3OILAWXQIDYRH5RWJDKKLGQJ4XML,text/html,text/html,UTF-8,eng,"",crawl-data/CC-MAIN-2021-04/segments/1610703529128.47/warc/CC-MAIN-20210122051338-20210122081338-00619.warc.gz,992962633,27025,1610703529128.47
"com,secondsale)/i/the-gifts-of-imperfection-let-go-of-who-you-think-you-re-supposed-to-be-and-embrace-who-you-are/9781592858491",https://www.secondsale.com/i/the-gifts-of-imperfection-let-go-of-who-you-think-you-re-supposed-to-be-and-embrace-who-you-are/9781592858491,www.secondsale.com,com,secondsale,www,"","",com,secondsale.com,com,secondsale.com,https,"",/i/the-gifts-of-imperfection-let-go-of-who-you-think-you-re-supposed-to-be-and-embrace-who-you-are/9781592858491,"",2021-01-15T12:28:13.000-08:00,200,"",ZQYIAFF6ZYQJRYUBFN25XKPD22XSTGGY,text/html,text/html,UTF-8,eng,"",crawl-data/CC-MAIN-2021-04/segments/1610703496947.2/warc/CC-MAIN-20210115194851-20210115224851-00683.warc.gz,978481538,27357,1610703496947.2
"com,secondsale)/i/the-gingerbread-man/9781680524499",https://www.secondsale.com/i/the-gingerbread-man/9781680524499,www.secondsale.com,com,secondsale,www,"","",com,secondsale.com,com,secondsale.com,https,"",/i/the-gingerbread-man/9781680524499,"",2021-01-27T02:48:54.000-08:00,200,"",UU43PKU5H47ALFQ2LUG5ZU2JRAOANQLX,text/html,text/html,UTF-8,eng,"",crawl-data/CC-MAIN-2021-04/segments/1610704821381.83/warc/CC-MAIN-20210127090152-20210127120152-00358.warc.gz,987892005,24582,1610704821381.83
"com,secondsale)/i/the-girl-and-the-wolf/9781926886541",https://www.secondsale.com/i/the-girl-and-the-wolf/9781926886541,www.secondsale.com,com,secondsale,www,"","",com,secondsale.com,com,secondsale.com,https,"",/i/the-girl-and-the-wolf/9781926886541,"",2021-01-26T06:12:15.000-08:00,200,"",44OBHWSLZHMEQ6UFH5LGAJQGV7YXFQV3,text/html,text/html,UTF-8,eng,"",crawl-data/CC-MAIN-2021-04/segments/1610704800238.80/warc/CC-MAIN-20210126135838-20210126165838-00300.warc.gz,981785082,23842,1610704800238.80
"com,secondsale)/i/the-girl-from-everywhere/9780062380753",https://www.secondsale.com/i/the-girl-from-everywhere/9780062380753,www.secondsale.com,com,secondsale,www,"","",com,secondsale.com,com,secondsale.com,https,"",/i/the-girl-from-everywhere/9780062380753,"",2021-01-15T19:01:36.000-08:00,200,"",UYDU7YSHSJDZ2ELAYLTUZ7NUUSOAK3FW,text/html,text/html,UTF-8,eng,"",crawl-data/CC-MAIN-2021-04/segments/1610703499999.6/warc/CC-MAIN-20210116014637-20210116044637-00331.warc.gz,1001653994,26646,1610703499999.6
"com,secondsale)/i/the-girl-from-the-other-side-si-il-a-r-n-vol-1/9781626924673",https://www.secondsale.com/i/the-girl-from-the-other-side-si-il-a-r-n-vol-1/9781626924673,www.secondsale.com,com,secondsale,www,"","",com,secondsale.com,com,secondsale.com,https,"",/i/the-girl-from-the-other-side-si-il-a-r-n-vol-1/9781626924673,"",2021-01-19T17:56:33.000-08:00,200,"",ZSKPA6TE4PYUXCMKQSHPGTS4GCK6AFM7,text/html,text/html,UTF-8,eng,"",crawl-data/CC-MAIN-2021-04/segments/1610703519843.24/warc/CC-MAIN-20210119232006-20210120022006-00250.warc.gz,992171096,26999,1610703519843.24
"com,secondsale)/i/the-girl-from-the-other-side-si-il-a-r-n-vol-2/9781626925236",https://www.secondsale.com/i/the-girl-from-the-other-side-si-il-a-r-n-vol-2/9781626925236,www.secondsale.com,com,secondsale,www,"","",com,secondsale.com,com,secondsale.com,https,"",/i/the-girl-from-the-other-side-si-il-a-r-n-vol-2/9781626925236,"",2021-01-17T15:07:38.000-08:00,200,"",T33ZLNZIJ77VS4OELEIE2PAZPXSKLC25,text/html,text/html,UTF-8,eng,"",crawl-data/CC-MAIN-2021-04/segments/1610703513194.17/warc/CC-MAIN-20210117205246-20210117235246-00637.warc.gz,988523198,24778,1610703513194.17
"com,secondsale)/i/the-girl-from-the-other-side-si-il-a-r-n-vol-3/9781626925588",https://www.secondsale.com/i/the-girl-from-the-other-side-si-il-a-r-n-vol-3/9781626925588,www.secondsale.com,com,secondsale,www,"","",com,secondsale.com,com,secondsale.com,https,"",/i/the-girl-from-the-other-side-si-il-a-r-n-vol-3/9781626925588,"",2021-01-27T02:17:47.000-08:00,200,"",2AVWY462XOPILX52WX2UUEMCJHANK7CM,text/html,text/html,UTF-8,eng,"",crawl-data/CC-MAIN-2021-04/segments/1610704821381.83/warc/CC-MAIN-20210127090152-20210127120152-00286.warc.gz,962796844,26331,1610704821381.83
"com,secondsale)/i/the-girl-from-the-other-side-si-il-a-r-n-vol-4/9781626927018",https://www.secondsale.com/i/the-girl-from-the-other-side-si-il-a-r-n-vol-4/9781626927018,www.secondsale.com,com,secondsale,www,"","",com,secondsale.com,com,secondsale.com,https,"",/i/the-girl-from-the-other-side-si-il-a-r-n-vol-4/9781626927018,"",2021-01-17T13:20:45.000-08:00,200,"",MVW4F773243AA7OTIQ2L6JXJH45FK6XO,text/html,text/html,UTF-8,eng,"",crawl-data/CC-MAIN-2021-04/segments/1610703513194.17/warc/CC-MAIN-20210117205246-20210117235246-00607.warc.gz,983686542,25837,1610703513194.17
"com,secondsale)/i/the-girl-from-the-other-side-si-il-a-r-n-vol-5/9781626928473",https://www.secondsale.com/i/the-girl-from-the-other-side-si-il-a-r-n-vol-5/9781626928473,www.secondsale.com,com,secondsale,www,"","",com,secondsale.com,com,secondsale.com,https,"",/i/the-girl-from-the-other-side-si-il-a-r-n-vol-5/9781626928473,"",2021-01-19T06:10:16.000-08:00,200,"",NCJE64GLCJ5BRMFBLYX7OW5XUGC23NKI,text/html,text/html,UTF-8,eng,"",crawl-data/CC-MAIN-2021-04/segments/1610703519395.23/warc/CC-MAIN-20210119135001-20210119165001-00184.warc.gz,998839472,25349,1610703519395.23
"com,secondsale)/i/the-girl-from-the-other-side-si-il-a-r-n-vol-7/9781642751161",https://www.secondsale.com/i/the-girl-from-the-other-side-si-il-a-r-n-vol-7/9781642751161,www.secondsale.com,com,secondsale,www,"","",com,secondsale.com,com,secondsale.com,https,"",/i/the-girl-from-the-other-side-si-il-a-r-n-vol-7/9781642751161,"",2021-01-27T12:01:36.000-08:00,200,"",XT6IQV5EN7XFODT3EVEGTDNC2YF3CGMY,text/html,text/html,UTF-8,eng,"",crawl-data/CC-MAIN-2021-04/segments/1610704832583.88/warc/CC-MAIN-20210127183317-20210127213317-00508.warc.gz,988777237,26424,1610704832583.88
"com,secondsale)/i/the-girl-from-the-other-side-si-il-a-r-n-vol-9/9781645055174",https://www.secondsale.com/i/the-girl-from-the-other-side-si-il-a-r-n-vol-9/9781645055174,www.secondsale.com,com,secondsale,www,"","",com,secondsale.com,com,secondsale.com,https,"",/i/the-girl-from-the-other-side-si-il-a-r-n-vol-9/9781645055174,"",2021-01-27T03:36:54.000-08:00,200,"",5WRBFX337FUOAHTLRM2B5KXQ5DJ7CUKR,text/html,text/html,UTF-8,eng,"",crawl-data/CC-MAIN-2021-04/segments/1610704821381.83/warc/CC-MAIN-20210127090152-20210127120152-00166.warc.gz,970012631,24132,1610704821381.83
"com,secondsale)/i/the-girl-i-used-to-be/9781627793322",https://www.secondsale.com/i/the-girl-i-used-to-be/9781627793322,www.secondsale.com,com,secondsale,www,"","",com,secondsale.com,com,secondsale.com,https,"",/i/the-girl-i-used-to-be/9781627793322,"",2021-01-21T23:46:59.000-08:00,200,"",XE4SY5G3H3PH24FXIMZWO6LBH2E2EO4D,text/html,text/html,UTF-8,eng,"",crawl-data/CC-MAIN-2021-04/segments/1610703529128.47/warc/CC-MAIN-20210122051338-20210122081338-00661.warc.gz,982343551,25450,1610703529128.47
"com,secondsale)/i/the-girl-in-the-picture/9780385743907",https://www.secondsale.com/i/the-girl-in-the-picture/9780385743907,www.secondsale.com,com,secondsale,www,"","",com,secondsale.com,com,secondsale.com,https,"",/i/the-girl-in-the-picture/9780385743907,"",2021-01-24T10:35:55.000-08:00,200,"",UV2F6FZ7GJHARZXY4BW44BKDOETOA6L6,text/html,text/html,UTF-8,eng,"",crawl-data/CC-MAIN-2021-04/segments/1610703550617.50/warc/CC-MAIN-20210124173052-20210124203052-00004.warc.gz,967390276,26634,1610703550617.50
"com,secondsale)/i/the-girl-who-lived-a-thrilling-suspense-novel/9781683993025",https://www.secondsale.com/i/the-girl-who-lived-a-thrilling-suspense-novel/9781683993025,www.secondsale.com,com,secondsale,www,"","",com,secondsale.com,com,secondsale.com,https,"",/i/the-girl-who-lived-a-thrilling-suspense-novel/9781683993025,"",2021-01-21T16:41:49.000-08:00,200,"",Q4YT77F6LRFPXM5V5PRUWRBVMB6SIYSN,text/html,text/html,UTF-8,eng,"",crawl-data/CC-MAIN-2021-04/segments/1610703528672.38/warc/CC-MAIN-20210121225305-20210122015305-00239.warc.gz,980840951,28336,1610703528672.38
"com,secondsale)/i/the-girl-who-lived-a-thrilling-suspense-novel/9781683993056",https://www.secondsale.com/i/the-girl-who-lived-a-thrilling-suspense-novel/9781683993056,www.secondsale.com,com,secondsale,www,"","",com,secondsale.com,com,secondsale.com,https,"",/i/the-girl-who-lived-a-thrilling-suspense-novel/9781683993056,"",2021-01-22T20:14:38.000-08:00,200,"",YJE77RSSHCIKVIKY2RDJR7PBMRFQOJWE,text/html,text/html,UTF-8,eng,"",crawl-data/CC-MAIN-2021-04/segments/1610703533863.67/warc/CC-MAIN-20210123032629-20210123062629-00333.warc.gz,971849569,25299,1610703533863.67
"com,secondsale)/i/the-girl-who-lived-a-thrilling-suspense-novel/9781683993063",https://www.secondsale.com/i/the-girl-who-lived-a-thrilling-suspense-novel/9781683993063,www.secondsale.com,com,secondsale,www,"","",com,secondsale.com,com,secondsale.com,https,"",/i/the-girl-who-lived-a-thrilling-suspense-novel/9781683993063,"",2021-01-21T03:40:41.000-08:00,200,"",EISN2HAN6LVTW5QIJA3AMTLXEOMMPDRO,text/html,text/html,UTF-8,eng,"",crawl-data/CC-MAIN-2021-04/segments/1610703524743.61/warc/CC-MAIN-20210121101406-20210121131406-00361.warc.gz,974459421,28131,1610703524743.61
"com,secondsale)/i/the-girl-who-sang-to-the-buffalo-a-child-an-elder-and-the-light-from-an-ancient-sky/9781608680153",https://www.secondsale.com/i/the-girl-who-sang-to-the-buffalo-a-child-an-elder-and-the-light-from-an-ancient-sky/9781608680153,www.secondsale.com,com,secondsale,www,"","",com,secondsale.com,com,secondsale.com,https,"",/i/the-girl-who-sang-to-the-buffalo-a-child-an-elder-and-the-light-from-an-ancient-sky/9781608680153,"",2021-01-24T21:13:42.000-08:00,200,"",RUIKRIQ6KYII4XSHLFDEL4EJTKA7HXKG,text/html,text/html,UTF-8,eng,"",crawl-data/CC-MAIN-2021-04/segments/1610703564029.59/warc/CC-MAIN-20210125030118-20210125060118-00513.warc.gz,979981608,26974,1610703564029.59
"com,secondsale)/i/the-girl-who-was-supposed-to-die/9781480592575",https://www.secondsale.com/i/the-girl-who-was-supposed-to-die/9781480592575,www.secondsale.com,com,secondsale,www,"","",com,secondsale.com,com,secondsale.com,https,"",/i/the-girl-who-was-supposed-to-die/9781480592575,"",2021-01-17T07:36:34.000-08:00,200,"",4ZYZDUR2FOIDU7EKZK227NEHP3BVHXL7,text/html,text/html,UTF-8,eng,"",crawl-data/CC-MAIN-2021-04/segments/1610703513062.16/warc/CC-MAIN-20210117143625-20210117173625-00153.warc.gz,995642020,24115,1610703513062.16
"com,secondsale)/i/the-girl-with-seven-names-lib-e-a-north-korean-defector-s-story/9780008346546",https://www.secondsale.com/i/the-girl-with-seven-names-lib-e-a-north-korean-defector-s-story/9780008346546,www.secondsale.com,com,secondsale,www,"","",com,secondsale.com,com,secondsale.com,https,"",/i/the-girl-with-seven-names-lib-e-a-north-korean-defector-s-story/9780008346546,"",2021-01-20T09:07:59.000-08:00,200,"",VQXHIFK5KIQ7HZZFU6X3UBQM5VEWBWBD,text/html,text/html,UTF-8,eng,"",crawl-data/CC-MAIN-2021-04/segments/1610703521139.30/warc/CC-MAIN-20210120151257-20210120181257-00005.warc.gz,961866432,25280,1610703521139.30
"com,secondsale)/i/the-girl-with-seven-names/9780007554850",https://www.secondsale.com/i/the-girl-with-seven-names/9780007554850,www.secondsale.com,com,secondsale,www,"","",com,secondsale.com,com,secondsale.com,https,"",/i/the-girl-with-seven-names/9780007554850,"",2021-01-19T17:54:25.000-08:00,200,"",W35XSO2A5KSHGWMTBNEW74D7SEN4LJU5,text/html,text/html,UTF-8,eng,"",crawl-data/CC-MAIN-2021-04/segments/1610703519843.24/warc/CC-MAIN-20210119232006-20210120022006-00167.warc.gz,999277957,26434,1610703519843.24
"com,secondsale)/i/the-girl-with-the-louding-voice/9781524746025",https://www.secondsale.com/i/the-girl-with-the-louding-voice/9781524746025,www.secondsale.com,com,secondsale,www,"","",com,secondsale.com,com,secondsale.com,https,"",/i/the-girl-with-the-louding-voice/9781524746025,"",2021-01-27T03:35:02.000-08:00,200,"",3VGX4YXYME4JRBAUOSBHZTJC5ZKSXHHF,text/html,text/html,UTF-8,eng,"",crawl-data/CC-MAIN-2021-04/segments/1610704821381.83/warc/CC-MAIN-20210127090152-20210127120152-00178.warc.gz,964159329,25625,1610704821381.83
"com,secondsale)/i/the-girls-who-went-away-the-hidden-history-of-women-who-surrendered-children-for-adoption-in-the-decades-before-roe-v-wade/9780143038979",https://www.secondsale.com/i/the-girls-who-went-away-the-hidden-history-of-women-who-surrendered-children-for-adoption-in-the-decades-before-roe-v-wade/9780143038979,www.secondsale.com,com,secondsale,www,"","",com,secondsale.com,com,secondsale.com,https,"",/i/the-girls-who-went-away-the-hidden-history-of-women-who-surrendered-children-for-adoption-in-the-decades-before-roe-v-wade/9780143038979,"",2021-01-19T14:09:22.000-08:00,200,"",MQK6F32SPSNN6ZLXET4LOW5LETTA47XQ,text/html,text/html,UTF-8,eng,"",crawl-data/CC-MAIN-2021-04/segments/1610703519784.35/warc/CC-MAIN-20210119201033-20210119231033-00302.warc.gz,975836961,26013,1610703519784.35
"com,secondsale)/i/the-giver-25th-anniversary-edition/9781328471222",https://www.secondsale.com/i/the-giver-25th-anniversary-edition/9781328471222,www.secondsale.com,com,secondsale,www,"","",com,secondsale.com,com,secondsale.com,https,"",/i/the-giver-25th-anniversary-edition/9781328471222,"",2021-01-19T04:31:39.000-08:00,200,"",2GKMLNCCF6JFCP7W4GELVESPHHUPOMVM,text/html,text/html,UTF-8,eng,"",crawl-data/CC-MAIN-2021-04/segments/1610703518240.40/warc/CC-MAIN-20210119103923-20210119133923-00650.warc.gz,986946737,26955,1610703518240.40
"com,secondsale)/i/the-giver-quartet-boxed-set/9780544340626",https://www.secondsale.com/i/the-giver-quartet-boxed-set/9780544340626,www.secondsale.com,com,secondsale,www,"","",com,secondsale.com,com,secondsale.com,https,"",/i/the-giver-quartet-boxed-set/9780544340626,"",2021-01-20T00:15:35.000-08:00,200,"",3KQ6QK4PXVXBEAHYOFK2XHQT5EHHJWSF,text/html,text/html,UTF-8,eng,"",crawl-data/CC-MAIN-2021-04/segments/1610703519923.26/warc/CC-MAIN-20210120054203-20210120084203-00531.warc.gz,982360065,24509,1610703519923.26
"com,secondsale)/i/the-glass-castle-a-memoir/9781442339705",https://www.secondsale.com/i/the-glass-castle-a-memoir/9781442339705,www.secondsale.com,com,secondsale,www,"","",com,secondsale.com,com,secondsale.com,https,"",/i/the-glass-castle-a-memoir/9781442339705,"",2021-01-27T18:35:12.000-08:00,200,"",4XSYMEEUSDMB5QU2EF6UZ5QXYELRUELE,text/html,text/html,UTF-8,eng,"",crawl-data/CC-MAIN-2021-04/segments/1610704835583.91/warc/CC-MAIN-20210128005448-20210128035448-00742.warc.gz,983636888,27642,1610704835583.91
"com,secondsale)/i/the-glass-castle-a-memoir/9781508239741",https://www.secondsale.com/i/the-glass-castle-a-memoir/9781508239741,www.secondsale.com,com,secondsale,www,"","",com,secondsale.com,com,secondsale.com,https,"",/i/the-glass-castle-a-memoir/9781508239741,"",2021-01-27T19:41:09.000-08:00,200,"",2H4YNHNZKB7KZS3X743FEZJM6ZUQ4OP7,text/html,text/html,UTF-8,eng,"",crawl-data/CC-MAIN-2021-04/segments/1610704835583.91/warc/CC-MAIN-20210128005448-20210128035448-00490.warc.gz,953196649,24774,1610704835583.91
"com,secondsale)/i/the-glass-menagerie-signet/9780451166364",https://www.secondsale.com/i/the-glass-menagerie-signet/9780451166364,www.secondsale.com,com,secondsale,www,"","",com,secondsale.com,com,secondsale.com,https,"",/i/the-glass-menagerie-signet/9780451166364,"",2021-01-26T08:20:36.000-08:00,200,"",IZQ72HWSYR6GB2BPZKBPTVAO3NU6FXU2,text/html,text/html,UTF-8,eng,"",crawl-data/CC-MAIN-2021-04/segments/1610704800238.80/warc/CC-MAIN-20210126135838-20210126165838-00588.warc.gz,987121294,24328,1610704800238.80
"com,secondsale)/i/the-glass-palace/9780375758775",https://www.secondsale.com/i/the-glass-palace/9780375758775,www.secondsale.com,com,secondsale,www,"","",com,secondsale.com,com,secondsale.com,https,"",/i/the-glass-palace/9780375758775,"",2021-01-22T17:45:30.000-08:00,200,"",PGTJ3SUQ74ZPKFB5W4MOY7ART6O65CBG,text/html,text/html,UTF-8,eng,"",crawl-data/CC-MAIN-2021-04/segments/1610703531702.36/warc/CC-MAIN-20210123001629-20210123031629-00412.warc.gz,980938271,25825,1610703531702.36
"com,secondsale)/i/the-global-economy-as-you-ve-never-seen-it-99-ingenious-infographics-that-put-it-all-together/9781615195176",https://www.secondsale.com/i/the-global-economy-as-you-ve-never-seen-it-99-ingenious-infographics-that-put-it-all-together/9781615195176,www.secondsale.com,com,secondsale,www,"","",com,secondsale.com,com,secondsale.com,https,"",/i/the-global-economy-as-you-ve-never-seen-it-99-ingenious-infographics-that-put-it-all-together/9781615195176,"",2021-01-15T18:53:59.000-08:00,200,"",L456QWC2HOERPRZNFB2DW26O6ICQS6F3,text/html,text/html,UTF-8,eng,"",crawl-data/CC-MAIN-2021-04/segments/1610703499999.6/warc/CC-MAIN-20210116014637-20210116044637-00007.warc.gz,985333387,26717,1610703499999.6
"com,secondsale)/i/the-glorious-pursuit-becoming-who-god-created-us-to-be/9781641582841",https://www.secondsale.com/i/the-glorious-pursuit-becoming-who-god-created-us-to-be/9781641582841,www.secondsale.com,com,secondsale,www,"","",com,secondsale.com,com,secondsale.com,https,"",/i/the-glorious-pursuit-becoming-who-god-created-us-to-be/9781641582841,"",2021-01-18T10:11:55.000-08:00,200,"",OY2COUASSUG7FLOWDBWEN4Z47TMQ67OE,text/html,text/html,UTF-8,eng,"",crawl-data/CC-MAIN-2021-04/segments/1610703515075.32/warc/CC-MAIN-20210118154332-20210118184332-00015.warc.gz,992365246,25286,1610703515075.32
"com,secondsale)/i/the-go-for-gold-gymnasts-book-3-reaching-high-go-for-gold-gymnasts-the/9781423136576",https://www.secondsale.com/i/the-go-for-gold-gymnasts-book-3-reaching-high-go-for-gold-gymnasts-the/9781423136576,www.secondsale.com,com,secondsale,www,"","",com,secondsale.com,com,secondsale.com,https,"",/i/the-go-for-gold-gymnasts-book-3-reaching-high-go-for-gold-gymnasts-the/9781423136576,"",2021-01-23T22:45:44.000-08:00,200,"",OMMXSCREVJ46PRSXU3NE4WMS4VQA6S7F,text/html,text/html,UTF-8,eng,"",crawl-data/CC-MAIN-2021-04/segments/1610703547333.68/warc/CC-MAIN-20210124044618-20210124074618-00669.warc.gz,962572077,23451,1610703547333.68
"com,secondsale)/i/the-go-for-gold-gymnasts-book-4-unexpected-twist-go-for-gold-gymnasts-the/9781423136583",https://www.secondsale.com/i/the-go-for-gold-gymnasts-book-4-unexpected-twist-go-for-gold-gymnasts-the/9781423136583,www.secondsale.com,com,secondsale,www,"","",com,secondsale.com,com,secondsale.com,https,"",/i/the-go-for-gold-gymnasts-book-4-unexpected-twist-go-for-gold-gymnasts-the/9781423136583,"",2021-01-23T22:09:41.000-08:00,200,"",ZAPWRRZLXCBC3N4KUNAP25WKJU6DOCKD,text/html,text/html,UTF-8,eng,"",crawl-data/CC-MAIN-2021-04/segments/1610703547333.68/warc/CC-MAIN-20210124044618-20210124074618-00421.warc.gz,960835379,21677,1610703547333.68
"com,secondsale)/i/the-god-game-a-god-s-eye-view-of-the-world/9780943015408",https://www.secondsale.com/i/the-god-game-a-god-s-eye-view-of-the-world/9780943015408,www.secondsale.com,com,secondsale,www,"","",com,secondsale.com,com,secondsale.com,https,"",/i/the-god-game-a-god-s-eye-view-of-the-world/9780943015408,"",2021-01-25T06:38:31.000-08:00,200,"",NZ3N3KRAYBOY6SYM4KFHK4JM3YQ4FE7S,text/html,text/html,UTF-8,eng,"",crawl-data/CC-MAIN-2021-04/segments/1610703581888.64/warc/CC-MAIN-20210125123120-20210125153120-00002.warc.gz,943838147,24314,1610703581888.64
"com,secondsale)/i/the-going-to-bed-book/9780671449025",https://www.secondsale.com/i/the-going-to-bed-book/9780671449025,www.secondsale.com,com,secondsale,www,"","",com,secondsale.com,com,secondsale.com,https,"",/i/the-going-to-bed-book/9780671449025,"",2021-01-27T16:26:53.000-08:00,200,"",CC2BITXVKF2KJMIUU2IAHWFCSEMVHDZZ,text/html,text/html,UTF-8,eng,"",crawl-data/CC-MAIN-2021-04/segments/1610704833804.93/warc/CC-MAIN-20210127214413-20210128004413-00381.warc.gz,936565697,25675,1610704833804.93
"com,secondsale)/i/the-golden-girls-magnet-set/9780762493746",https://www.secondsale.com/i/the-golden-girls-magnet-set/9780762493746,www.secondsale.com,com,secondsale,www,"","",com,secondsale.com,com,secondsale.com,https,"",/i/the-golden-girls-magnet-set/9780762493746,"",2021-01-26T23:01:47.000-08:00,200,"",3F55JKQIYKGU2AARQZR35NLGQL465XWA,text/html,text/html,UTF-8,eng,"",crawl-data/CC-MAIN-2021-04/segments/1610704821253.82/warc/CC-MAIN-20210127055122-20210127085122-00438.warc.gz,980872407,25393,1610704821253.82
"com,secondsale)/i/the-golden-girls-twas-the-night-before-christmas/9781524789923",https://www.secondsale.com/i/the-golden-girls-twas-the-night-before-christmas/9781524789923,www.secondsale.com,com,secondsale,www,"","",com,secondsale.com,com,secondsale.com,https,"",/i/the-golden-girls-twas-the-night-before-christmas/9781524789923,"",2021-01-17T08:36:36.000-08:00,200,"",NQ3NEEIDJZVNDSVMBDZ5PPMJIKRXLYV2,text/html,text/html,UTF-8,eng,"",crawl-data/CC-MAIN-2021-04/segments/1610703513062.16/warc/CC-MAIN-20210117143625-20210117173625-00370.warc.gz,999536543,24724,1610703513062.16
"com,secondsale)/i/the-golden-theme-how-to-make-your-writing-appeal-to-the-highest-common-denominator/9780998534411",https://www.secondsale.com/i/the-golden-theme-how-to-make-your-writing-appeal-to-the-highest-common-denominator/9780998534411,www.secondsale.com,com,secondsale,www,"","",com,secondsale.com,com,secondsale.com,https,"",/i/the-golden-theme-how-to-make-your-writing-appeal-to-the-highest-common-denominator/9780998534411,"",2021-01-25T02:48:30.000-08:00,200,"",4YDGRMANFWPVIFAHDEKBCG5SO3EBIXRC,text/html,text/html,UTF-8,eng,"",crawl-data/CC-MAIN-2021-04/segments/1610703565541.79/warc/CC-MAIN-20210125092143-20210125122143-00067.warc.gz,961292971,25199,1610703565541.79
"com,secondsale)/i/the-good-egg/9780062866004",https://www.secondsale.com/i/the-good-egg/9780062866004,www.secondsale.com,com,secondsale,www,"","",com,secondsale.com,com,secondsale.com,https,"",/i/the-good-egg/9780062866004,"",2021-01-20T15:39:36.000-08:00,200,"",I7XMERJKOYLV3DWNJ2XF2ITQQH246ZAW,text/html,text/html,UTF-8,eng,"",crawl-data/CC-MAIN-2021-04/segments/1610703522133.33/warc/CC-MAIN-20210120213234-20210121003234-00436.warc.gz,998258338,26283,1610703522133.33
"com,secondsale)/i/the-good-occupation-american-soldiers-and-the-hazards-of-peace/9780674545700",https://www.secondsale.com/i/the-good-occupation-american-soldiers-and-the-hazards-of-peace/9780674545700,www.secondsale.com,com,secondsale,www,"","",com,secondsale.com,com,secondsale.com,https,"",/i/the-good-occupation-american-soldiers-and-the-hazards-of-peace/9780674545700,"",2021-01-19T05:02:28.000-08:00,200,"",5EABI4AP6IFXS77KNQNPSKIB72IW4RB5,text/html,text/html,UTF-8,eng,"",crawl-data/CC-MAIN-2021-04/segments/1610703518240.40/warc/CC-MAIN-20210119103923-20210119133923-00738.warc.gz,987812142,26846,1610703518240.40
"com,secondsale)/i/the-good-witch-s-guide-volume-2-a-modern-day-wiccapedia-of-magickal-ingredients-and-spells/9781454919520",https://www.secondsale.com/i/the-good-witch-s-guide-volume-2-a-modern-day-wiccapedia-of-magickal-ingredients-and-spells/9781454919520,www.secondsale.com,com,secondsale,www,"","",com,secondsale.com,com,secondsale.com,https,"",/i/the-good-witch-s-guide-volume-2-a-modern-day-wiccapedia-of-magickal-ingredients-and-spells/9781454919520,"",2021-01-27T06:46:09.000-08:00,200,"",JVXADZWW4C3EE5RF4NSP3YT5WPQEY4U3,text/html,text/html,UTF-8,eng,"",crawl-data/CC-MAIN-2021-04/segments/1610704824728.92/warc/CC-MAIN-20210127121330-20210127151330-00484.warc.gz,986443441,26189,1610704824728.92
"com,secondsale)/i/the-goodnight-train/9780547718989",https://www.secondsale.com/i/the-goodnight-train/9780547718989,www.secondsale.com,com,secondsale,www,"","",com,secondsale.com,com,secondsale.com,https,"",/i/the-goodnight-train/9780547718989,"",2021-01-17T05:03:39.000-08:00,200,"",ZQ6XLVTSELBIEPYUYSBBIPSP3Q3EQYRL,text/html,text/html,UTF-8,eng,"",crawl-data/CC-MAIN-2021-04/segments/1610703512342.19/warc/CC-MAIN-20210117112618-20210117142618-00041.warc.gz,988443249,25668,1610703512342.19
"com,secondsale)/i/the-gospel-according-to-larry/9781250044389",https://www.secondsale.com/i/the-gospel-according-to-larry/9781250044389,www.secondsale.com,com,secondsale,www,"","",com,secondsale.com,com,secondsale.com,https,"",/i/the-gospel-according-to-larry/9781250044389,"",2021-01-16T00:38:56.000-08:00,200,"",OPL2WGCV773UHC2AFXVRAJE6N5S7YM76,text/html,text/html,UTF-8,eng,"",crawl-data/CC-MAIN-2021-04/segments/1610703505861.1/warc/CC-MAIN-20210116074510-20210116104510-00621.warc.gz,978217895,27584,1610703505861.1
"com,secondsale)/i/the-gospel-of-thomas-annotated-explained/9781683363750",https://www.secondsale.com/i/the-gospel-of-thomas-annotated-explained/9781683363750,www.secondsale.com,com,secondsale,www,"","",com,secondsale.com,com,secondsale.com,https,"",/i/the-gospel-of-thomas-annotated-explained/9781683363750,"",2021-01-22T12:27:34.000-08:00,200,"",NGSN6OGZBCIKMESM4QEBGPFAFED75SCK,text/html,text/html,UTF-8,eng,"",crawl-data/CC-MAIN-2021-04/segments/1610703531335.42/warc/CC-MAIN-20210122175527-20210122205527-00598.warc.gz,982034847,25217,1610703531335.42
"com,secondsale)/i/the-grace-year/9781250241252",https://www.secondsale.com/i/the-grace-year/9781250241252,www.secondsale.com,com,secondsale,www,"","",com,secondsale.com,com,secondsale.com,https,"",/i/the-grace-year/9781250241252,"",2021-01-17T05:28:04.000-08:00,200,"",QEXM5TUHRLCFD3EH44OHYRUXMAEXM6CA,text/html,text/html,UTF-8,eng,"",crawl-data/CC-MAIN-2021-04/segments/1610703512342.19/warc/CC-MAIN-20210117112618-20210117142618-00469.warc.gz,980013560,27478,1610703512342.19
"com,secondsale)/i/the-grace-year/9781250623225",https://www.secondsale.com/i/the-grace-year/9781250623225,www.secondsale.com,com,secondsale,www,"","",com,secondsale.com,com,secondsale.com,https,"",/i/the-grace-year/9781250623225,"",2021-01-15T07:58:57.000-08:00,200,"",LMRMGA7IPWTSX6QD4V4FRQWWOL43Y27T,text/html,text/html,UTF-8,eng,"",crawl-data/CC-MAIN-2021-04/segments/1610703495901.0/warc/CC-MAIN-20210115134101-20210115164101-00563.warc.gz,1115114408,24820,1610703495901.0
"com,secondsale)/i/the-grace-year/9781432876104",https://www.secondsale.com/i/the-grace-year/9781432876104,www.secondsale.com,com,secondsale,www,"","",com,secondsale.com,com,secondsale.com,https,"",/i/the-grace-year/9781432876104,"",2021-01-24T18:04:24.000-08:00,200,"",7QSH3MRMCBW5IKKCJMLILHI7FZYATIUO,text/html,text/html,UTF-8,eng,"",crawl-data/CC-MAIN-2021-04/segments/1610703561996.72/warc/CC-MAIN-20210124235054-20210125025054-00441.warc.gz,960486112,24246,1610703561996.72
"com,secondsale)/i/the-grain-brain-whole-life-plan-boost-brain-performance-lose-weight-and-achieve-optimal-health/9780316464291",https://www.secondsale.com/i/the-grain-brain-whole-life-plan-boost-brain-performance-lose-weight-and-achieve-optimal-health/9780316464291,www.secondsale.com,com,secondsale,www,"","",com,secondsale.com,com,secondsale.com,https,"",/i/the-grain-brain-whole-life-plan-boost-brain-performance-lose-weight-and-achieve-optimal-health/9780316464291,"",2021-01-15T10:17:38.000-08:00,200,"",H7GIOUPYGGEHY74556QNAHEWAKOGN4HS,text/html,text/html,UTF-8,eng,"",crawl-data/CC-MAIN-2021-04/segments/1610703495936.3/warc/CC-MAIN-20210115164417-20210115194417-00125.warc.gz,1109935029,26457,1610703495936.3
"com,secondsale)/i/the-grammar-guidebook-a-complete-reference-tool-for-young-writers-aspiring-rhetoricians-and-anyone-else-who-needs-to-understand-how-englis/9781945841576",https://www.secondsale.com/i/the-grammar-guidebook-a-complete-reference-tool-for-young-writers-aspiring-rhetoricians-and-anyone-else-who-needs-to-understand-how-englis/9781945841576,www.secondsale.com,com,secondsale,www,"","",com,secondsale.com,com,secondsale.com,https,"",/i/the-grammar-guidebook-a-complete-reference-tool-for-young-writers-aspiring-rhetoricians-and-anyone-else-who-needs-to-understand-how-englis/9781945841576,"",2021-01-17T08:44:37.000-08:00,200,"",MGQWMTKESYKG6OIWTT23LSPVDVPYEVVJ,text/html,text/html,UTF-8,eng,"",crawl-data/CC-MAIN-2021-04/segments/1610703513062.16/warc/CC-MAIN-20210117143625-20210117173625-00370.warc.gz,999562251,26209,1610703513062.16
"com,secondsale)/i/the-grandfamily-guidebook-wisdom-and-support-for-grandparents-raising-grandchildren/9781616497576",https://www.secondsale.com/i/the-grandfamily-guidebook-wisdom-and-support-for-grandparents-raising-grandchildren/9781616497576,www.secondsale.com,com,secondsale,www,"","",com,secondsale.com,com,secondsale.com,https,"",/i/the-grandfamily-guidebook-wisdom-and-support-for-grandparents-raising-grandchildren/9781616497576,"",2021-01-24T11:52:12.000-08:00,200,"",774JTBYVM6BKHZSHXG5DAR3YIM5JJEZN,text/html,text/html,UTF-8,eng,"",crawl-data/CC-MAIN-2021-04/segments/1610703550617.50/warc/CC-MAIN-20210124173052-20210124203052-00785.warc.gz,1005015190,26180,1610703550617.50
"com,secondsale)/i/the-granite-landscape-a-natural-history-of-america-s-mountain-domes-from-acadia-to-yosemite/9780881504293",https://www.secondsale.com/i/the-granite-landscape-a-natural-history-of-america-s-mountain-domes-from-acadia-to-yosemite/9780881504293,www.secondsale.com,com,secondsale,www,"","",com,secondsale.com,com,secondsale.com,https,"",/i/the-granite-landscape-a-natural-history-of-america-s-mountain-domes-from-acadia-to-yosemite/9780881504293,"",2021-01-17T21:21:59.000-08:00,200,"",YX5GNQT5TORBSUUN2H3YGQXXN72AUA6J,text/html,text/html,UTF-8,eng,"",crawl-data/CC-MAIN-2021-04/segments/1610703514121.8/warc/CC-MAIN-20210118030549-20210118060549-00681.warc.gz,979425413,25637,1610703514121.8
"com,secondsale)/i/the-great-american-stickup-how-reagan-republicans-and-clinton-democrats-enriched-wall-street-while-mugging-main-street/9781568584348",https://www.secondsale.com/i/the-great-american-stickup-how-reagan-republicans-and-clinton-democrats-enriched-wall-street-while-mugging-main-street/9781568584348,www.secondsale.com,com,secondsale,www,"","",com,secondsale.com,com,secondsale.com,https,"",/i/the-great-american-stickup-how-reagan-republicans-and-clinton-democrats-enriched-wall-street-while-mugging-main-street/9781568584348,"",2021-01-17T20:31:20.000-08:00,200,"",LG366BSNI6FOZA32LMGDKEOCOF5KPYCU,text/html,text/html,UTF-8,eng,"",crawl-data/CC-MAIN-2021-04/segments/1610703514121.8/warc/CC-MAIN-20210118030549-20210118060549-00486.warc.gz,983289824,25929,1610703514121.8
"com,secondsale)/i/the-great-british-bake-off-everyday/9781849906081",https://www.secondsale.com/i/the-great-british-bake-off-everyday/9781849906081,www.secondsale.com,com,secondsale,www,"","",com,secondsale.com,com,secondsale.com,https,"",/i/the-great-british-bake-off-everyday/9781849906081,"",2021-01-20T11:35:43.000-08:00,200,"",HOJPZPZXR5EAFXQOGC2V5G4JY5MO5P7Z,text/html,text/html,UTF-8,eng,"",crawl-data/CC-MAIN-2021-04/segments/1610703521987.71/warc/CC-MAIN-20210120182259-20210120212259-00782.warc.gz,990188960,25281,1610703521987.71
"com,secondsale)/i/the-great-british-bake-off-how-to-bake-the-perfect-victoria-sponge-and-other-baking-secrets/9781849902687",https://www.secondsale.com/i/the-great-british-bake-off-how-to-bake-the-perfect-victoria-sponge-and-other-baking-secrets/9781849902687,www.secondsale.com,com,secondsale,www,"","",com,secondsale.com,com,secondsale.com,https,"",/i/the-great-british-bake-off-how-to-bake-the-perfect-victoria-sponge-and-other-baking-secrets/9781849902687,"",2021-01-21T01:45:07.000-08:00,200,"",Q6MB4BFC57QHNI33EQ7DCN34RHU6IG6J,text/html,text/html,UTF-8,eng,"",crawl-data/CC-MAIN-2021-04/segments/1610703524270.28/warc/CC-MAIN-20210121070324-20210121100324-00412.warc.gz,972771650,25502,1610703524270.28
"com,secondsale)/i/the-great-british-book-of-baking-120-best-loved-recipes-from-teatime-treats-to-pies-and-pasties/9780718157111",https://www.secondsale.com/i/the-great-british-book-of-baking-120-best-loved-recipes-from-teatime-treats-to-pies-and-pasties/9780718157111,www.secondsale.com,com,secondsale,www,"","",com,secondsale.com,com,secondsale.com,https,"",/i/the-great-british-book-of-baking-120-best-loved-recipes-from-teatime-treats-to-pies-and-pasties/9780718157111,"",2021-01-26T07:48:03.000-08:00,200,"",E72SH2T2JGMICDBMEK2G3IGREQ7CJLYT,text/html,text/html,UTF-8,eng,"",crawl-data/CC-MAIN-2021-04/segments/1610704800238.80/warc/CC-MAIN-20210126135838-20210126165838-00386.warc.gz,992102272,26059,1610704800238.80
"com,secondsale)/i/the-great-ceo-within-the-tactical-guide-to-company-building/9780578599281",https://www.secondsale.com/i/the-great-ceo-within-the-tactical-guide-to-company-building/9780578599281,www.secondsale.com,com,secondsale,www,"","",com,secondsale.com,com,secondsale.com,https,"",/i/the-great-ceo-within-the-tactical-guide-to-company-building/9780578599281,"",2021-01-22T02:05:07.000-08:00,200,"",WR55RR3TYHK7PSPCX4RL233TICIOETRZ,text/html,text/html,UTF-8,eng,"",crawl-data/CC-MAIN-2021-04/segments/1610703529179.46/warc/CC-MAIN-20210122082356-20210122112356-00612.warc.gz,988362639,24808,1610703529179.46
"com,secondsale)/i/the-great-cholesterol-con-the-truth-about-what-really-causes-heart-disease-and-how-to-avoid-it/9781844546107",https://www.secondsale.com/i/the-great-cholesterol-con-the-truth-about-what-really-causes-heart-disease-and-how-to-avoid-it/9781844546107,www.secondsale.com,com,secondsale,www,"","",com,secondsale.com,com,secondsale.com,https,"",/i/the-great-cholesterol-con-the-truth-about-what-really-causes-heart-disease-and-how-to-avoid-it/9781844546107,"",2021-01-23T00:17:01.000-08:00,200,"",HYGO3463ZB6XONMXTQSGNWFWCN3IJT6J,text/html,text/html,UTF-8,eng,"",crawl-data/CC-MAIN-2021-04/segments/1610703536556.58/warc/CC-MAIN-20210123063713-20210123093713-00151.warc.gz,959571370,26889,1610703536556.58
"com,secondsale)/i/the-great-commanders-of-the-ancient-world-1479-bc-453-ad/9780857381958",https://www.secondsale.com/i/the-great-commanders-of-the-ancient-world-1479-bc-453-ad/9780857381958,www.secondsale.com,com,secondsale,www,"","",com,secondsale.com,com,secondsale.com,https,"",/i/the-great-commanders-of-the-ancient-world-1479-bc-453-ad/9780857381958,"",2021-01-27T21:54:03.000-08:00,200,"",XX2566A6EWDYS2RLMQRDE4K3HBRYEFUD,text/html,text/html,UTF-8,eng,"",crawl-data/CC-MAIN-2021-04/segments/1610704835901.90/warc/CC-MAIN-20210128040619-20210128070619-00499.warc.gz,945727890,26240,1610704835901.90
"com,secondsale)/i/the-great-cosmic-mother-rediscovering-the-religion-of-the-earth/9780062507914",https://www.secondsale.com/i/the-great-cosmic-mother-rediscovering-the-religion-of-the-earth/9780062507914,www.secondsale.com,com,secondsale,www,"","",com,secondsale.com,com,secondsale.com,https,"",/i/the-great-cosmic-mother-rediscovering-the-religion-of-the-earth/9780062507914,"",2021-01-22T15:21:21.000-08:00,200,"",3BV6VAAT5DMSRCOU4B6KTBG4EAO3S7EX,text/html,text/html,UTF-8,eng,"",crawl-data/CC-MAIN-2021-04/segments/1610703531429.49/warc/CC-MAIN-20210122210653-20210123000653-00735.warc.gz,972660124,24930,1610703531429.49
"com,secondsale)/i/the-great-divorce/9780060652951",https://www.secondsale.com/i/the-great-divorce/9780060652951,www.secondsale.com,com,secondsale,www,"","",com,secondsale.com,com,secondsale.com,https,"",/i/the-great-divorce/9780060652951,"",2021-01-27T22:46:13.000-08:00,200,"",3LMJHF2AKSCO2GHSLEME2YYWTQSRZD2U,text/html,text/html,UTF-8,eng,"",crawl-data/CC-MAIN-2021-04/segments/1610704835901.90/warc/CC-MAIN-20210128040619-20210128070619-00033.warc.gz,959003516,26044,1610704835901.90
"com,secondsale)/i/the-great-influenza-the-story-of-the-deadliest-pandemic-in-history/9780143036494",https://www.secondsale.com/i/the-great-influenza-the-story-of-the-deadliest-pandemic-in-history/9780143036494,www.secondsale.com,com,secondsale,www,"","",com,secondsale.com,com,secondsale.com,https,"",/i/the-great-influenza-the-story-of-the-deadliest-pandemic-in-history/9780143036494,"",2021-01-27T06:38:40.000-08:00,200,"",WJGBMOFXB6MFNLPQPXWFJH6B5BDUBEWD,text/html,text/html,UTF-8,eng,"",crawl-data/CC-MAIN-2021-04/segments/1610704824728.92/warc/CC-MAIN-20210127121330-20210127151330-00448.warc.gz,991833612,26917,1610704824728.92
"com,secondsale)/i/the-great-penguin-rescue/9781512413151",https://www.secondsale.com/i/the-great-penguin-rescue/9781512413151,www.secondsale.com,com,secondsale,www,"","",com,secondsale.com,com,secondsale.com,https,"",/i/the-great-penguin-rescue/9781512413151,"",2021-01-19T14:38:20.000-08:00,200,"",7RZV63PDWKGRX2UMWEMPGT7NWQXXEPKF,text/html,text/html,UTF-8,eng,"",crawl-data/CC-MAIN-2021-04/segments/1610703519784.35/warc/CC-MAIN-20210119201033-20210119231033-00279.warc.gz,999331630,26005,1610703519784.35
"com,secondsale)/i/the-great-tales-of-middle-earth-children-of-h-rin-beren-and-l-thien-and-the-fall-of-gondolin/9780358003915",https://www.secondsale.com/i/the-great-tales-of-middle-earth-children-of-h-rin-beren-and-l-thien-and-the-fall-of-gondolin/9780358003915,www.secondsale.com,com,secondsale,www,"","",com,secondsale.com,com,secondsale.com,https,"",/i/the-great-tales-of-middle-earth-children-of-h-rin-beren-and-l-thien-and-the-fall-of-gondolin/9780358003915,"",2021-01-19T17:05:32.000-08:00,200,"",PNTVHUSAWMNCLYOFB5DX2WA65WDT3VYB,text/html,text/html,UTF-8,eng,"",crawl-data/CC-MAIN-2021-04/segments/1610703519843.24/warc/CC-MAIN-20210119232006-20210120022006-00560.warc.gz,986587081,24672,1610703519843.24
"com,secondsale)/i/the-greatest-gift-a-christmas-tale/9781476778860",https://www.secondsale.com/i/the-greatest-gift-a-christmas-tale/9781476778860,www.secondsale.com,com,secondsale,www,"","",com,secondsale.com,com,secondsale.com,https,"",/i/the-greatest-gift-a-christmas-tale/9781476778860,"",2021-01-15T16:44:43.000-08:00,200,"",E3O6TK5PL45X7EFQ26M6SRWB3AWHTAVQ,text/html,text/html,UTF-8,eng,"",crawl-data/CC-MAIN-2021-04/segments/1610703497681.4/warc/CC-MAIN-20210115224908-20210116014908-00265.warc.gz,1004325474,26306,1610703497681.4
"com,secondsale)/i/the-greatest-stories-never-told-100-tales-from-history-to-astonish-bewilder-and-stupefy/9780060014018",https://www.secondsale.com/i/the-greatest-stories-never-told-100-tales-from-history-to-astonish-bewilder-and-stupefy/9780060014018,www.secondsale.com,com,secondsale,www,"","",com,secondsale.com,com,secondsale.com,https,"",/i/the-greatest-stories-never-told-100-tales-from-history-to-astonish-bewilder-and-stupefy/9780060014018,"",2021-01-15T22:17:37.000-08:00,200,"",YKA6VWQANBOK54UG7NQ5XOUE5RFMPSUA,text/html,text/html,UTF-8,eng,"",crawl-data/CC-MAIN-2021-04/segments/1610703500028.5/warc/CC-MAIN-20210116044418-20210116074418-00275.warc.gz,988247126,25480,1610703500028.5
"com,secondsale)/i/the-greatest-survival-stories-of-all-time-true-tales-of-people-cheating-death-when-trapped-in-a-cave-adrift-at-sea-lost-in-the-forest-stranded-on/9781612439082",https://www.secondsale.com/i/the-greatest-survival-stories-of-all-time-true-tales-of-people-cheating-death-when-trapped-in-a-cave-adrift-at-sea-lost-in-the-forest-stranded-on/9781612439082,www.secondsale.com,com,secondsale,www,"","",com,secondsale.com,com,secondsale.com,https,"",/i/the-greatest-survival-stories-of-all-time-true-tales-of-people-cheating-death-when-trapped-in-a-cave-adrift-at-sea-lost-in-the-forest-stranded-on/9781612439082,"",2021-01-21T04:23:59.000-08:00,200,"",Y5ZARW4GYE7OCAPLGIRX3SVJYJH3SS7O,text/html,text/html,UTF-8,eng,"",crawl-data/CC-MAIN-2021-04/segments/1610703524743.61/warc/CC-MAIN-20210121101406-20210121131406-00209.warc.gz,987283572,25630,1610703524743.61
"com,secondsale)/i/the-green-witch-your-complete-guide-to-the-natural-magic-of-herbs-flowers-essential-oils-and-more/9781507204719",https://www.secondsale.com/i/the-green-witch-your-complete-guide-to-the-natural-magic-of-herbs-flowers-essential-oils-and-more/9781507204719,www.secondsale.com,com,secondsale,www,"","",com,secondsale.com,com,secondsale.com,https,"",/i/the-green-witch-your-complete-guide-to-the-natural-magic-of-herbs-flowers-essential-oils-and-more/9781507204719,"",2021-01-18T07:22:32.000-08:00,200,"",KNXX6EOZ22H2BPY6BJJN4NM4M3QWU3TV,text/html,text/html,UTF-8,eng,"",crawl-data/CC-MAIN-2021-04/segments/1610703514796.13/warc/CC-MAIN-20210118123320-20210118153320-00192.warc.gz,974326177,26489,1610703514796.13
"com,secondsale)/i/the-greyhound-a-treatise-on-the-art-of-breeding-rearing-and-training-greyhounds-for-public-running-their-diseases-and-treatment-containing-also/9781445505473",https://www.secondsale.com/i/the-greyhound-a-treatise-on-the-art-of-breeding-rearing-and-training-greyhounds-for-public-running-their-diseases-and-treatment-containing-also/9781445505473,www.secondsale.com,com,secondsale,www,"","",com,secondsale.com,com,secondsale.com,https,"",/i/the-greyhound-a-treatise-on-the-art-of-breeding-rearing-and-training-greyhounds-for-public-running-their-diseases-and-treatment-containing-also/9781445505473,"",2021-01-24T10:49:46.000-08:00,200,"",RYHSSWYZSX6ZQ35Z5AK6IHVZTJREPCM4,text/html,text/html,UTF-8,eng,"",crawl-data/CC-MAIN-2021-04/segments/1610703550617.50/warc/CC-MAIN-20210124173052-20210124203052-00025.warc.gz,1004968104,26134,1610703550617.50
"com,secondsale)/i/the-greyhound-breeding-coursing-racing-etc/9781846640490",https://www.secondsale.com/i/the-greyhound-breeding-coursing-racing-etc/9781846640490,www.secondsale.com,com,secondsale,www,"","",com,secondsale.com,com,secondsale.com,https,"",/i/the-greyhound-breeding-coursing-racing-etc/9781846640490,"",2021-01-16T01:10:16.000-08:00,200,"",GCM3EDECR4BBNSKL3XFR7OJ5ESSNNPMY,text/html,text/html,UTF-8,eng,"",crawl-data/CC-MAIN-2021-04/segments/1610703505861.1/warc/CC-MAIN-20210116074510-20210116104510-00572.warc.gz,991990768,26570,1610703505861.1
"com,secondsale)/i/the-group-therapy-card-deck-cbt-dbt-act-and-positive-psychology-tips-and-tools/9781683732952",https://www.secondsale.com/i/the-group-therapy-card-deck-cbt-dbt-act-and-positive-psychology-tips-and-tools/9781683732952,www.secondsale.com,com,secondsale,www,"","",com,secondsale.com,com,secondsale.com,https,"",/i/the-group-therapy-card-deck-cbt-dbt-act-and-positive-psychology-tips-and-tools/9781683732952,"",2021-01-20T23:59:47.000-08:00,200,"",64X4WJPJMWMPQWAFXMJZ7K5BZF5UYHTZ,text/html,text/html,UTF-8,eng,"",crawl-data/CC-MAIN-2021-04/segments/1610703524270.28/warc/CC-MAIN-20210121070324-20210121100324-00544.warc.gz,972270574,22362,1610703524270.28
"com,secondsale)/i/the-growth-mindset-classroom-ready-resource-book-a-teacher-s-toolkit-for-encouraging-grit-and-resilience-in-all-students/9781646040445",https://www.secondsale.com/i/the-growth-mindset-classroom-ready-resource-book-a-teacher-s-toolkit-for-encouraging-grit-and-resilience-in-all-students/9781646040445,www.secondsale.com,com,secondsale,www,"","",com,secondsale.com,com,secondsale.com,https,"",/i/the-growth-mindset-classroom-ready-resource-book-a-teacher-s-toolkit-for-encouraging-grit-and-resilience-in-all-students/9781646040445,"",2021-01-24T18:41:00.000-08:00,200,"",L27ZF2OJVBBQDRPIVVR2WZSN6JOF7PMG,text/html,text/html,UTF-8,eng,"",crawl-data/CC-MAIN-2021-04/segments/1610703561996.72/warc/CC-MAIN-20210124235054-20210125025054-00161.warc.gz,971000600,26313,1610703561996.72
"com,secondsale)/i/the-growth-mindset-coach-a-teacher-s-month-by-month-handbook-for-empowering-students-to-achieve/9781612436012",https://www.secondsale.com/i/the-growth-mindset-coach-a-teacher-s-month-by-month-handbook-for-empowering-students-to-achieve/9781612436012,www.secondsale.com,com,secondsale,www,"","",com,secondsale.com,com,secondsale.com,https,"",/i/the-growth-mindset-coach-a-teacher-s-month-by-month-handbook-for-empowering-students-to-achieve/9781612436012,"",2021-01-21T11:08:12.000-08:00,200,"",H3BPCE4EA3567TXN6DCJPNP3ET2IAUZ5,text/html,text/html,UTF-8,eng,"",crawl-data/CC-MAIN-2021-04/segments/1610703527224.75/warc/CC-MAIN-20210121163356-20210121193356-00229.warc.gz,990234289,26875,1610703527224.75
"com,secondsale)/i/the-growth-mindset-playbook-a-teacher-s-guide-to-promoting-student-success/9781612436876",https://www.secondsale.com/i/the-growth-mindset-playbook-a-teacher-s-guide-to-promoting-student-success/9781612436876,www.secondsale.com,com,secondsale,www,"","",com,secondsale.com,com,secondsale.com,https,"",/i/the-growth-mindset-playbook-a-teacher-s-guide-to-promoting-student-success/9781612436876,"",2021-01-17T11:57:37.000-08:00,200,"",RJ4ARRGOWLYJ2KKUDJ3ZHUW4PJOKMFV7,text/html,text/html,UTF-8,eng,"",crawl-data/CC-MAIN-2021-04/segments/1610703513144.48/warc/CC-MAIN-20210117174558-20210117204558-00011.warc.gz,982642813,26190,1610703513144.48
"com,secondsale)/i/the-guest-list/9780062868930",https://www.secondsale.com/i/the-guest-list/9780062868930,www.secondsale.com,com,secondsale,www,"","",com,secondsale.com,com,secondsale.com,https,"",/i/the-guest-list/9780062868930,"",2021-01-23T03:46:50.000-08:00,200,"",7HHTPUERYMZH5EI4S6VCBVZHMU2TKQWA,text/html,text/html,UTF-8,eng,"",crawl-data/CC-MAIN-2021-04/segments/1610703537796.45/warc/CC-MAIN-20210123094754-20210123124754-00786.warc.gz,995022622,26245,1610703537796.45
"com,secondsale)/i/the-guinea-pig-handbook/9781438005096",https://www.secondsale.com/i/the-guinea-pig-handbook/9781438005096,www.secondsale.com,com,secondsale,www,"","",com,secondsale.com,com,secondsale.com,https,"",/i/the-guinea-pig-handbook/9781438005096,"",2021-01-18T16:14:34.000-08:00,200,"",2522S2YK74IPVZXCM6RK5H2U6ZAG465Z,text/html,text/html,UTF-8,eng,"",crawl-data/CC-MAIN-2021-04/segments/1610703517159.7/warc/CC-MAIN-20210118220236-20210119010236-00420.warc.gz,986009755,25409,1610703517159.7
