"www.jobboardsecrets.com","2","/category/job-board-software/"
"jerichohr.postings.com","1","/24405/jobs/other/ui-angular-developer-reston-va-20190/85348"
"www.poferrymasters.com","1","/careers/vacancy-edi-support-analyst"
"hexagonmining.com","4","/company/careers/featured-jobs/product-manager-underground-technology"
"pressdemocrat.jobboard.recruitology.com","1","/company/redwood-coast-regional-center-7671/job/network-administrator-assistant-in-ukiah-ca-spt6mwrwvgmzccxllanrjaklqm15ow/"
"smartmat.com","1","/jobs/senior_software_developer.php"
"xray-delta.com","1","/2012/01/08/career-opportunities-from-big-data/"
"www.horizoncore.com","1","/career-job-sr-laravel-developer"
"trytechnics.com","2","/careers-computer-technology/"
"europeansting.com","1","/2013/09/18/job-vacancy-data-reveal-better-prospects-for-britain-stagnation-in-eurozone/"
"myfuture.com","1","/career/building-a-career-network"
"www.globalization-partners.com","5","/about-us/careers/devops-engineer/"
"www.globalmyindustry.com","2","/listings/softwaredbaqa/career-in-it-young-adults-and-veterans-wanted/"
"checklist.com","1","/jobs/react-js-developer/"
"www.selecthub.com","9","/field-service-software/jobber/"
"boma.selectleaders.com","1","/job/143857/sr-analyst-associate-investments/"
"johnsoncontrols.referrals.selectminds.com","10","/jobs/cfs-jr-statutory-analyst-98338"
"www.futuremind.com","1","/career/python-django-developer"
"www.hartleypeople.com","1","/job/business-systems-analyst-waterford/"
"jobs.hatch.com","6","/job/Gurgaon-BI-Report-Developer-Hary/673175100/"
"www.565media.com","1","/jobs/digital-media-analyst/"
"hired.com","1490","/job/14212-system-hardware-analyst-iii-information-services"
"www.malayaliclassifieds.com","1","/category/jobs/data-entry-back-office"
"pykih.com","2","/jobs-react-developer/20191221/"
"prosperointegrated.com","1","/jobs/crestron-programmer-vacancy-london"
"www.eventtemple.com","1","/careers/software-developer/"
"adagetechnologies.com","2","/careers-net-developers/"
"jobs.delibr.com","1","/jobs/957603-full-stack-developer"
"jobs.messinagroupinc.com","3","/job/data-entry-clerk-a0k1s00000kgm4puah/"
"www.spearheadstudios.com","1","/careers/junior-back-end-developer/"
"www.spectranetix.com","1","/job-sub-category/computer/"
"www.civo.com","1","/careers/web-developer"
"moseslegal.com","3","/jobs/life-science-technology-transactions-attorney-silicon-valley/"
"www.fabrick.com","2","/company/careers/frontend-developer"
"nativapps.com","3","/jobs/backend-developer/"
"quicktempjobs.com","2","/job/data-entry-clerk-work-from-home/"
"www.getapp.com","11","/hr-employee-management-software/a/alongside/compare/jobboardhq/"
"jobs.medianama.com","18","/job/1244/web-development-software-development-manager-at-cosmos-creative-services/"
"www.theprogressnews.com","1","/classifieds/job/position-opening-the-clearfield-county-career-and-technology-center-is/ad_41546927-7728-5b10-b39a-01adbe4b15e5.html"
"graphic-design.thecreativeloft.com","1","/graphic-design/jobs/web-designer-12"
"www.ceragon.com","2","/about-ceragon/careers/junior-experienced-real-time-embedded-software-engineer-ff-71c"
"www.testworksgroup.com","1","/careers/systems-engineer-software/"
"teswesm.com","6","/jobs-view/fiverivers-technologies-jobs-for-full-stack-developer-on-lahore-based"
"www.taylornlacey.com","1","/2016/06/career-tips-engineering-networking-like.html"
"ll-j.com","1","/jobs/in-house-commercial-technology-legal-counsel-london/11750-1/"
"www.insentis.com","1","/en/career/management-consultant-it-technology"
"www.mapway.com","1","/about-mapway-app-developers/job-vacancies/"
"www.gupshupstudy.com","2","/job/iit-kanpur-recruitment-2016--5-project-technician-amp--assistant-project-manager-vacancy-in-indian-institute-of-technology--last-date-15-june/3534"
"www.fprnradio.com","1","/jobs-data-for-june-could-show-strong-rehiring-ahead-of-the-latest-virus-wave.html"
"qiigo.com","2","/about-us/careers/digital-marketing-analyst/"
"wpstatistics8-dot-be8website.appspot.com","1","/careers/icon-career-technology/"
"weareabstrakt.com","1","/careers/mid-weight-developer"
"pmdtec.com","1","/en/company/careers/senior-software-engineer-m-f-d-for-algorithm-development-for-3d-cameras/"
"systemonex.com","3","/career/etl-dba-developer-job-in-richmond/"
"www.veteranjobsite.com","9","/job/p-aws-devops-engineer-l-gaithersburg-md-jobs.html"
"www.samespace.com","3","/careers/openings/backend-engineer/"
"www.staffco.com","2","/jobs/georgia/apply/-clerical-data-entry"
"newsroom.nagel-group.com","1","/categories/career-in-logistics/data-and-facts-warehouse-germany-151216.html"
"jobs.alpiq.com","2","/job/Olten-Senior-Java-Developer/622030601/"
"tivever.webcindario.com","2","/jobol/corel-draw-x4-software-free-download-with-serial-number.php"
"www.seoclerks.com","45","/job/Article-Writing/67429/Technical-writing-Technology-writing"
"searcheuropeanjobs.com","15","/jobs/frontend-developer/"
"www.soutechventures.com","1","/career-tips-ways-to-earn-money-as-a-front-end-developer/"
"equitystaffing.com","2","/job-seekers/legal-contract-analyst-iv-chicago-il-job-008397"
"jobs.libbey.com","1","/job/Toledo-Consultant%2C-Business-Technology-Solutions-OH-43604/683562300/"
"www.akselera.com","1","/careers/management-consultant-within-public-sector-and-welfare-technology/"
"itjobs.cancercenter.com","2","/qlik-sense-developer/job/12802771"
"www.paperpk4u.com","21","/jobdetail-30429-Comsats-Institute-Of-Information-Technology"
"portal.apcinc.com","2","/Jobs/Information-Technology"
"careers.zenrobotics.com","1","/jobs/151899-software-generalist"
"jobs.daimler.com","11","/job/259862/ui-software-development-architect.html"
"www.1001remotejobs.com","17","/job/40624/software-engineer-backend"
"www.dsjglobal.com","5","/job/global-category-lead-infrastructure-and-core-technology"
"sperosolutions.com","1","/jobs/category/engineering--softwarehardware/"
"jobs.coutts.com","1","/jobs/5669696-wealth-analyst"
"www.informationweek.com","1","/big-data/careers-in-2018-tips-from-a-top-analytics-recruiter/d/d-id/1331013"
"jobs.medtronic.com","6","/jobs/assoc-it-developer-75653"
"www.hellolittleton.com","1","/jobs/computer-internet"
"www.eventbrite.com","2","/e/career-event-fashion-institute-of-technology-students-2020-graduates-tickets-120271534397"
"www.cel.com","1","/careers/softwareengineer/"
"www.vineresources.com","95","/jobs/android-developer-3"
"www.mathworks.com","2","/company/jobs/teams-roles/informationtechnology.html"
"careers.jetblue.com","7","/job/Dania-Beach-Junior-Analyst-Data-%28JetBlue-Travel-Products%29-FL-33004/683189500/"
"jobs.luxottica.com","2","/EyeMed%20Vision%20Care/job/Mason-EyeMed-Analyst-Business-Data-%28Payment-Integrity%29-OH-45040/577990001/"
"www.popcornapps.com","1","/careers/salesforce-developer/"
"www.aptitudesoftware.com","1","/jobs/business-analyst-with-documentation-background/"
"r4sales.com","7","/jobs/part-time-jobs/part-time-home-based-offline-online-data-entry-jobs_i254863"
"careers.advancedgroup.com","4","/job/10445/Senior-SAS-Programmer"
"careers.jsginc.com","19","/en-US/job/analyst/J3Q15R6ST6G9DCPV35B"
"www.cssxperts.com","1","/jobs/web-designer/"
"www.j2eecrossing.com","1","/jobs/q-j2ee-developer.-jobs.html"
"featuredemployer.jacksonville.com","3","/company/florida-state-college-162277/job/compensation-and-classification-analyst-2020188-in-jacksonville-fl-h06psphn1fs2rocv3aimw19ovt0wj8/"
"logictran.com","2","/careers/careers-at-software-development/"
"www.ixpdata.com","1","/ixp-data/job-at-ixp-data/"
"www.infiot.com","3","/careers/software-cloud-infrastructure-engineer/"
"moralrecruit.com","3","/job/software-engineer-android/"
"www.modis.com","64","/en-be/job-seekers/job/ans/lead-software-engineer-h-f/59587/"
"www.abtrac.com","2","/job-costing-software-features"
"academic-pool.com","1","/en/jobs/it-engineering/job/48-java-developer-germany"
"www.firstpro360.com","109","/job/accounting-analyst-cpa-or-cpa-track/"
"bim360resources.autodesk.com","1","/safer-with-technology/jobsite-safety"
"www.telestax.com","1","/job/senior-software-engineer-voice/"
"www.ascenderhcm.com","2","/career/senior-product-analyst-hcm-id-1493/"
"atr.com","7","/career-opportunities/business-analysts/"
"www.spring.com","33","/Job/android-developer-it-and-telecoms-permanent-city-of-edinburgh/"
"amstechnologies.catsone.com","2","/careers/36915-General/jobs/10198790-Network-Modeling-and-Simulation-Engineer/"
"corpssolutions.catsone.com","26","/careers/39823-General/jobs/13472859-Curriculum-Developer"
"sability.catsone.com","9","/careers/24453-Public/jobs/13337699-UltiPro-Technical-Software-Consultant/"
"www.myjobnigeria.com","1","/jobs-at/massachusetts-institute-of-technology-mit"
"yojobs.com","139","/job-category/software-development/"
"unc.biocareers.com","1","/category/job-search/networking/"
"collenda.com","1","/de-en/about-us/careers/testimonials/daniel-software-developer"
"yourwork-yourway.com","1","/tag/careersource-professional-network/"
"www.iconfinder.com","3","/icons/2976333/jobsearch_search_computer_icon"
"www.schoolfinder.com","2","/Careers/Profile/4161env/Environmental-Impact-Analysts"
"jobs.sap.com","371","/job/Atlanta-SAP-Platform-&-Technology-Senior-Customer-Engagement-Executive-%28P&T-CEE%29-ATL-Job-GA-30326/622450901/"
"www.cozybizs.com","2","/jobs/detail/junior-developers-3"
"www.omniconvert.com","2","/jobs/data-scientist-orange-romania/"
"fieldfix.com","8","/2015/08/18/job-management-software-that-does-what-you-need-it-to/"
"www.intergameonline.com","2","/jobs/535/senior-ruby-on-rails-developer"
"jobs.thedailytimes.com","1","/Jobs/technology-jobs-in-maryville-tn"
"quovantis.com","2","/career/php-developer/"
"gosteward.com","1","/careers/senior-web-developer"
"montana.jobing.com","19","/freedom-financial-network895/jobs"
"jobs254.com","4","/job/senior-software-engineering-manager-at-microsoft-nairobi/837"
"www.jobscope.com","1","/manufacturing-software/job-shop.htm"
"www.jobsincaracas.com","1","/jobs/IT%20Technology"
"uk.jobsora.com","64","/jobs-analyst"
"careerandcampus.com","1","/blog/career-after-masters-biotechnology"
"www.careerbliss.com","19","/captivate-network/jobs/"
"careerleaf.com","3","/careerleaf-workopolis-niche-network-advice-canadian-job-boards/"
"careerpq.com","1","/p/career-developer-program"
"www.careers24.com","113","/jobs/adverts/1699278-full-stack-java-developer-johannesburg/"
"www.hellomcalester.com","1","/jobs/computer-internet"
"www.hellooverlandpark.com","1","/jobs/computer-internet"
"education.academickeys.com","1","/job/vfhosg6e/Educational_Technology_Specialist_2yr_ltd_term__Tufts_Technology_Services"
"careers.bclc.com","1","/job/Kamloops-Senior-Analyst%2C-QA-Automation-BC/540498117/"
"www.coconstruct.com","1","/learn-construction-software-features/job-log-and-to-dos"
"starloopstudios.com","5","/jobs-category/programmer/"
"careers.kronos.com","12","/careers/JobDetail/Bilingual-French-English-Operations-Research-Developer/25827"
"www.arenapersonnel.com","1","/job-seeker-news-tips/new-remote-work-study-reveals-surprising-data/"
"www.echoasoft.com","2","/career/wordpress-plugin-developer/"
"www.bgprod.com","1","/career-opportunities/inventory-analyst-i-wichita/"
"hubcityferals.com","1","/books/careers-for-computer-buffs-other-technological-types"
"hpcnursing.com","1","/index.php/careers/join-the-network"
"quanteda.com","2","/career/web-developer/"
"jmri.tagadab.com","23","/jenkins/job/Development/job/AllTest/186/testReport/jmri.jmrix.jmriclient.networkdriver/"
"careers.afcom.com","88","/jobs/13096825/sr-technology-engineer-technology-architect"
"www.mils3pl.com","1","/careers/logistics_business_rate_analyst"
"www.expatica.com","17","/be/job-category/business-analyst/"
"summitdigitalmarketing.com","1","/jobs/web-developer/"
"www.zippia.com","7","/advice/jobs-without-computers-at-home/"
"skrumble.com","1","/careers/android-senior-developer/"
"srikanthtechnologies.com","1","/blog/java/jobs_employees_jquery.aspx"
"upraxis.com","7","/career/business-analyst/"
"www.localmeasure.com","1","/jobs/full-stack-php-java-engineer"
"www.bsigroup.com","1","/en-US/our-services/cybersecurity-information-resilience/about-cybersecurity-and-information-resilience/careers/"
"www.helloplainview.com","1","/jobs/computer-internet"
"www.hellosaintlucia.com","1","/jobs/computer-internet"
"www.hellotientsin.com","1","/jobs/computer-internet"
"blog.udemy.com","1","/careers-in-data-science-how-to-get-started/"
"bowmanwilliams.com","4","/jobs/it-network-engineer-msp/"
"ooqia.com","3","/careers/csharp-developer/"
"careers.astrazeneca.com","10","/job/cambridge/data-sciences-and-ai-graduate-programme-uk/7684/17416004"
"digitaljetty.com","15","/job/android-developer-for-e-sports-app-needed"
"makers365.com","2","/job/senior-drupal-developer-us-based-remote-full-time"
"www.aboutjobs.com","8","/job/details/5673689/public-notice-for-authorized-cybersecurity-positions"
"www.esalon.com","1","/careers/4ACD3A3EDE/UI/UX-Developer"
"intive.com","13","/careers/business-analyst-aybinq3qhx9iua6cimech-pl/"
"www.licasci.com","15","/jobs/biocides-qc-lab-analyst"
"www.envitia.com","1","/career/java-engineer-3/"
"stock.adobe.com","1","/images/job-interview-vacancy-candidates-social-networking-workflow-employee-sharing-new-forms-of-employment-strategic-employment-sharing-concept-bright-vibrant-violet-vector-isolated-illustration/268735250"
"creativesolutionsrecruiting.com","1","/jobs/network-software-engineer-santa-clara-ca/"
"emphires-demo.creativesplanet.com","1","/datasite-emphires/jobs/"
"th.gradconnection.com","4","/employers/bank-of-america/jobs/bank-of-america-apac-global-markets-sales-trading-summer-analyst-2021/"
"www.monroeconsulting.com","20","/jobs/business-analyst_manila-city_7370"
"www.monterail.com","2","/careers/junior-backend-developer"
"www.anblicks.com","7","/careers/data-scientist/"
"dianaduggan.com","1","/jobs/pmo-analyst"
"nathanjames.com","2","/blogs/careers/senior-software-engineer"
"www.quickregisterhosting.com","1","/classifieds/jobs/technology/bitcoin_i329062"
"www.acerta-pharma.com","1","/careers/jobs/Senior-clinical-data-manager/"
"www.tec-usa.com","1","/2019/10/job-opening-software-developer/"
"www.nsureai.com","1","/careers-core-developer"
"www.ihiremedicalsecretaries.com","8","/careeradvice/pages/5-ways-to-earn-a-promotion-through-internal-networking"
"www.bedrockquartz.com","1","/career-machine-programmer-designers"
"www.vodjo.com","2","/career/php-developer/"
"git.ethitter.com","1","/wp-plugins/wordpress-redis-backend/-/jobs"
"www.onlinejobsworkingfromhome.com","1","/2020/07/03/job-alert-for-12th-pass-with-typing-knowledge-uksssc-recruiting-746-data-entry-operator-jr-assistant-others-apply-now/"
"hiring.classquick.com","2","/2016/02/03/job-board-network-post/"
"www.questia.com","1","/read/1P2-19854203/job-demand-strong-in-computers-health-care-engineering"
"mehnatmazdori.com","3","/jobs/category/information-technology/"
"www.metrostlouisjobs.com","1","/job/detail/42429227/Sr-SCADA-Software-Engineer-Design-Group"
"chorusintel.com","1","/careers/database-developer/"
"groupcareers.singtel.com","80","/job/Adelaide-Workforce-Planning-Real-Time-Analyst-King/572593810/"
"discourse.mcneel.com","1","/t/job-opening-at-cham-software-development-and-cad-engineer/46830"
"secureelance.com","7","/job/analyste-soc-blueteam-h-f/"
"www.uniforumtz.com","1","/job-vacancy-at-kilitec-computers/"
"jobs.stridequest.com","3","/job/32244/gameplay-programmer"
"thelogicalindian.com","1","/trending/jobs-on-compassionate-grounds-to-families-of-slain-capf-men-sees-dip-mha-data-24045"
"g2mdx.com","1","/index.php/job/senior-web-designer-team-lead/"
"www.mycoursecoupon.com","1","/coupon/jobs-roles-certifications-preparation-for-software-2017/"
"www.continental.com","1","/en/career/working-at-continental/what-we-offer/software-development-29788"
"bidhee.com","1","/career_detail/php-laravel-developer"
"careers.aarviencon.com","2","/job-listings-Opportunity-For-Bigdata-Analytics-Aarvi-Encon-Limited-Chennai-5-to-7-years-240220004058"
"pixiumdigital.com","1","/jobs/intern-web-developer-singapore/"
"shineclassifieds.com","1","/sub-category/jobs/computer-jobs"
"www.perimeter81.com","1","/start/career/06.91D/network-engineer/"
"www.helloagawam.com","1","/jobs/computer-internet"
"careers.holmsecurity.com","1","/jobs/774451-senior-backend-engineer"
"www.janeirodigital.com","3","/career/front-end-developer/"
"jobs.guidantglobal.com","5","/job/business-analyst-5"
"www.veeder.com","2","/us/careers/careers-technology"
"www.phillyjobmatch.com","1","/jobs/technology-jobs-in-philadelphia-pa"
"joshuaclason.com","1","/job-recruiting-software-can-keep-your-own-construction-project-under-budget/"
"gh.neuvoo.com","1","/jobs/computer/"
"jobs.newbalance.com","2","/corporate/global/en/job/R20982/Finance-Data-Administrator"
"www.matchcollege.com","16","/career-colleges/ace-computer-training-center"
"jobs.bloomdiagnostics.com","1","/jobs/biotechnology-specialist-based-in-vienna/"
"liquidarcade.com","2","/careers/junior-analyst/"
"fiverrworld.com","3","/jobs/software/give-you-guaranteed-daily-traffic-at-least-5000-to-your-site-or-affiliate-link-forever/"
"www.phoenixp.com","6","/jobs/business-systems-analyst-bsa-reading-pa/"
"www.amplity.com","1","/careers/candidate-data-privacy/"
"www.newspointapp.com","1","/english-news/publisher-et/career/the-post-covid-resume-hybrid-workplaces-will-need-employees-to-gain-new-technology-and-soft-skills/articleshow/145048201ae2f2557a40409281b06f550dea319a"
"jobs.thesearchfirm.com","1","/careers/37562-General/jobs/13251346-Vice-President-Global-Software"
"www.institutedata.com","5","/blog/career-prospects-outlook-of-data-scientists-in-asia-pacific/"
"inflosoftware.com","2","/jobs/data-associate/"
"b-horizon.com","2","/job/developer-for-fpga-design-m-f-d/"
"www.caterpillar.com","7","/en/careers/careersnews/cat-digital-technology-customer-productivity.html"
"colvinresourcesgroup.catsone.com","1","/careers/10643-General/jobs/13542479-Senior-Financial-Analyst/"
"www.siliconwebtech.com","4","/jobs/android-application-developer/"
"silvaco.com","3","/careers/software-developer-engineer-numerics/"
"www.aungmoe.com","2","/blog/career/2019/01/05/things-i-didnt-know-about-being-a-developer"
"jktech.com","2","/job/dotnet-developer/"
"www.wescorpenergy.com","1","/careers-in-technology-research.html"
"www.mightyrecruiter.com","2","/job-descriptions/java-developer/"
"www.thirdkindgames.com","1","/careers/Console-Programmer"
"freeonlineclassifieds.freeglobalclassifiedads.com","2","/jobs/marketing/ai-software-pays-5-00-to-try_i37669"
"www.burbio.com","1","/states/Missouri/Cape-Girardeau/career-technology-center-2bbb1890-4585-420c-925e-1e54fa094ee1"
"www.axistechnolabs.com","2","/careerdetail/php-developer-fresher-ahmedabad"
"www.axxiome.com","1","/careers/current-openings/director-consulting-data-practice/"
"www.yourdegree.com","8","/career-certificates-cad-computer-aided-drafting"
"antechcareers-antechdiagnostics.icims.com","3","/jobs/3236/cache-mumps-developer/job"
"careers-berkley.icims.com","2","/jobs/4232/underwriting-systems-analyst-i/job"
"talent-appen.icims.com","10","/jobs/4962/software-engineer/job"
"www.educatorpak.com","1","/job/category/latest-jobs-in-nadra-jobs-in-national-data-base-and-registration-authority/"
"openeducationonline.com","1","/careers/career-paths-in-artificial-intelligence-and-machine-learning/"
"careers.lindsay.com","1","/job/Senior-Software-Engineer/684004300/"
"thepeoplealliance.com","2","/jobs/application-support-analyst/"
"www.themuse.com","2248","/jobs/abacosystems/firmware-developer-hsv-5bba8f"
"www.panamacity.jobinpanama.com","1","/jobs/IT%20Technology"
"jobscanadian.com","7","/2019/07/05/job-software-engineer-2/"
"jobsinwinonamn.com","3","/job/content-analyst-3/"
"venturedevs.com","4","/en/careers/fullstack-developer-phpjs-lublin-poznan-remote-warsaw/"
"news.mhelpdesk.com","1","/field-service-product-news/field-service-software-tips/jobs-management-tutorial-web-app/"
"trehanconsulting.com","1","/career/data-administrator/13.htm"
"muc-off.com","2","/blogs/careers/commercial-finance-analyst"
"ucascomsb1.ucasenvironments.com","7","/job-families/medical-technology"
"livelyme.com","1","/careers/software-engineering-manager"
"5stonesintelligence.com","1","/job/intelligence-analyst/"
"www.hrcrossing.com","9","/jobs/q-hr-analyst-jobs.html"
"pacificaerospaceconsulting.com","1","/2015/02/19/job-opening-communication-and-information-systems-technician-tactical-data-link/"
"pacificpointcorp.com","2","/careers-2/salesforce-business-analyst/"
"www.arabjobs.com","3","/en/jobs/j/egypt/odoo-developer/61471"
"techfynder.com","6","/job-spec/Java-Developer-Ireland-5ed619cc9c7aa5000147deaa"
"portal.dbesl.com","1","/newest-jobs/job/application-support-engineer-service-support-analyst-international-oil-company-lagos-island-156/"
"www.octopusbi.com","1","/about-us/careers/data-analysts.php"
"www.bequad.com","4","/job/pewaukee/data-processor/11056/17463603"
"browsemycity.com","12","/classes/job-oriented-coaching/java-classes-placement-in-kalyan-dombivli-quastech-86694"
"erp.pptssolutions.com","10","/jobs/apply/senior-software-engineer-android-884"
"www.checklyhq.com","4","/jobs/full-stack-javascript-engineer-2020/"
"kimberlysilk.com","1","/jobs/job-posting-library-systems-analyst-ryerson-university/"
"www.brewbound.com","4","/jobs/34127-Supply-Chain-Analyst-Two-Robbers-Hard-Seltzer"
"www.hellopinebluff.com","1","/jobs/computer-internet"
"www.hellosarajevo.com","1","/jobs/computer-internet"
"www.hellowhitehall.com","1","/jobs/computer-internet"
"www.sandboxadvisors.com","1","/find-jobs-singapore/job-search-networking"
"www.sandhills.com","27","/careers-and-internships/details/careers/sandhills/1158/ui-ux-web-design-intern"
"www.cybersecurityjobsite.com","109","/job/5139687/information-security-analyst-/"
"www.nestwave.com","1","/careers-software-architect"
"www.digitalmarketing.com","11","/careers/graphic-and-web-designer-austin/"
"www.originmultilingual.com","6","/job-search/1498-finnish-banking-support-analyst-malta-%E2%82%AC20k/customer-service/malta/job"
"careers.q-centrix.com","10","/job/business-analyst/"
"www.hidglobal.com","13","/careers/job-listings/albuquerque-nm-data-scientist-location-services-hid1244"
"addplm.com","1","/home/jobmgr-processes/data-migration/"
"xcelpros.com","8","/job-opening-for-aws-devops-engineer/"
"www.northwestregisteredagent.com","10","/jobs/interactive/database-admin-jobs-spokane-wa.php"
"bpp-career.talent-soft.com","2","/job/job-senior-marketing-analyst_400.aspx"
"www.morsoncanada.com","5","/job/20-070-web-developer"
"www.wrksolutions.com","1","/for-individuals/career-exploration/database-administrator"
"www.fabricnano.com","1","/careers/data-engineer"
"allen.adposta.com","1","/jobs/information-technology-it"
"huawei.teamtailor.com","6","/jobs/875945-ai-artificial-intelligence-field-application-engineer"
"www.goarmy.com","2","/careers-and-jobs/browse-career-and-job-categories/computers-and-technology/cryptologic-cyberspace-intelligence-collector-analyst.html"
"workguest.com","2","/view/job/1032/data-entry-analyst"
"www.africanamericanjobsearch.com","28","/jobs/15a13807-1a52-4e54-8f3a-2e6e6504e6fc-business-analyst-senior-petersburg"
"elementjobs.tgsdemos.com","1","/job/x-team-2-node-js-developer/"
"www.pghcareerconnector.com","113","/jobs/13829248/bi-developer"
"www.soshace.com","4","/jobs/front-end-angular-developer-remote-soshace-16-09-2019"
"www.swarco.com","4","/career/information-technology"
"www.crowdengine.com","1","/job/full-stack-rails-developer/"
"fullstacktechies.com","19","/job/c-developer/"
"wamdigital.com","3","/careers/magento-developers/"
"www.nicollcurtin.com","13","/job/azure-cloud-devops-engineer-tfs-vsts-python-iac-terraform-2/"
"hk.claseek.com","15","/jobs/accounting/ultimate-data-entry-with-free-processing-job_i3549"
"www.classlink.com","2","/job-openings/backend-platform-developer"
"www.godreamjob.com","2","/job/php-developer-job-opening-in-bangalore/"
"queensmortgagebroker.com","2","/jobs-data-fed-almost-finished/"
"wearehathway.com","1","/careers/job-posting/data-technician/"
"www.rojgariplacements.com","1","/jobs-in-erp-crm-edp-software-fid.htm"
"definitiveelectronics.com","1","/careers/control-system-programmer"
"www.pinnaclejobsindia.com","1","/job-openings-for-project-accounting-analyst-pune-927040.htm"
"familydollar.everyjobforme.com","1","/careers/career_type/computer-and-mathematical"
"www.mckinsey.com","7","/careers/hispanic-and-latino-network"
"www.unilink.com","1","/about-unilink-software/careers/"
"www.iprospect.com","1","/en/sg/careers/job-openings/singapore-1-wallich-street/network-lead-client-partner-/r0923287/"
"plicrecda.webcindario.com","3","/jobyfi/build-native-iphone-apps-with-html-css-javascript-and-phonegap.php"
"kongsberggeospatial.com","3","/company/careers/contract-php-web-developer"
"www.kordata.com","3","/job/full-stack-developer-ios-android-web-front-end-web-back-end/"
"epicteachingjobs.com","51","/job-tag/java/"
"www.fybrsolutions.com","1","/jobs/gis-analyst"
"www.linguamatics.com","1","/jobs/text-mining-analyst"
"www.petroplan.com","3","/jobs/dallas/it/software-developer/5039/"
"www.free-to-try.com","1","/web/website-tools/database-tools/jobsite/"
"doctoranywhere.com","2","/jobs/executive-network-management/"
"www.cancerhealth.com","1","/job/volunteer-pancreatic-cancer-action-network"
"lenbrook.com","1","/careers-technical-support-analyst-home-audio/"
"ypbsystems.com","1","/job/front-end-developer-2/"
"www.keycubetech.com","7","/jobs/big-data/"
"jobs.aecon.com","2","/job/Toronto-Bilingual-Service-Desk-Analyst-ON/542292517/"
"www.uptopcorp.com","1","/careers/full-stack-developer/"
"www.phuvu.com","1","/jobresearch-opportunities/instructional-designerdeveloper-at-cornell-university"
"www.caliburnintl.com","1","/careers/openings/676-2/senior-data-scientist/"
"wevr.com","1","/career/senior-software-engineer"
"metanautvr.com","1","/careers/vr-developer-unity-coop/"
"itexamples.com","1","/career-in-python"
"www.helloelko.com","1","/jobs/computer-internet"
"www.hellohiltonhead.com","1","/jobs/computer-internet"
"www.hellohomerglen.com","1","/jobs/computer-internet"
"geo-satis.com","1","/jobs/embedded-software-developer/"
"pennsylvania.webschoolpro.com","1","/career-institute-of-technology-school-district_PA095120483007/"
"websea-development.com","1","/en/portfolio/webdesign/jobkon.html"
"www.paidsurveymob.com","1","/jobs-career-wage-and-education-data.html"
"jobs.laitram.com","1","/JobsLaitram/JobDetail/MasterCam-CAD-CAM-Programmer/2801"
"www.bondselection.com","1","/jobs/technology/temporary/technical-data-specialist-ballymoney/ballymoney/rsrds67823"
"aps-eg.com","1","/job-category/information-technology/"
"www.fivedollarclassifieds.com","9","/jobs/technology/arlo-camera-is-offline-dial-1-855-979-6456-arlo-base-offline_i1295913"
"www.lgbtjobsite.com","2","/job/p-financial-analyst-l-morrisville-nc-jobs.html"
"www.atriga.com","1","/en/career/programmer-software-developer/"
"www.asiatechdaily.com","1","/jobs/website-designer-and-developer-for-besuccess-media-group/"
"www.thesearethedroids.com","1","/developer/job-today-s-a/"
"www.bevnet.com","8","/jobs/34570-Sales-Representative-Barvanna-Network"
"shyftinc.com","1","/careers/software-developer/"
"www.integralhrservices.com","9","/job-openings-for-android-developer-noida-879862.htm"
"www.visable.com","9","/en_int/career/tech-product/10342-backend-engineer-m-f-x"
"pages.beamery.com","1","/jabil/form/career-network-english"
"b-eye.com","3","/career/data-analyst-and-model-builder"
"jobs.ascendo.com","2","/jobdetails/human-resources-analyst/sarasota-fl/6664"
"kconnersllc.com","1","/jobnetworks.html"
"www.yellavia.com","1","/jobs/data-entry-admin/"
"www.physiciansjobsplus.com","5","/jobs/biotechnology-science-hershey-pennsylvania-382540968-b"
"www.jmc-legal.com","1","/jobs/oxfordshire/oxfordshire/south-east/private-practice/technology-partner-/20917"
"techinmotionevents.com","14","/jobs/arlington-virginia/net/mid-level-net-developer/442222"
"technorely.com","3","/careers/middle-blockchain-developer/"
"newfinancialjobs.com","1","/job/budget-and-finance-analyst/"
"www.baystreetsoftware.com","2","/company/careers/back-end-developers"
"www.singapore.focuscoregroup.com","1","/jobs/regional-senior-data-scientist-project-lead"
"bizopp.freeglobalclassifiedads.com","1","/jobs/technology"
"luminarypodcasts.com","1","/listen/careers-infinite/5-steps-ahead/ep-5-networking-with-linkedin/bd98075f-cddf-4bd5-a917-48a0a07f92ec"
"www.wirelessmobilesearch.com","1","/jobs/network-engineering-jobs/sc-49/"
"www.fieldpulse.com","1","/features/job-scheduling-software-for-mobile-service-businesses/"
"www.isafsrl.com","1","/online-programs/career-fields/technology.html"
"qwilt.com","2","/company/careers/co/rd/21.916/software-engineer/all/"
"nl.jobmonitor.com","3","/search/e1/job+cyber-security-developer"
"jobs.jobspotonline.com","5","/Job/328908756/data-entry-clerk-job-in-houston-tx"
"uk.jobted.com","4","/job-description/business-analyst"
"www.vertuspartners.com","254","/jobs/ab-initio-developer-etl-investment-banking-london"
"nursing.careercast.com","1","/jobs/executive-programmer-381322660-b"
"www.careerdigital.com","5","/career-planning/career-transition/college/technology/"
"www.hellonorthmiami.com","1","/jobs/computer-internet"
"eramosa.com","1","/careers/network-system-specialist/"
"www.goproconsultancy.com","2","/job-category/java/"
"www.thejcr.com","1","/2018/04/10/career-day-foothill-technology-high-school/"
"www.shootproof.com","2","/careers/data-analyst"
"careers.leonardodrs.com","4","/job/Melbourne-Technician-I-Engineering-Software-FL-32935/670876200/"
"kellblog.com","1","/2019/07/18/career-decisions-what-to-look-for-in-a-software-startup/"
"www.thoughtworks.com","1","/insights/blog/career-changer-s-guide-becoming-software-developer"
"www.finatrustmfbank.com","1","/job/senior-credit-analyst/"
"jobs.sheetz.com","2","/job/Altoona-Associate-Programmer-PA-16602/351642300/"
"www.jtcgroup.com","1","/jobs/data-privacy-governance-officer-senior-level/"
"careers-echn.hctsportals.com","3","/search/family-medicine-faculty-eastern-connecticut-health-network/jobs"
"www.haplo.com","3","/jobs/developer"
"salesandstartups.com","3","/jobs/view/coupa-software-inc-7"
"www.salesforce.com","1","/company/careers/employee-spotlights/how-to-network-fearlessly/"
"globaltalentaccelerator.com","6","/job/automation-qa-software-engineer/vancouver/gta_vabe_000026"
"www.pragmatrading.com","1","/job_opening/trading-systems-developer/"
"www.allstarsalsacruise.com","1","/tag/job-network/"
"www.cimcorp.com","1","/en/careers/working-at-cimcorp/networker-and-born-traveller"
"crefc.selectleaders.com","1","/job/143857/sr-analyst-associate-investments/"
"www.boostr.com","2","/job-openings/customer-success-data-solutions"
"careers.floridablue.com","9","/us/en/job/20973/Provider-Performance-Analytics-Sr-Health-Business-Analyst"
"www.btcom.ll-digital-sandbx1.bt.com","17","/careers/careers-at-bt/technology"
"www.hellorevere.com","1","/jobs/computer-internet"
"www.hellosherwood.com","1","/jobs/computer-internet"
"www.hellosteubenville.com","1","/jobs/computer-internet"
"engineering.thehighereducationreview.com","1","/news/career-prospect-and-scope-of-data-analytics-in-india-nid-996.html"
"rookie-ninja.com","1","/career-application/10/SOFTWARE-SALES-PROFESSIONAL"
"www.konecranes.com","1","/en-sg/careers/explore-our-roles/technology-and-digitalization"
"www.jbarisk.com","2","/about-us/careers-at-jba/catastrophe-risk-analyst/"
"www.marketgrabber.com","1","/job-board-software.aspx"
"www.getwide.com","1","/career-of-today-biotechnology-animation-bpo/"
"jobs.airswift.com","20","/job/admin-data-processor"
"www.yuvago.com","6","/jobdetails/260/Computer-Operator-fo-In-Govt.-Projects-Pe"
"www.yuvajobs.com","50","/jobs-vacancy-android-developer-paytm-6861097.html"
"www.usdiversityjobsearch.com","41","/jobs/030f2a01-3865-48ac-80da-0b15b5263248-data-engineer-el-paso"
"cashiersareajobs.com","2","/job/high-hampton-high-hampton-cashiers-nc-full-time-network-administrator/"
"www.successwithplanb.com","3","/jobs/advertising/offline-postal-data-monetization-list-broker-1368.htm"
"www.gooseheadinsurance.com","1","/jobs/systems-developer/"
"erply.com","4","/company/careers/go-developer-tallinn/"
"careers.banpu.com","2","/Thailand/job/30753-Data-Engineer-10400/570398610/"
"outsourcebigdata.com","16","/data-automation/web-scraping-services/job-site-scraping"
"tressolutions.com","1","/careers/senior-data-analyst/"
"www.xerox.com","1","/en-is/jobs/employee-profiles/information-technology"
"www.careers.interserve.com","1","/jobs/vacancy/business-systems-analyst-7295/7324/description/"
"gokronos.com","5","/jobs/data-engineer/"
"jobs.glassceiling.com","143","/jobs/2021-full-time-program-junior-investment-analyst-new-york-ny-10001-119475117-d"
"adnegroup.com","2","/job-category/back-end-developer/"
"jobs.pennlive.com","1","/Jobs/technology-jobs-in-harrisburg-pa"
"www.creativeinterns.com","1","/job/web-developer-291"
"adopsclubindia.com","1","/job/network18-media-and-investments-ltd-mumbai-programmatic-specialist-network18-mumbai/"
"careers.nrgenergy.com","5","/job/Houston-DIGITAL-MARKETING-ANALYST-II-TX-77001/657327300/"
"marylandprofessionalgroup.com","2","/careers/computer-technician-baltimore"
"invidgroup.com","1","/careers/software-tester/"
"dumaworks.com","14","/blog/job-vacancy-devops-engineer/"
"demos.cexpert.com","1","/network-directory/job-recruiter/"
"www.hennigesautomotive.com","1","/job/programmer-analyst/"
"northlanderindustries.com","1","/career/cost-analyst/"
"foodstorm.com","1","/careers/software-developer"
"www.acumentechnology.com","1","/careers/service-desk-analyst/"
"www.swipeix.com","1","/careers/senior-php-ruby-developer"
"www.notleyhigh.com","1","/careers/destination-data"
"systematic.com","1","/join-us/why-systematic/career-development/knowledge-networks/"
"leewardjobs.com","2","/us/jobs/category-Computer"
"www.allerin.com","1","/careers/business-analyst"
"careers.synechron.com","2","/job-listings-hiring-early-joiners-reactjs-nodejs-developer-synechron-pune-synechron-technologies-pvt-ltd-pune-5-to-10-years-240720002972"
"sentientplus.com","1","/job_openings/function-developer/"
"sourcesolutionshr.com","1","/job-search/leveraging-on-smart-networking-to-find-the-job-you-want/"
"jobsearch.hyatt.com","1","/los-angeles-ca/manager-of-information-technology/A6A2FA2BDE4A43C7AE2081BD4F6322A5/job/"
"www.masstechgroups.com","2","/jobs/senior-software-engineers-italy-milan/"
"www.mastersportal.com","1","/studies/167570/career-and-technology-education.html"
"www.equipmentjournal.com","1","/tech-news/jobsite-data-trimble/"
"fridaymediagroup.com","1","/job/core-php-software-developer/"
"careercenter.ifda.com","5","/jobs/13745683/genomics-data-wrangler-curator"
"c3metrics.com","2","/company/careers/junior-back-end-developer/"
"jobs.ltts.com","7","/job/Bangalore-Cybersecurity-Engineer-Karn/570605710/"
"arc-records.com","3","/job-offer-trade-management-analyst.html"
"katanagraph.com","3","/careers/senior-data-engineer"
"www.promptpixels.com","1","/job/senior-web-designer-team-lead/"
"naukriaapkeliye.com","1","/job-alert/secl-recruitment-2020-88-junior-data-entry-vacancy-12922"
"nbacareers.nba.com","6","/job/New-York-DTC-Partnership-Strategy-Analyst-New-10022/589713801/"
"jobs.dsv.com","3","/job/Clark-Senior-HR-Specialist%2C-Benefits-Analyst-NJ-07066/616362601/"
"buyfromseller.com","1","/listings/business-category/jobs/data-entry/"
"www.talenthubresourcing.com","27","/jobs/crm-data-executive/"
"www.talentlyft.com","1","/en/resources/job-descriptions/information-technology-it-job-descriptions"
"www.1888pressrelease.com","2","/jobhintz-released-salary-data-for-twitter-jobs-pr-331446.html"
"www.spinutech.com","1","/about/careers/job-openings/web-developer-j36/"
"www.cover-letters.com","1","/Cover-Letters/Job-Search/Recruiters-and-Employment-Agencies/After-Phone-Call-with-Recruiter-for-R-D-Technology.aspx"
"intelitek.com","2","/jobmaster-for-hydraulics-technology/"
"www.informationtechnologycrossing.com","23","/jobs/q-computer-operator-jobs.html"
"www.helloamerica.com","1","/jobs/computer-internet"
"www.highlyjobs.com","11","/job/Business-Analyst-Job-in-Abu-Dhabi/45"
"www.helloatlanta.com","1","/jobs/computer-internet"
"www.helloeastpeoria.com","1","/jobs/computer-internet"
"www.helloflagstaff.com","1","/jobs/computer-internet"
"www.helloliverpool.com","1","/jobs/computer-internet"
"jobs.uhsinc.com","2","/careers/corporate/search/independence-physician-management-networks"
"jobs.marshallindependent.com","2","/Jobs/technology-jobs-in-marshall-mn"
"septechconsulting.com","1","/jobs/software-developer-java-javascript/"
"repo.veevavault.com","1","/javadoc/vault-sdk-api/20.2.0/docs/api/com/veeva/vault/sdk/api/job/package-frame.html"
"careers.splyt.com","4","/jobs/207462-full-stack-developer"
"www.bnksveeconsultant.com","3","/job-openings-for-dot-net-developer-delhi-506601.htm"
"www.geniustags.com","1","/job/dotnet-developer/"
"fatherprada.com","6","/careers/career-opportunities-for-computer-education-students/"
"hytalehub.com","1","/threads/job-positions-the-bridge-network.9946/"
"www.vitas.com","13","/careers/fl/miami/6998/256/senior-analyst-programming/"
"www.path4group.com","1","/job-senior-product-development-technologist-food-technology-safety-sydney-a0K0o00000t2SQiEAM"
"simplanova.com","1","/about-us/careers/nav-upgrade-developer/"
"www.adven.com","1","/en/careers/meet-our-specialists/technical-concept-developer-hampus-bellander/"
"lucidcircus.com","2","/careers/adobe-experience-manager-developer-freelance/"
"inside.gameduell.com","1","/jobs/big-data/senior-big-data-engineer/"
"askhivemind.com","1","/technology/jobberbase"
"www.tdworld.com","1","/careers/article/21127292/training-our-workforce-to-be-cybersecurity-ready"
"www.its-recruit.com","4","/job/euc-analyst-7662.htm"
"www.intactsoftware.com","1","/job/cloud-devops-engineer/"
"careercenter.asct.com","8","/jobs/13918937/hospital-laboratory-information-systems-administrator-hospital-software-analyst-i"
"www.ameriprise.com","2","/careers/experienced-financial-advisors/advisor-opportunities/women-advisors/womens-empowerment-network/"
"spotifyjobs.com","15","/job/data-research-scientist-algorithmic-responsibility-senior-staff/"
"cathnews.com","1","/home/jobs-list/39379-business-manager-nano-nagle-flexible-schools-network-melbourne-vic"
"redolentech.catsone.com","2","/careers/5101-General/jobs/13743995-Back-End-Engineer-Java-Spring-Micro-Service"
"www.wynnjobs.com","2","/en-US/job/analyst-enterprise-marketing/J3R2TK69N8VL8DF204H"
