"www.bangladeshibanker.com","1","/2020/03/job-circular-risk-analyst-treasury.html"
"www.prnewswire.com","2","/news-releases/jobcom-and-jazzhr-partner-to-accelerate-time-to-hire-with-candidate-matching-technology-300867952.html"
"www.100techjobs.com","42","/jobs/artificial-intelligence-(AI)-designer/Boston,MA"
"www.liquidcareers.com","1","/jobs/9668793/beer-brand-developer.asp"
"qrvey.com","6","/careers/Backend+Developer/"
"www.silverstripers.com","1","/journal/job-opening-front-end-developer/"
"careers.lata.com","1","/jobs/68/software-engineer-at-los-alamos-technical-associates-inc"
"www.elearningforce.com","2","/jobs/front-end-developer/"
"careers.dcmn.com","1","/jobs/912280-senior-data-engineer-m-f-d"
"www.telespazio.com","1","/en/about-us/careers/a-global-network"
"jobs.lcsun-news.com","2","/Jobs/technology-jobs-in-las-cruces-nm"
"ayutthayamarket.com","1","/category/job-search/computers-internet-telecommunications"
"www.groupexindia.com","4","/job-openings-for-computer-operator-ahmedabad-916722.htm"
"terraalto.com","2","/careers/dataadminawsmssql/"
"www.anderselite.com","3","/job/data-administrator-drainage-reporter--jobid-389493tsh"
"jobfox.topresume.com","6","/career-advice/5-ways-to-network-with-your-current-colleagues"
"www.wolfgreenfield.com","2","/careers/technology-specialists/a-day-in-the-life"
"www.mattinsonpartnership.com","1","/job/junior-energy-utilities-analyst-west-midlands-201131595931680/"
"essbasejob.com","2","/job/software-engineer-i"
"www.essit.com","7","/careers/data-analyst"
"www.ohio-forum.com","2","/2019/02/career-week-steam-science-technology-engineering-arts-and-math-industry-panel-jan-30/"
"dreamjobglobal.com","2","/jobs/19281830/Data_Science_Open_Field_TenuredTenure-track-Econ-Jobs.com.htm"
"mitre.referrals.selectminds.com","9","/jobs/data-scientist-%E2%80%93-advanced-analytics-research-8199"
"globalinfoonline.com","1","/job-trends-21-century-data-analytics/"
"fieldscale.com","1","/careers/sofware-engineer-fullstack/"
"intropulse.com","1","/job/sql-developer"
"www.randstadsourceright.com","4","/careers/current-vacancies/s-information-technology/"
"www.anapico.com","1","/download/job-vacancy-software-engineer-application-design/"
"www.supplychainrecruit.com","5","/job/interim-global-procurement-leader-technology-bpo-304672"
"careers.cognizant.com","562","/au/en/job/00035451441/Director-Advisory-Relations-Technology-Consulting"
"career.hbo-europe.com","5","/jobs/290486-full-stack-developer"
"forum.espocrm.com","3","/forum/job-offers-requests/find-developer/44187-integrate-bulk-sms-gateway"
"skillsonclick.com","1","/job/java-development-job-in-new-delhi-by-shiv-bachan-singh_342"
"jobs.bnd.com","38","/company/aftercollege-inc-116238/job/software-developer-vi-in-san-francisco-ca-f63hi38kddebbkdqux1qn6e5y6he7h/"
"www.conumacoal.com","1","/careers/gis-analyst"
"mediafy.teamtailor.com","2","/jobs/237534-senior-net-web-developer"
"www.yetterco.com","1","/careers/current-job-openings/cnc-drill-programmer-and-operator"
"careers.nalaemployment.com","1","/job/32846/costing-analyst"
"www.superfreelancers.com","4","/detail/job/Data%2520Entry%2520and%2520Customer%2520Support%2520at%2520Doximity"
"www.emolument.com","11","/salary-reports/contractors/jobs/data/38148"
"www.devitpl.com","3","/jobs/software-developer-wpf/"
"www.sierraleonejob.com","2","/job-vacancies-sierra-leone/data-scientist-31183"
"austin-tx.geebo.com","1","/jobs-online/list/type/23-information-technology-it-/"
"www.pdl01.com","1","/2019/12/27/job-management-software/"
"wwwqa.goldmansachs.com","1","/careers/blog/posts/highlighting-womens-networks.html"
"crimecenter.com","1","/careers/Quality-Assurance-Analyst"
"careers.gknaerospace.com","1","/job/St-Louis-ERP-Analyst-II-St_-Louis%2C-MO-MO-63101/567824301/"
"www.ther2c.com","14","/jobs/All-Source-Intelligence-Analyst"
"www.nyseg.com","2","/wps/portal/nyseg/networksfooter/ourcompany/careers/!ut/p/z0/hY7BCoJAFEW_xYXLeDNZgUuRKESTAsHeRiYZpymb0XGS_PuSCFfV8nIv5x5AyAEV66VgVmrF6lc-4qrwaLLeLkKyS-N0TvYk2vh-dvAySiEC_DUgI2FukjARgA2z55lUlYZc302pbw1TQ6W15eYfh44ceWlbDABLrSx_WMjV0HHBhCkmZ5e8gS6ZLlxSMsO56b7IfNrmiqdl3cdB4DhPZUl5Aw!!/"
"www.context4healthcare.com","1","/resources/careers/healthcare-data-analyst"
"saintgeorgeconsulting.com","1","/careers/financial-analysts-opportunities/"
"www.erecnigeria.com","14","/career-opportunity-for-web-management-officer-advancement-at-the-federal-university-of-technology-akure/"
"careers.datametica.com","1","/job-listings-QA-Manual-Tester-Product-Testing-Datametica-Solutions-Pvt-Ltd-Pune-3-to-5-years-141119008219"
"roughstone.com","3","/careers/mid-software-consultant/"
"www.exforsys.com","4","/career-center/business-networking.html"
"www.gtalentpool.com","12","/job-openings-for-dot-net-developer-hyderabad-916485.htm"
"jobs.insites-consulting.com","2","/job-openings/odk6cfwp-data-analyst-statistician-johannesburg"
"indoclassified.com","58","/jobs/advertising-public-relations/data-entry-and-advertising_i4211"
"jobsippjournal.infrapppworld.com","22","/job/analyst-4/2020-01-13"
"inityjobs.com","3","/recruitment/job-hiring-in-bangalore-for-non-voice-backend-process-international-bpo-jobs-for-freshers/"
"www.jobcastcentral.com","6","/job-category/information-technology/"
"www.jobs4a.com","7","/search/jobs/1185719/Technical-Support-Analyst.html"
"apply.4mhrlogistics.com","3","/jobdetails/cnc-press-brake-programmer-operator/1137"
"www.pixotech.com","3","/jobs/experienced-software-engineers/"
"wtalk.com","3","/jobs/backend/"
"jobs.ecolab.com","1","/job/11132949/end-to-end-solutions-program-manager-data-centers-naperville-il/"
"www.purchasingcrossing.com","1","/jobs/q-purchasing-analyst-jobs.html"
"careers.firstmidwest.com","3","/job/Hickory-Hills-TM-Product-Analyst-IL-60457/603514600/"
"www.fusioo.com","1","/career/junior-database-engineer"
"community.hpe.com","2","/t5/careers-in-tech/congratulations-to-our-black-employee-network-award-winners/ba-p/7079033"
"careers.cleanharbors.com","7","/jobs/5379408-sr-software-engineer"
"www.mrisoftware.com","3","/ae/products/real-estate-financial-software/job-cost/"
"marketing.careercast.com","237","/jobs/accounting-planning-analyst-29428436-b"
"www.cazarin.com","2","/job/developer/"
"www.cbinsights.com","1","/research/jobs-automation-artificial-intelligence-risk/"
"jobs-in.cbsiglobal.com","10","/job-listings-business-analyst-agile-documentation-sql-cbsi-india-pvt-ltd-bengaluru-bangalore-8-to-13-years-230620002176"
"www.netfully.com","2","/careers/android-developer/"
"jobs.postcrescent.com","1","/Jobs/technology-jobs-in-appleton-wi"
"www.awsjobboard.com","2","/job/data-engineer-aws-azure-2/"
"www.mhp.com","1","/en/company/events/detail/career-fair-at-the-karlsruhe-institute-of-technology-14-11-2013"
"jobs.cunamutual.com","4","/job/CUNAUSR005347EXTERNALENUS/Information-Security-Analyst-IV"
"jobs.advancedresources.com","5","/job/ADREUS482183/Change-Management-Analyst"
"marseille.universelisting.com","2","/Search/job-software-qa-dba/"
"careers-vivefinancial.icims.com","1","/jobs/4285/software-engineer/job"
"jobs-css.icims.com","2","/jobs/2129/geospatial-data-analyst/job"
"verys.catsone.com","3","/careers/30594-General/jobs/13017586-Senior-Software-Engineer-Java"
"conservationbytes.com","1","/2017/03/06/job-koala-data-research-technician/"
"careers.saberhealth.com","1","/jobs-in-it-software-development"
"www.salientglobaltech.com","2","/jobs/apply/application-developer-55"
"marchonpartners.com","1","/aem-developer/job/12678925"
"www.justgeology.com","9","/jobs/geologist-environmental-analyst-boston-united-states/"
"www.phpkolkata.com","2","/search/jobs/android-developer"
"www.physicsforums.com","1","/threads/careers-in-nanotechnology-where-to-begin.291807/"
"www.get-paid-to-write.com","1","/jobs/data-entry/"
"www.vantagecircle.com","1","/careers/security-analyst/"
"www.crainsnewyork.com","1","/technology/job-training-partnership-aims-boost-diversity-citys-tech-industry"
"www.cube-executive.com","2","/jobs/frontend-developer/"
"au.legalbusinessonline.com","1","/jobs/biotech-vc-investment-analyst-life-sciences-phd-hong-kong"
"toxsl.com","6","/job/120/node-js-sr-node-js-mean-stack-developer"
"kit-stellenangebote.dvinci-easy.com","1","/en/jobs/44599/ipe-12-20-internship-or-master-thesis-performance-evaluation-of-distributed-time-series-databases-for-industrial-control-systems"
"www.cloudmigrationjobs.com","8","/job/cloud-data-architect-azure/"
"codetown.com","1","/group/jobs/forum/topics/python-trainer-in-md"
"jobsearch.childrens.com","3","/job/CHHEUS2558/Managed-Care-Contract-Analyst"
"www.virtualassistantjobs.com","1","/job-category/data-entry-word-processing/"
"www.recruiter.com","888","/careers/arts-audio-video-technology-communications.html"
"edinburgh.jobsin-uk.com","1","/jobs/IT%20Technology"
"www.jobsinlund.com","1","/jobs/IT%20Technology"
"portugal.jobsinnetwork.com","1","/jobs/IT%20Technology"
"www.jobsinoslo.com","3","/jobs/c-python-go-developer/ZGJ8RNAw"
"www.jobspikr.com","6","/blog/2017/06/21/job-data-feeds-to-perceive-demand-in-job-market/"
"www.statsjobs.com","20","/job/assistant-professor-associate-professor-and-full-professor-in-statistics-and-data-science"
"altairisllc.com","1","/altairis-technology-partners/careers-at-altairis/"
"www.all-european-careers.com","58","/job-category/business-analyst/"
"cos.youth4work.com","1","/Techciti-Technologies-Pvt_Ltd_/jobs/154944-software-developer-internship-in-Bangalore"
"www.innovationindustries.com","1","/careers/investment_analyst_associate/"
"inomics.com","54","/job/1920-principal-senior-statistical-programmer-dmc-cro-remote-us-canada-west-coast-1475666"
"www.onplanconsulting.com","1","/careers/netsuite-developer-apprentice"
"golyc.com","4","/job/c-developer/"
"www.socialservice.com","3","/jobdetails.cfm/93426/Social-Worker-Career-Network-"
"voiceworks.com","3","/en/job/javascript-developer-2/"
"www.gp.com","1","/careers/information-technology-jobs"
"business.parkrapids.com","1","/jobs/formember/delahunt-broadcasting-kk-radio-network"
"www.parrolabs.com","3","/careers/net-developer"
"www.hanneliusrecruitment.com","4","/jobs/143270-uk-account-director-new-business-technology-provider"
"10up.com","1","/careers/senior-javascript-engineer-react/"
"www.liquidcompass.com","11","/job/4035372/application-analyst"
"devblogs.microsoft.com","1","/premier-developer/tag/jobs/"
"tomlintech.com","1","/careers-tomlin-technology/"
"www.welovereactnative.com","12","/jobs/full-stack-app-developer-at-jve-53"
"careers.extraspace.com","1","/real-estate-analyst/job/13260204"
"www.ankgrp.com","1","/jobs/information-technology/"
"www.anserteam.com","1","/blog/job-seeker/start-networking-with-professionals-outside-of-your-industry/"
"www.daksham.com","1","/jobs/web-designer-job-opening-at-daksham-mumbai.html"
"www.citadel.com","11","/careers/details/data-engineer/"
"www.talkvietnam.com","1","/tag/job-scheduling-software-open-source/"
"stormgain.com","2","/careers/front-end-developer"
"www.bostoncontemporaries.com","1","/job/award-analyst-grant-administrator-for-a-university-in-boston/"
"bungalower.com","1","/event/job-networking/"
"www.304area.com","1","/jobs/charleston/information-technology-jobs/"
"www.lankayp.com","5","/job/1042/Data_Entry_Operator"
"tekcollect.com","2","/Frontend/Content/Careers"
"www.workforcesandiego.com","1","/job/tuhh8p/senior-software-engineer-test-automation/san-diego/ca"
"www.sandvine.com","1","/blog/topic/jobs-for-programmers"
"sankhyana.com","2","/blog/Career-in-Python-Programming-Language-The-Ultimate-guide-for-beginners"
"www.tes.com","93","/en-au/jobs/browse/design-and-technology-subject-leadership-excellence-teacher-cardiff-wales"
"jobs.topqualityrecruitment.com","2","/job-details/business-analyst-ii"
"infolink-exp.com","1","/job-posting-infolink-exp-data-analytics-engineer/"
"www.infoplease.com","3","/homework-help/careers/financial-analyst"
"www.learningpeople.com","2","/au/career/business-analyst/"
"www.henlowgroup.com","1","/job-search/browse/bi-data-and-analytics/jobs"
"staging-about.flipboard.com","1","/job/senior-software-engineer-recommendations/"
"jobs.applied.com","1","/FCX/job/Columbus-Sales-Operations-Analyst-OH-43222/661100900/"
"www.sterlingcross.com","3","/jobs/9680514/clinical-and-senior-primary-care-network-clinical-pharmacists.asp"
"feldmandaxon.com","1","/career-chaser-online-technology/"
"ppg.referrals.selectminds.com","4","/jobs/data-scientist-11457"
"mail.zionjob.com","1","/categorical-jobs/Information-Technology/jobs-in-ethiopia/"
"www.headhunter.com","8","/jobs/Clinical-Data-Manager/J3V7QG5YVKKPX4LX4QV"
"www.ngstartupjobs.com","1","/jobs/andela-nigeria-is-recruiting-for-software-engineer-for-mobile-14377/"
"www.ceva-me.com","1","/Careers/Our-profiles/Supply-chain/Technical-data-technician"
"www.sofi.com","1","/blog/job-hunting-summer-school-networking-101/"
"careers.softchoice.com","3","/job/Data-Steward%2C-Contracts-GA-30092/540710717/"
"revature.com","1","/jobs/entry-level-software-engineer-3/"
"thejosefgroup.com","42","/category/job-openings/software-engineer/"
"www.agentisenergy.com","1","/careers/software-engineer"
"www.kofi-group.com","4","/job/senior-software-engineer-net-new-york-new-york/"
"careers.hmhco.com","9","/job/Boston-Director-of-Software-Engineering-MA-02110/598607500/"
"www.techinmotionevents.com","2","/jobs/toronto-on/java/senior-java-developer/300201"
"www.mesalegaljobs.com","2","/jobs/pa-information-technology-jt-attorney-jobs.html"
"karyamitr.com","3","/jobs/backend-international-non-voice-chat-only-fresher-63187ac5-ac35-445f-980c-a487a0"
"www.programmableweb.com","1","/news/job-onet-api-us-department-labor-exports-career-data/2013/02/05"
"meisecurity.com","1","/jobs/software-developer/"
"www.vrfreshers.com","1","/jobs/amazon-hiring-freshers-for-software-development-engineer-intern/"
"www.bcbswy.com","2","/jobs/data-architect/"
"eslauthority.com","1","/job/sabis-network-schools-uae-oman-qatar-and-bahrain-would-you-like-to-teach-in-or-around-dubai/"
"www.benefitspro.com","1","/2013/09/06/jobs-data-could-drive-fed-bond-buying-move/"
"www.skidata.com","4","/en/corporate/jobs-careers/skidata-career-blog/detail/article/a-reason-to-celebrate-60000th-ticketing-mechanism-unit-produced-by-our-partner-digital/"
"www.getkobe.com","1","/jobs/full-stack-javascript-web-developer/"
"www.getmaintainx.com","3","/jobs/mobile-application-developer/"
"www.conveylaw.com","1","/recruitment/job-vacancies/java-developer/"
"hispanic-jobs.com","1","/jobs/programming-analyst-reporting_advanced-behavioral-health_middletown---connecticut---usa/5239156"
"www.teamjobstraining.com","2","/job-training/hardware-networking-training/"
"namics.com","2","/en/job/senior-software-engineer-java-beograd"
"www.eventbritecareers.com","55","/jobs/backend-software-engineer-mendoza-mendoza-province-argentina"
"jobs.bombardier.com","82","/job/Airframe-Products-Analyst/632329100/"
"goldenspear.com","1","/gs_website_rsc/job-single-backend.html"
"jobs.nokriwp.com","3","/demo-1/job/sr-mobile-application-developer/"
"jobs.freedomfinancialnetwork.com","5","/information-security-analyst-controls-and-compliance/job/12626550"
"careers.lilly.com","10","/job/bengaluru/ux-developer/410/16834883"
"www.masterfeeds.com","1","/career/globalservicesupportanalyst/"
"jobs.avl.com","1","/job/Graz-EMBEDDED-SOFTWARE-DEVELOPER-EMBEDDED-LINUXC%2B%2B-%28FM%29-Styr-8020/607483501/"
"www.truqcapp.com","1","/job-site-documentation-app-truqc-adds-chief-technology-officer/"
"www.truuv.com","1","/jobs/s/Computer"
"nearber.com","1","/job/information-technology"
"www.defactosoftware.com","1","/erp-solutions/job-costing-software"
"h3creative.com","2","/careers/net-programmer/"
"gorefer.com","1","/job/incident-response-cyber-analyst-2/"
"goremoting.com","27","/c/aca-compliance-group/jobs/product-engineer-java"
"jobs.starstable.com","5","/jobs/793057-qa-analyst"
"www.afrihost.com","1","/site/jobs/view/mobile_app_developer_multiple_positions"
"www.toledoattorneyjobs.com","2","/jobs/pa-information-technology-jt-attorney-jobs.html"
"decharles.com","2","/careers/product-developer/"
"jobs.sun-sentinel.com","3","/company/centralreach-llc-213122/job/senior-data-scientist-in-fort-lauderdale-fl-t4u4w33qbgrad7tyrr0rlk6idixvs8/"
"www.capgemini.com","113","/be-en/jobs/id-big-data-architect/"
"www.swisslife.com","1","/en/home/career/vacancies/data-privacy.html"
"www.coursearc.com","1","/careers/software-developer/"
"cm3inc.com","1","/careers/technology-specialist/"
"www.imec-int.com","15","/en/work-at-imec/job-opportunities/conductiv-ai-data-scientist/"
"www.monster.com","1046","/career-advice/article/5-steps-for-online-networking-success-hot-jobs"
"www.gap-technical.com","1","/job/qc-analyst/"
"careers.scrive.com","1","/jobs/894979-devops-engineer/reminds/new"
"www.thepennyhoarder.com","1","/make-money/career/networking-for-introverts/"
"competitivetelecoms.com","1","/jobs/network-engineer/"
"profhirejobs.parttimeprofessor.com","1","/job/subject-matter-expert-for-course-in-data-visualization/"
"www.orchidhealth.com","2","/jobs/full-stack-developer"
"careerforfreshers.com","27","/jobs/accenture-technology-is-recruiting-for-fresher-developer-be-b-tech-m-e-m-tech-bca-mca-bcs-b-sc-computer-science-engineering-graduates-or-equivalent-0-3-yrs-hyderabad/"
"cbrnecentral.com","2","/job/nuclear-senior-safeguards-analyst-environmental-sampling/"
"www.neurable.com","1","/about/careers/software-developer"
"neurosky.com","1","/career/software-development-kit-engineer-san-jose-us/"
"pocreative.com","2","/job/mobile-app-developer/"
"hashtaag.com","1","/jobs/full-stack-web-developer/"
"www.axiomtechnologies.com","1","/jobs/content-data-migration-analyst-melbourne-vic/"
"www.miamibeachmedicalgroup.com","1","/career/information-technology-help-desk/"
"www.eviscan.com","1","/en/career/job-offers/software-programming-and-image-processing/"
"johannesburg.universelisting.com","3","/Search/job-software-qa-dba/"
"www.thebancorp.com","15","/careers/job-search/billing-analyst-ii/"
"www.askjoker.com","1","/jobs/itsoftware-development-jobs"
"www.jliedu.com","1","/blog/career-in-clinical-data-management-cdm-oracle-clinical/"
"careers-bmhcc.icims.com","1","/jobs/98687/specialist-data-analytics-senior/job"
"pinnaclerecruiting.catsone.com","11","/careers/28709-General/jobs/11647569-ServiceNow-Business-Analyst/"
"www.softwareengineerinsider.com","1","/careers/become-a-software-developer.html"
"www.ihire.com","4","/careeradvice/pages/5-ways-to-earn-a-promotion-through-internal-networking"
"mariadb.com","5","/about-us/careers/job-openings/senior-devops-engineer/"
"careers.dteenergy.com","13","/job/Ann-Arbor-Generation-Market-Analyst-%28Ann-Arbor%29-MI-48103/595362700/"
"www.dubaipropertylistings.com","1","/jobs/technology/network-cordinator_i5"
"www.greenvilleeconomicdevelopment.com","1","/business-climate/work-force/job-loss-data/"
"vastdata.com","12","/career/backend-developer-python-expert/"
"jobs.crateandbarrel.com","1","/job/northbrook/senior-analyst-customer-analytics/351/16677897"
"career.naturalcycles.com","2","/jobs/258958-fullstack-engineer"
"english.mathrubhumi.com","1","/education/careers/apply-for-jrf-positions-at-international-institute-of-information-technology-in-hyderabad-1.4944207"
"www.interviewwalkins.com","8","/job/hurix-systems-walk-in-for-html-developer/"
"codeplay.com","1","/company/careers/graduate-software-engineer.html"
"www.redlakenationnews.com","2","/story/2015/08/31/jobs/data-entry-clerk-giniw-waakaaigan-division-of-rehabilitation-services/38766.html"
"www.jobsagencyfm.com","1","/en/job-offers/job-offer-for-senior-front-end-software-engineer-in-malaga/"
"jobs.statesmanjournal.com","1","/Jobs/technology-jobs-in-salem-or"
"kickjava.com","1","/src/org/objectweb/proactive/Job.java.htm"
"www.centurysoft.com","8","/careers/aws-developer"
"jobs.natwestgroup.com","5","/jobs/5417717-customer-service-and-operations-delivery-analyst"
"www.naylor.com","1","/career-center-solutions/career-center-networks/"
"appeio.com","1","/career-choices-in-field-of-information-technology/"
"inodoo.com","1","/jobs/apply/sr-odoo-developer-2"
"www.cropster.com","1","/about/jobs/apply/frontend-developer/"
"socialsciences.academickeys.com","4","/job/ef9pghnt/WenzhouKean_University_Anticipated_Faculty_Positions_20192020_Revised_Research_and_Technology"
"www.onlytick.com","6","/abu-dhabi/jobs/hiring/information-technology"
"useme.com","11","/en/jobs/assistance-data-entry,43753/"
"www.remotepython.com","3","/jobs/skills/datascience/"
"werindia.com","2","/career/web-designer.php"
"iliuz.com","1","/2020/03/08/job-in-the-field-of-computer-technology-in-the-middle-east/"
"www.administrativejobinsider.com","3","/job-positions/computer-operators"
"www.damiagroup.com","8","/jobs/android-developer-engineer-android-sdk-restful-api-java/"
"www.apachecement.com","1","/career/sr-software-developer/"
"itsutra.com","3","/careers_archive/net-developer/"
"www.dckap.com","1","/job/magento-developer/"
"www.followbright.com","1","/contact-our-colorado-web-design-company/jobs/jobs-colorado-freelance-web-designer/"
"jobs.halliburton.com","3","/job/Luanda-Immigration-Analyst-LUA/608419100/"
"www.hamiltonforth.com","1","/job/associate-technology-and-data/"
"9elements.com","2","/career/junior-c-c-developer"
"www.binghalib.com","1","/jobs/python-developer/"
"www.safe.com","3","/careers/quality-analyst/"
"jobs.desertfinancial.com","1","/business-intelligence-analyst/job/12614162"
"infographiclist.com","1","/job-screening-with-social-networks-infographic/"
"www.leasemls.com","2","/cgi-bin/jobs/classifieds-db-iowa-website--language--session_key--view_database_button-on.htm"
"www.saucerecruitment.com","9","/job/business-analyst-2/"
"www.bbc-uae.com","1","/single-post/2019/06/10/JOB-VACANCY-Financial-Technology-Sales-Manager"
"www.bbcsinc.com","1","/jobs/full-stack-software-developer/"
"wehavezeal.com","12","/careers/2013/05/09/vacancy-front-end-web-developer-wanted"
"www.addverve.com","1","/Careers/Article/1688/Senior-Research-Analyst-Quantitative"
"www.lesaffre.com","4","/careers/rd/datascientist/"
"jobs.mars.com","2","/job/Mt_-Olive-eCommerce-Tech-Stack-Lead%2C-Backend-Direct-to-Consumer-NJ-07828/574134901/"
"careers.amadfw.com","24","/jobs/11465861/web-developer"
"amatrol.com","1","/about-us/careers/experienced-back-end-programmer/"
"jobs.housing-technology.com","2","/job/579/innovation-manager-technology-and-innovation-team/"
"medium.com","2","/inside-freenow/career-contemplations-7-questions-to-an-ios-developer-c69ad672c594"
"www.certus-tech.com","1","/cta/Company/Careers/Vacancy+Detail/Software_Developer.cid1282"
"xmartlabs.com","4","/jobs/business-developer"
"jobs.cityfurniture.com","1","/senior-lead-software-engineer-it/job/12777303"
"careers.guidewellconnect.com","1","/us/en/job/21637/Data-Engineer"
"jobs.carmichaeluk.com","1","/job/technology-agent-2315.aspx"
"www.northropgrumman.com","4","/careers/clearance-documents/annual-security-and-computer-refresher-trainings/"
"huskyjam.com","1","/career/react-developer/"
"www.kingandpartners.com","2","/career/shopify-developer-nyc-philadelphia-or-remote/"
"eduready360.com","1","/jobready-wbl-work-based-learning-career-ready-software/"
"news.efinancialcareers.com","1","/uk-en/careers-in-finance/263295/icap-technology-jobs-sc"
"www.solactive.com","5","/jobs/business-analyst-product-owner-m-f-d-financial-indexing/"
"www.space-exec.com","18","/job/analyst-tmt-tech-slash-media-slash-telecoms/"
"ioniq.com","3","/careers/investment-analyst-associate-m-f-d-heal-capital/dc187087-a9e0-4a4b-88af-d9ba427d08aa/"
"uk.xpatjobs.com","3","/jobs/Data-Integration-Manager/28774x240102629"
"content.moneyinstructor.com","1","/1109/career-networking.html"
"amusementsint.com","2","/careers/computer-programmer"
"karenmcgrane.com","2","/career-day-special-with-a-future-web-designer/"
"jobs.rre.com","1","/companies/silver-tree-labs/jobs/lead-embedded-software-engineer-2-2f556650-a738-445a-8b18-979082c2727b"
"progwml6.com","3","/jenkins/job/JustEnoughItems-MC1.12/264/metadata/"
"www.precisetarget.com","2","/careers-data-scientist/"
"zozimus.com","1","/careers/data-analyst/"
"www.ariyesonline.com","2","/jobs/apply/network-engineer-9"
"www.bellwethr.com","2","/careers/full-stack-developer/"
"www.pararecruit.com","3","/job-specialism/data-science/"
"dockflow.com","1","/blog/jobs/backend-engineer/"
"empleosamigo.com","8","/jobs/911-support-services-management-analyst-ii-salem-or-97301-118385008-d"
"tucson.com","1","/business/jobnetwork/writing-a-strong-cover-letter-when-changing-careers/article_f2ea66ce-1fb0-5733-8758-84e64c3c8480.html"
"www.pnwcareers.com","1","/company/snohomish-county-pud-142658/job/area-operations-accounting-analyst-in-everett-wa-winas0tt5lr8msskc6608ayvw2yt7z/"
"reno-nv.geebo.com","1","/jobs-online/list/type/23-information-technology-it-/"
"www.localjobsillinois.com","1","/Jobs/technology-jobs-in-alton-il"
"jobs.kiratniwas.com","2","/job/need-senior-rolling-html-developer-copy-4/"
"www.goekos.com","1","/careers/senior-software-developer"
"www.promotefirst.com","1","/jobs/drupal-developer-coimbatore/"
"jobs.shellpointmtg.com","2","/analyst-ii/job/13149229"
"www.pwc.com","2","/ca/en/careers/campus-recruiting/campus-opportunities/opportunities/technology-consulting.html"
"jobs.talenttapstaff.com","2","/jobdetails/compliance-analyst/lancaster-pa/1473"
"www.minneapolislegaljobs.com","2","/jobs/pa-information-technology-jt-attorney-jobs.html"
"pinpointasia.com","2","/job-search/index-arbitrage-algo-trading-java-developer-avp-global-investment-bank-no-previous-algo-exp-needed/"
"africanbusinessmagazine.com","2","/classifieds/jobs/afreximbank-investment-managers-investment-analysts/"
"www.africatopforum.com","1","/jobs/other-jobs/free-registration-online-data-entry-jobs-income-rs-25-000-to-35-000_i20664"
"www.execboardinasia.com","7","/job/director-software-engineering-7/"
"falch-careers.com","4","/en/jobs/detail/design-engineer-mfd-high-pressure-technology-t336.html"
"toledotool.com","3","/job_postings/cmm-programmer-toledo-oh/"
"induforgroup.com","1","/careers/analyst-consultant/"
"jobs.canfor.com","6","/job/Prince-George-Business-Analyst%2C-Wood-Products-BC/664533100/"
"jobaxle.com","5","/jobs/business-analyst/4050"
"newyork.jobing.com","1","/the-geo-group/job-developer-1-13246311"
"coverager.com","1","/data/job-openings/"
"www.gamingtec.com","1","/jobs/wordpress-developer/"
"www.weareadam.com","14","/job/asp-dot-net-developer-plus-umbraco"
"www.wearediagram.com","1","/about-us/careers/web-developer"
"madebyxds.com","1","/careers/web-developer-ambler/"
"careers.autozone.com","4","/alldata/jobs"
"www.commencis.com","2","/careers/android-developer/"
"hobstourismnigeria.com","1","/career/ux-front-end-developer/"
"www.quanta-cs.com","14","/job/cell-culture-analyst-in-geel-jid-1260"
"quantnet.com","1","/threads/job-quantitative-financial-analyst-in-toronto-canada.13812/"
"netduma.com","1","/careers/core-software-developer/"
"www.netohq.com","1","/job-request-portal/website-design-services"
"www.nettemps.com","4","/us/en/Listings/Recruiters/Request-Technology---Craig-Johnson/Jobs/"
"engrain.com","1","/careers/backenddeveloper-engineer/"
"www.hach.com","1","/data-management/job-cal-plus-computerized-maintenance-management-software/family"
"careers.tobii.com","4","/jobs/252792-senior-c-developer-desktop-application"
"www.onegini.com","2","/careers/DevOps"
"yandex.com","1","/jobs/vacancies/global/software_eng_tel_aviv"
"jobs.ssmhealth.com","1","/locations/wisconsin/deanhealthplan/career-areas-dhp/dhp-information-technology/"
"akthealth.com","1","/careers_archive/data-scientist/"
"www.kennedypearce.com","66","/job/analyst-administrator/"
"ewallsolutions.com","6","/jobs/apply/magento-developer-2-years-of-experience-4"
"koln.universelisting.com","3","/Search/job-software-qa-dba/"
"ic-resources.com","18","/job/C-NET-Software-Engineer"
"careers-etrade.icims.com","1","/jobs/15060/senior-analyst-ii%2C-data-engineering-%28bi-tools-admin-and-automation%29/job"
"ascentsg.com","1","/search/job/Information+Technology/"
"secureinn.catsone.com","1","/careers/57131-General/jobs/13009246-NetworkSystems-Engineer-Lead"
"tekcomresources.catsone.com","17","/careers/25231-General/jobs/10420867-Logistics-Analyst-Tempe-AZ-area/"
"admin.gencon.com","2","/join/jobpost-devops_sysadmin-2019"
"www.payercompass.com","1","/job/healthcare-reimbursement-analyst/"
"justcoded.com","1","/career/senior-php-developer/"
"rethinkux.com","2","/job/django-developer/"
"www.internshipsdownunder.com","1","/job/biochemistry-technology-internship/"
"discuss.codecademy.com","1","/t/career-change-for-graduated-linguist-towards-data-science/488234/1"
"cloudcar.com","2","/job/data-engineer/"
"www.cloudi5.com","1","/careers-details/ci5j05/senior-php-developer"
"www.grayassociates.com","3","/graydataespresso/job-posting-decline-slowing"
"www.gulfjobworld.com","5","/job-details/general-electrical-engineer-computer-netwok-in-saudi-arabia-riyadh-338.html"
"www.grecruitment.com","11","/jobs/android-developer/"
"www.sarvika.com","8","/careers/business-analyst/"
"blog.windsorbrokers.com","1","/tag/jobs-data/"
"www.ardec.com","1","/careers/web-developer"
"www.arhs-group.com","5","/jobs/business-analyst-2/"
"www.searchelect.com","15","/jobs/associate-director-advisor-service-and-technology-evolution"
"drsgiannettiandbooms.com","1","/jobs-with-computer-science-degree/"
"unisoftgroup.com","6","/career-category/1/web-design"
"jobsearchingstrategies.com","1","/2011/02/13/job-search-tips-using-social-networking-websites/"
"bristol.jobsin-uk.com","2","/jobs/IT%20Technology"
"www.jobsparx.com","6","/Job/103182/Data-Rush-Software-Systems-Engineer-Houston-TX"
"tigosoftware.com","2","/jobs/jd-net-developer-web-portal"
"fountain-marketplace.com","6","/jobs/actuarial-analyst/"
"www.soliduslabs.com","1","/job-openings/backend-engineer"
"clearmove.com","10","/careers/business-analyst/"
"www.adiresourcing.com","6","/jobs/id-00410-software-engineer-database-power-bi/"
"www.onlinecollegeplan.com","7","/career-profile-computer-support-specialist/"
"www.onsumaye.com","1","/job-description/sr-web-developer"
"jobs.squarerootindia.com","3","/job-listings-Engineering-Manager-Java-Nodejs-Python-Squareroot-Consulting-Pvt-Ltd-Bengaluru-Bangalore-8-to-13-years-011019002641"
"www.impactpublications.com","3","/product/job-finding-with-social-media-and-technology-kit/"
"www.proactive-search.com","3","/job-openings-for-sap-abap-developer-mumbai-913380.htm"
"www.liquidlitigation.com","2","/blog/job_listings/data-analyst/"
"publishman.com","1","/jobs/it-softwaredeveloper/we-have-part-time-freelance-project-work-on-loading-informatica-metadata-into-collibra_i469"
"myadventuresinadulthood.wordpress.com","1","/tag/career-girl-network/"
"www.withyouwithme.com","6","/careers/data-science-consultant"
"electricalwiki.com","1","/job-category/software-engineers/"
"www.kgworkforcesolutions.com","1","/blog/job/business-analyst-2-4/"
"www.charlottelawjobs.com","2","/jobs/pa-information-technology-jt-attorney-jobs.html"
"careers.underarmour.com","4","/job/baltimore/sr-software-engineer-sfcc/7686/16790338"
"www.workathomecrossing.com","5","/jobs/q-data-entry-clerk-jobs.html"
"www.sensirion.com","4","/en/careerdetail/news/headphones-off-music-off-tutorials-for-developers/"
"www.blacksinacademia.com","7","/jobdetail-181405-Temporary,%20Part-Time%20Instructor%20(CIS%20-%20Computer%20Information%20Systems)"
"www.corpuschristilegaljobs.com","1","/jobs/pa-ip-technology-transactions-jt-attorney-jobs.html"
"jobs.armstrongceilings.com","2","/job/Lancaster-Financial-Analyst-Mineral-Fiber-Job-PA-17603/605415200/"
"www.appspace.com","3","/careers/open-positions/role/security-compliance-analyst/"
"infalliblehr.com","1","/tag/jobs-in-biotechnology/"
"www.carringtonwest.com","2","/job/developer-contributions-officer"
"nimonik.com","1","/2012/07/job-ehs-professional-who-loves-technology/"
"careers.marriottvacationsworldwide.com","1","/job/senior-java-programmer-analyst/J3V1NT6QCPYWR26HB4J/"
"adhbrac.referrals.selectminds.com","2","/hA/jobs/application-support-analyst-17299"
"taprootindia.com","2","/job-category/web-developer/"
"sliteresume.com","1","/blog/career-options-after-mca-understanding-the-job-options-post-computer-education/"
"jobs.whirlpool.com","15","/job/Apodaca-%28Finance%29-Senior-Analyst%2C-Finance-General-NLE-66634/661251600/"
"eeetaxi.com","1","/job/data_analyst/"
"careers.bloomberg.com","330","/job/detail/Beijing+Energy+Storage+Analyst+-+Bloomberg+New+Energy+Finance+-+Beijing/67522"
"bluebizconsulting.com","1","/consulting-services-2/careers/tableau-developer-d-18-t08/"
"kaivalinfotech.com","1","/careers-responsive-web-design/"
"www.bocada.com","1","/company/careers/software-development-engineer/"
"jobs.bluepelican.com","3","/job/data-protection-solicitor-704.aspx"
"jobs.timesleaderonline.com","2","/jobs/technology-jobs-in-martins-ferry-oh"
"www.airflashmls.com","2","/jobs/helpwanted/junior-financial-analyst-2146730.html"
"ensek.com","3","/careers/lead-devops-infrastructure-engineer"
"www.envhistturkey.com","1","/2018/03/21/job-junior-professorship-in-history-of-technology-and-environmental-history-karlsruhe-institute-of-technology/"
"supersolid.com","1","/careers/unity-developer"
"www.surcorpgroup.com","1","/careerbuzz/tag/effective-networking/"
"prdxn.com","1","/careers/job/experienced-software-engineer-reactjs/"
"www.bcpros.com","1","/careers_archive/computer-technician/"
"www.arkinsoftware.com","4","/job-category/java-developer-jobs/"
"munvo.com","2","/careers/salesforce-developer/"
"getfive.com","1","/blog/tag/job-search-technology/"
"careers.e-days.com","1","/jobs/901577-software-developer"
"job.contractsit.com","15","/job/application-developer/"
"video.digi-me.com","5","/CultureFit/jobs/IT/Developer/UX0005"
"oklahomaanalytics.com","1","/careers/american-fidelity-hiring-data-scientists/"
"www.okta.com","18","/company/careers/customer-first/mission-critical-developer-support-engineer-atlanta-ga-2225267/"
"staging.honorcu.com","1","/blog/career-takeoff-kaylees-journey-from-intern-to-financial-analyst/"
"pdmconsultancy.com","1","/component/jobgrok/posting/739/c-asp-net-developer"
"jobs.ruidosonews.com","1","/jobs/technology-jobs-in-ruidoso-nm"
"www.glassglobal.com","1","/jobrequest/glass_designer_developer_for_next_generation_3d_glass_lacquers_is_looking_for_cooperation-1475.html"
"www.nullgr.com","3","/careers/android-developer-2"
"www.sire-search.com","25","/job/analyst-bioassay-team"
"www.sisystems.com","237","/en-ca/jobs-en/analyste-daffaire-intermediaire-bilingue-pour-modeliser-et-ameliorer-les-processus-14128-14129/310039003200370037003300/"
"hightec-rt.com","2","/en/company/jobs/107-job-ide-sw-developer-junior.html"
"se.fashionjobs.com","4","/job/Data-engineer-analytics-and-data-platforms,3498768.html"
"www.mastersprogramsguide.com","2","/faq/careers-with-a-master-of-cybersecurity-degree/"
"talacka.com","3","/jobs/backend-php-developer/"
"www.datatrics.com","3","/careers/back-end-developer/"
"datavalet.com","1","/jobs/network-analyst-support-level-1/"
"www.ivyexec.com","177","/career-advice/2013/your-elevator-pitch-dont-go-networking-without-it/"
"www.anton-paar.com","1","/kr-en/jobs/occupations/software-development/"
"www.stpetersburglegaljobs.com","2","/jobs/pa-information-technology-jt-attorney-jobs.html"
"webprovise.com","2","/careers/senior-front-end-developer"
"www.jobpencil.com","3","/Job-Details-dbdda08b/SQL-Developer-job-in-Des-Moines-Iowa-50301"
"www.kixie.com","2","/careers/qa-software-engineer/"
"www.globalshopsolutions.com","1","/blog/erp-software/job-costing-accounting/"
"www.sunriselabs.com","5","/About-Us/Careers/Full-Stack-Web-Developer-Medical-Device-Developmen"
"www.malaymail.com","1","/news/malaysia/2018/12/17/jobstreet-says-own-data-showed-starting-salaries-up-differ-from-kri-finding/1703918"
"www.xcessmanpower.com","4","/job-openings-for-database-administration-ahmedabad-917387.htm"
"xenovation.com","4","/career/13-career/79-prinicipal-software-engineer-java-javascript"
"lucysinformationstation.com","2","/2014/02/19/jobs-bartlett-city-schools-network-administrator-shared-services/"
"careers.qualfon.com","1","/job/Georgetown-ANALYST%2C-QUALITY-DE/655514700/"
"www.iplaceconsultancy.com","14","/jobs/computer-operator-parle-point-location/"
"madewithweb.com","1","/inside-web/careers/web-developer-asp.net-c-.net/"
"www.viberecruit.com","2","/job/cmm-programmer/"
"ph.claseek.com","6","/jobs/computer-it/animator-work-from-home_i87879"
"bitaacademy.com","11","/job/azure-developer/"
"cys-talent.freshteam.com","2","/jobs/MQLvFVSTFGIg/back-end-developer-net-3-positions"
"mocdoc.freshteam.com","2","/jobs/-2hBC-2tGJWs/software-developer-software-engineer-fullstack-developer-ui-ux-designer"
"daman-diu.20govt.com","1","/jobs-for/data-entry-operator/"
"www.careersinaerospace.com","1","/career-resources/networking/"
"www.energizerholdings.com","1","/careers/opportunities/information-technology"
"hactc.com","2","/news/161/70/Career-and-Technology-Exploration"
"www.oneindia.com","5","/careers/lamp-php-developer-2978691.html"
"www.spi-global.com","1","/careers/product-analyst/"
"fairbit.com","1","/career/web-developer/"
"www.socialbookmarkssite.com","1","/bookmark/2166700/job-intensive-training-program-akswave-oracle-trainings-dba-rac-exadata-online-training-hyderabad/"
"arstechnica.com","1","/information-technology/2009/10/job-postings-indicate-microsoft-looking-ahead-to-windows-8/"
"hq-lifeway.icims.com","1","/jobs/25414/remote-senior-software-engineer/job"
"www.setblue.com","2","/careers/core-php-developer"
"www.obqo.com","4","/job-openings/front-end-web-developer"
"www.lymbyc.com","7","/career/current-openings/analystassistant-manager"
"emacgroup.catsone.com","2","/careers/40054-General/jobs/12941930-Director-of-Mortgage-Technology"
"newfound.catsone.com","19","/careers/9479-General/jobs/13634723-Web-Developer-Intermediate"
"bizzyweb.com","1","/career_opportunities/front-end-web-developer-wordpress-hubspot-cos/"
"www.genengnews.com","1","/resources/videos/careers-in-biotechnology/"
"www.qentelli.com","2","/careers/jobs/java-fullstack-golang-manager"
"petcube.com","1","/careers/android-developer/"
"www.kcra.com","1","/article/jobseekers-company-hosts-developer-day-in-roseville/6395723"
"wisdmlabs.com","1","/job/php-developer-remote-working-work-from-home/"
"www.pharmadiversityjobboard.com","80","/job/assoc-stat-programmer-33"
"jobs.thegleaner.com","1","/Jobs/technology-jobs-in-henderson-ky"
"cyberpay.com","1","/careers-payroll-service-software/"
"visionmonday.com","1","/eyecare/coronavirus-briefing/the-latest-covid19-data/article/jobless-claims-gradually-decline-but-20-million-still-out-of-work/"
"www.unigo.com","5","/colleges/career-and-technology-education-centers-of-licking-county"
"usnlx.com","4","/jobs/World_Wide_Technology/browse_jobs_by_city"
"veterans.usnlx.com","80","/analystsenior-analyst-global-investment-optimization/jobs-in/olympia/washington/usa/jobs/"
"www.jobscyprus.com","1","/jobs/it-software/"
"www.jobsstudios.com","3","/job/cloudyfox-technology-pvt-ltd-senior-blockchain-developer-rd-team"
"jobtipsforgeeks.com","1","/tag/jobs-for-old-programmers/"
"www.splunk.com","27","/en_us/careers/jobs/data-architect-products-data-15741.html"
"www.centretek.com","1","/careers/technology-directory"
"www.artstation.com","5","/jobs/c/aspire-creative-network"
"careers.arubanetworks.com","3","/job/Aruba-Networks-Singapore-/77468040"
