"weselectthebest.com","116","/account-manager/jobs-in/information-servicestechnology/new-jobs/"
"www.automotivetestingtechnologyinternational.com","1","/job/konrad-technologies-united-kingdom-full-time-labview-software-architect"
"www.plentyofjobs.com","1","/Jobs-Sectors/Computer-Mathematics-Jobs"
"pliops.com","5","/careers/co/cto-office-architecture-performance/3E.212/software-performance-engineer/all/"
"fiycorestaffing.com","1","/job/salesforce-commerce-cloud-developer/"
"www.samsoftware.com","4","/features/job-management-software/"
"www.3forcom.com","1","/careers/consultants-network/"
"www.23zhaoma.com","2","/careers/api-software-engineer/"
"www.seobuzzbox.com","2","/job-outlook-for-web-developers/"
"kvrtutors.com","4","/job/application-developer-for-android/"
"careers.zymewire.com","2","/job-posting-departments/data"
"www.lotto-direct.com","1","/careers/aml-analyst/"
"progilisys.com","3","/job/business-analyst/"
"www.412area.com","1","/jobs/pittsburgh/information-technology-jobs/"
"www.aqtsolutions.com","3","/aqt-solutions-training-management-software-companies/careers/software-development-manager/"
"www.maincubes.com","1","/en/datacenteroperator/careers/"
"colatoday.6amcity.com","1","/jobs/web-developer-blue-ion/"
"careers.bluerose-tech.com","11","/job-listings-looking-for-apigee-senior-developer-pune-immediate-bluerose-technologies-pvt-ltd-pune-mumbai-5-to-10-years-201120002359"
"bluetokaicoffee.com","1","/blogs/careers/full-stack-developer"
"www.toyota-indus.com","1","/careers/current-jobs/assistant-manager-information-technology/"
"www.mapertunity.com","4","/blog/careers/added-data-for-singapore-today/"
"asana.com","4","/jobs/apply/1284781/software-engineerproduct"
"www.problogbooster.com","1","/2012/12/Job-Searching-Technology-Internet-Career-Online-Hunting-Strategies-Techniques-Successful-Tips.html"
"empirica-software.com","1","/career/java-developer/"
"acgpro.com","1","/job/senior-analyst-atlanta/"
"www.hky4vetsjobs.com","24","/job/engineering-and-architecture/network-engineer/4398877/systems-engineer-das-remote-southeast"
"www.digitalistmag.com","1","/future-of-work/2018/03/02/job-loss-to-jail-sentences-data-protection-privacy-is-no-joke-05914376/"
"www.digitalrecruitmentcompany.com","2","/job-search/398-quantitave-developer-c/technical-and-development-jobs/london/apply"
"www.fusioncharts.com","1","/datastories/jobs-gain-and-loss"
"careers.tradestation.com","12","/en-US/job/software-engineer-ii-services/J3W04C6J96S4BTW9BQS"
"motivatingsystems.com","1","/careers/software-application-developer/"
"www.metabase.com","2","/jobs/data_analyst_growth/"
"veteranjobs.edwards.com","1058","/analyst-accounting-thai-speaking/jobs-in/"
"aryztacareers.com","5","/job/Chicago-Analyst%2C-Master-Data-%28Temp%29-IL-60654/631102501/"
"www.gam.com","1","/en/careers/financial-crime-analyst"
"www.stoutsystems.com","34","/job/1949/Web_Application_Developer_(JavaScript_Frameworks)/"
"clarionconsulting.com","1","/job/senior-business-analyst/"
"www.lakejob.com","1","/job-openings/technology_1"
"mobilemerit.com","2","/job-board-software-android-app/"
"novoresume.com","7","/career-blog/computer-science-resume"
"www.quantasavers.com","1","/2017/11/job-h1b-visa-reality-technology.html"
"www.catenon.com","15","/jobs/GF2986-3254167/Morocco/Area/Group+Data+Manufacturing+Analyst"
"haatchinteractive.com","4","/jobs/creative-designer-web-graphic-designer/"
"www.helixeducation.com","1","/resources/blog/career-education-review-features-datamarks-collaborative-research/"
"www.helmag.com","1","/career/for-school-leavers/dual-studies/bachelor-studies-in-computer-science"
"wunderlin.com","1","/career-crossroads-part-3-new-normal-networking/"
"www.kameorecruitment.com","1","/job/senior-software-tester/"
"www.beinmediagroup.com","2","/job-offer/coordinator-analyst-section/"
"www.propertyweek4jobs.com","7","/job/analyst-5"
"prospectsglobal.com","1","/job/full-stack-c-developer-mobile-web-page-designer/"
"www.slwip.com","2","/careers/austin-patent-associate-attorney-electrical-engineeringcomputer-science/"
"softvity.com","2","/careers_archive/front-end-ui-developer/"
"smartfinvcjobs.com","2","/category/job-types/data-experts/"
"discountekart.com","1","/jobs/alembic-pharmaceuticals-ltd-multiple-openings-for-qc-qa-qa-it-database-administrator-production-boiler-operation-engineer-packing-departments-apply-now/"
"www.ihiretherapy.com","1","/careeradvice/pages/5-ways-to-earn-a-promotion-through-internal-networking"
"careers.snowflake.com","32","/us/en/job/4877363002/Lead-Software-Engineer-UI"
"www.vumcnursingcareers.com","1","/jobs/nurse-educator/ms-jackson-mississippi-affiliated-health-network/"
"xseedcap.com","2","/jobs/full-stack-data-scientist/"
"forums.envato.com","1","/t/job-woo-developer/309969"
"jobs.eon.com","5","/avacon/job/Chicago-Sr_-Revenue-and-Settlements-Analyst-IL-60290/522151101/"
"healthtechresourcesinc.com","3","/job/epic-clarity-report-analyst/"
"www.f2strategy.com","2","/careers/f2-research-senior-analyst"
"sayduck.com","1","/careers/startup-minded-senior-lead-developer-helsinki/"
"www.mednefits.com","3","/jobs/back-end-developer-database-engineer"
"www.uhnjcareers.com","2","/careers/data-analyst-trauma-recovery-center-20nsh98024/"
"gm.afribaba.com","3","/bansang/resumes-curriculum-vitae-cv/job-search-computers-internet-telecommunications/"
"www.adamianos.com","1","/career-as-computer-programmer/"
"mastery.commandalkon.com","4","/jobsite-suite/dodge-data-analytics-civil-quarterly-vol-1"
"jobs.infarmbureau.com","1","/product-business-analyst/job/14598986"
"edgewatergroup.com","2","/job/net-software-engineer/"
"www.lancernow.com","1","/job-categories/programming-technology/"
"www.hys-enterprise.com","2","/career/vacancies/front-end-developer-angular/"
"actualcareers.com","1","/category/browse-career-categories/career-field/information-technology/"
"jobs.amd.com","133","/job/Austin-Compensation-&-Benefits-Analyst-1-Texa/678781400/"
"energy-models.com","2","/jobs/building-performance-analyst"
"usabilitysciences.com","2","/about/careers/associate-user-experience-analyst/"
"tapkey.com","1","/pages/job-full-stack-developer"
"verdisgroup.com","1","/job-opening-data-analyst/"
"deacom.com","2","/job-opening-senior-software-developer"
"deadhappy.com","1","/careers/big-data-engineer/"
"www.conservation-careers.com","23","/category/conservation-jobs-careers-advice/interivews/job-type/information-data-management-conservation-jobs/"
"www.vanderhouwen.com","45","/job-postings/accounting-analyst-48086/"
"www.willdooit.com","1","/page/job-management-software-for-tradies"
"app.occupop.com","1","/shared/job/data-analytics-learning-content-subject--nnGI/"
"takingnote.blogs.nytimes.com","1","/2016/05/23/jobs-data-could-be-bad-news-for-democrats/"
"incrowdnow.com","1","/job-listings/associate-salesforce-developer/"
"incture.com","5","/job-category/java-lead/"
"metricarecruitment.com","1","/jobs/data-engineer-python-azure-buckinghamshire-28595/"
"www.zdnet.com","1","/article/job-losses-at-bbc-technology/"
"www.datamation.com","2","/career/article.php/3897921/Dont-Hire-That-Developer.htm"
"publift.com","2","/job-posting-full-stack-software-engineer/"
"manitobaservices.com","21","/jobs/computer-science-graphic-design-communication-technology-teacher/"
"www.thenationaltv.com","1","/Jobs/atma-recruitment-2019-for-06-block-technology-and-assistant-technology-manager-posts"
"dpath.com","1","/about-datapath/careers/"
"www.dphiu.com","1","/job/senior-web-designer-team-lead/"
"sg.indeed.com","9","/career/senior-software-engineer/salaries"
"www.facileserv.com","1","/job/sr-big-data-engineer/"
"netdynamicconsulting.com","1","/careers/netsuitedeveloper/"
"www.bv.com","1","/careers/BV-Knowledge-Network"
"www.nhsjobs.com","2","/job/UK/Derbyshire/BurtononTrent/University_Hospitals_Derby_Burton_NHS_Foundation_Trust/Information_Management_Technology/Information_Management_Technology-v2487206"
"junocollege.com","1","/blog/job-search-tools-for-developers/"
"careers.pennoni.com","2","/en-US/job/network-administrator-northeast-region/J3Q5JQ6C2ZD2K3JHKNJ"
"www.practicelink.com","42","/jobs/785815/physician/family-medicine/north-carolina/unc-physicians-network"
"www.experlogix.com","2","/careers/software-developers-dot-net-and-c-sharp"
"www.careerforcemn.com","2","/careerforce-blog/having-computer-access-home-makes-big-difference-especially-during-pandemic"
"sinaitex.com","1","/collections/job-lots-computers-softwares"
"www.createselect.com","1","/job-description/head-of-data-solutions"
"www.psdgroup.com","1","/job-category/technology-media-comms-software-applications-enterprise/"
"www.grouponcareers.com","1","/job/11205245/software-development-engineer-in-test-chicago-il/"
"www.youremploymentsolutions.com","1","/jobs/computer-technician/"
"www.core-apps.com","1","/event-technology-company/jobs/"
"www.redblacksoftware.com","4","/careers/c-middle-tier-developer-experience-up-to-10-years/"
"oxford.jobsin-uk.com","1","/jobs/IT%20Technology"
"finland.jobsinnetwork.com","1","/jobs/IT%20Technology"
"nz.jobsora.com","1","/jobs-ui-developer-work-from-home-wellington"
"us.jobtome.com","25","/job/compliance-analyst/3f2ef9ac0ca031566471c06ad3fe3c54"
"careers-ftechi.icims.com","1","/jobs/1689/it-specialist---web-design-%28tss%29/job"
"careers-marzetti.icims.com","1","/jobs/2218/part-time-quality-assurance-analyst-i/job"
"energeiaworks.catsone.com","4","/careers/7303-General/jobs/13832523-Head-of-Information-Technology/"
"www.cbresourcing.com","2","/job/backend-developer-20.aspx"
"www.jobawareness.com","1","/job-duties-cisco-network-engineer.asp"
"careers.etihad.com","2","/Etihad/job/Revenue-Management-Analyst/322120101/"
"www.naijapikin.com","1","/job-20-Data_Processors_"
"btbcku.com","1","/jobs/web-application-developer/"
"economistjobs.com","6","/job/data-science-internship-2021"
"www.timesworld.com","1","/careers/web-design-interface-expert-html"
"northcoastresearch.com","1","/careers/senior-equity-research-analyst/"
"algoscale.com","4","/job/big-data-developer/"
"www.designzillas.com","1","/careers/front-end-web-developer"
"www.equinux.com","2","/us/job/J191/Go--Web-Back-end-Software-Engineer"
"uptofast.com","2","/tech/job-offers-of-the-week-technical-manager-lead-developer/"
"kpmg-career.talent-soft.com","1","/job/job-technology-advisor-september-2020-_38.aspx"
"talentculture.com","1","/tag/job-management-software/"
"ntt-disruption6.talentlyft.com","1","/jobs/senior-data-scientist-computer-vision-jRg"
"talentmontreal.com","95","/en/jobs/job/consumable-goods/java-developer/199"
"jobs.cmc.com","3","/job/Irving-IT-Communications-Analyst-TX-75039/692129700/"
"www.collocosearch.com","2","/job/front-end-developer-2/"
"www.ststechnicaljobs.com","9","/job/hiring-aircraft-data-entry-operators-orlando-florida/"
"www.lighthouseprofessionalservices.com","10","/job/asset-strategy-modeling-analyst-243/"
"vestd.com","2","/jobs/backend-developer/"
"www.vetdb.com","1","/careers/software-developer/"
"www.veteranjobmatch.com","1","/Jobs/technology-jobs-in-new-york"
"thelawrecruiters.com","4","/jobs/data-privacy-and-trade-secrets-litigation-partner-am-law-200-law-firm/"
"www.uaejobadvisor.com","2","/job-details/data-entry-operator-job-4445"
"www.wintermannsearch.com","2","/jobs/commercial-credit-analyst-rre/"
"wisesight.com","1","/jobs/full-stack-developer-internship/"
"arm-market.com","1","/jobs-vacancy-needed-front-end-web-developer/"
"www.foremostseniors.com","1","/blog/careers-in-science-and-technology-62db0a"
"www.davidkennethgroup.com","1","/careers/find-your-job/senior-network-architect"
"www.thepridecircle.com","9","/jobs/data-analyst/"
"www.filevine.com","9","/company/jobs/collections-analyst/"
"sahararecruiters.com","30","/job/25b-information-technology-specialist-army-national-guard-jonesboro-ar/"
"www.shoutmecrunch.com","1","/career-opportunities-c-developer/"
"420careers.com","4","/job-category/software-engineer/"
"hugonet.com","28","/job/100-remote-r-shiny-developer-part-time"
"mapolce.com","1","/career/network-engineer/"
"www.venditan.com","1","/careers/php-web-developer-back-end/"
"monheimgroup.com","1","/jobopenings/programmer/"
"careers.nlbservices.com","1","/job-listings-Urgent-Hiring-Analyst-sr-Analyst-T-L-trade-Reco-fund-Accounting-NLB-SERVICES-PRIVATE-LIMITED-Gurgaon-2-to-7-years-020919002471"
"cyntexa.com","1","/careers/salesforce-developer/"
"www.aeroboticsglobal.com","1","/we/career-in-robotics-technology/"
"www.bellafsm.com","1","/job-scheduling-software/"
"www.brightcomputing.com","1","/jobs/software-developer"
"www.cervusdefence.com","1","/careers/principal-analyst-lethality"
"www.mygisjobs.com","10","/Job-Listing-Geographic-Information-System-Analyst/160587381130"
"techylawyer.com","2","/blog/job-post-experienced-php-developer-at-parkway-projects-limited/"
"www.glasbergen.com","1","/business-computer-cartoons/job-hunting-recruiting-human-resources/"
"sihot.com","9","/en/job-category/software-development/"
"careers.choctawnation.com","10","/barista-jackpot-java/jobs-in/"
"illumina-interactive.com","2","/about/careers/articulate-storyline-and-adobe-captivate-developer-full-time/"
"jobs.bmoharris.com","18","/us/en/job/R200004767/Network-Deploy-Project-Manager"
"excelbizsolutions.com","3","/jobs/business-analyst/"
"enovational.com","4","/careers/business-analyst"
"enreach.com","1","/en/company/careers/ios-developer"
"www.goingconcern.com","1","/job/tax-analyst-lead-tax-accounting-ramsey-county-mn/"
"www.emanprague.com","1","/en/career/android-developer/"
"www.bimcommunity.com","1","/jobs/load/250/junior-web-developer"
"www.documaster.com","1","/en/careers/senior-java-developer"
"www.britannica.com","9","/technology/job-scheduling"
"www.britsale.com","2","/jobs/other-jobs/unemployed-we-are-offering-part-time-jobs-data-entry-jobs-work-from-home-jobs_i1330"
"www.vooroogoo.com","2","/job-category/programmers-computer/"
"classified.feedyourherd.com","1","/category/jobs/programmers-computer/"
"yanpix.com","3","/job/net-developer/"
"www.belchim.com","1","/careers/junior-cost-analyst/"
"bettercareermoves.com","1","/career-development/resources/develop-work-technology-skills/"
"rhodesbakenserv.com","1","/about-us/careers/wi-computer-systems-technician/"
"silveredgeconsulting.com","1","/jobs/systems-analyst-senior-programmer-analyst/"
"driivz.com","1","/careers/co/engineering/95.518/back-end-developer/all/"
"www.thingswecare.com","1","/jobs/wordpress-developer/"
"getthat.com","3","/jobs/abu-dhabi/information-technology-it-assistant-gtc-3759250458"
"business.portagecountybiz.com","6","/jobs/info/information-technology-erp-developer-5369"
"www.riseconsortium.com","1","/careers_archive/business-analyst-intern/"
"www.savannarecruitment.com","1","/job/contract-software-test-engineer/"
"developer.vmware.com","23","/docs/vsphere-automation/latest/appliance/data-structures/Recovery/Backup/Job/BackupRestoreProcessState/"
"jobs.vnews.com","1","/Jobs/technology-jobs-in-west-lebanon-nh"
"www.harbrdata.com","1","/careers/backend-engineer/"
"www.askjobindia.com","5","/jobs-in-computers-it-fid.htm"
"www.gdit.com","608","/careers/featured-career-paths/dataanalytics/"
"indonesianfriendsdate.com","1","/dating-single/all/Indonesia/Central%20Java/Jobodan"
"inex-usa.com","2","/about-us/job-opportunities/database-support-specialist/"
"pearlfishergroup.com","4","/job/angularjs-developer/"
"www.realstreet.com","1","/2010/10/05/career-network-dos-and-donts/"
"www.theatlantic.com","2","/technology/archive/2009/07/career-choices-in-medicine-will-dermatology-still-be-king/21534/"
"ateaglobal.com","7","/job-ad-devops-engineer/"
"team-sava.com","7","/home/careers/co/belgrade/08.A10/senior-unity-developer/all/"
"bamerecruitment.teamtailor.com","2","/jobs/987016-data-and-portfolio-manager-big-society-capital"
"www.gaiiff.com","3","/job/data-architect-data-scientist/"
"www.usaajobs.com","9","/job/san-antonio/business-intelligence-analyst-ii-open-to-remote/1207/18017703"
"www.prometheusresearch.com","6","/careers/career-opportunities-analyst/"
"www.isg.com","5","/jobs/ad/DevOps_Engineer-77409"
"www.larbeyevans.com","1","/job_post/business-acceptance-analyst-at-liverpool-law-firm-to-25000/"
"www.buddyboss.com","1","/job/senior-php-developer/"
"dealspotr.com","2","/stores/software/career-learning"
"sennheiser.referrals.selectminds.com","1","/jobs/senior-digital-analyst-web-social-media-312"
"online-job-work.com","5","/job-category/it-networking/"
"www.twice.com","1","/news/jobo-adds-software-image-viewer-33810"
"www.testorigen.com","1","/career-in-software-testing/"
"msu.biocareers.com","14","/category/job-search/networking/"
"www.bharatmanpower.com","25","/job-category/it-software-application-programming-maintenance/"
"careers.mutualofomaha.com","8","/en-us/job/497609/senior-etl-developer-remote-or-omaha-ne"
"makingohio.com","1","/careers/jobs/computer-controlled-machine-tool-operators-metal-and-plastic/"
"jobs.mojonews.com","1","/Jobs/technology-jobs-in-lisbon-oh"
"careers.mitchellmartin.com","178","/job/MITCA000J128646/Data-Ab-Initio-Engineer"
"www.targetsviews.com","2","/computers/jobs"
"provisiondata.com","1","/contact-us/careers/20180329-datacenter-and-networking-support-specialist/embed/"
"careers.cushmanwakefield.com","40","/cwservices/global/en/job/R101303/Maintenance-Planning-Inventory-Analyst"
"www.nortridge.com","2","/careers/business-analyst/"
"www.fryandbrown.com","2","/job/commercial-technology-outsourcing-and-data-lawyers-sought/"
"www.mccareathomecyprus.com","1","/47-pages/careers/careers-additional-info/116-software-engineers-swe.html"
"dataanalyticsedge.com","1","/tag/career-in-analytics-data-science-and-machine-learning/"
"in.topresume.com","1","/career-advice/importance-of-networking-for-career-success"
"www.steamshipauthority.com","1","/jobs/102-computer_technician"
"www.chiefmaker.com","1","/career-opportunities-getting-out-of-your-comfort-zone-and-the-future-of-technology-in-business/"
"curalie.com","1","/en/jobs/software-engineer-frontend-react-react-native-f-m-x-mid-level-senior/"
"www.theclassicarchives.com","1","/magazines-and-books/job-training/how-to-start-computer-reseller-home-business-online-sell-laptops-pdf-dvd"
"www.indeftts.com","2","/job/network-engineer-2/"
"appdevelopermagazine.com","1","/job-skills-developers-need-to-stay-competitive-in-2019/"
"www.csgjobs.com","2","/job-listings/programmer/"
"thesinglemomsuniversitee.com","1","/job-application-network-2-0-for-single-mompreneurs/"
"thesoftwarepost.com","1","/job-boss-software/"
"www.lunajets.com","2","/en/careers/data-analyst-consultant"
"uk.niceincontact.com","1","/call-center-software-company/careers"
"www.tidalsoftware.com","1","/about/careers/java-developer/"
"www.simplilearn.com","3","/career-data-labs"
"careers.cielotalent.com","3","/us/en/job/10955/Technology-Support-Specialist"
"coderzcolumn.com","1","/tutorials/python/joblib-parallel-processing-in-python"
"www.ri-team.com","2","/jobs/insight-analyst-0"
"www.remoteage.com","1","/jobs/sr-software-engineer-2/"
"www.remotejobopenings.com","3","/job-category/data-entry-and-data-science/"
"www.yourbenchmarkcoach.com","2","/career-management/holiday-networking-tip-for-new-lawyers-law-students/"
"www.cyberstarts.com","2","/career/DevOps-Engineer/600c642a-f05a-45ce-878b-7c5413b3eb04"
"foliovision.com","1","/jobs/software-marketing-manager"
"www.renewableenergyjobs.com","1","/job/graduate-transaction-advice-analyst-available-2020/10892300"
"jobsfornationals.com","1","/job/data-entry-operator-uae-nationals-only-2/"
"www.jobspotential.com","1","/job/software-engineer/"
"careers-ionmedia.icims.com","1","/jobs/1302/it-support-analyst/job"
"ledgernote.com","1","/columns/careers-marketing/music-industry-artist-networking-branding-basics/"
"amadaninc.catsone.com","4","/careers/46411-General/jobs/12161840-Senior-Software-Engineer"
"geniusroad.catsone.com","20","/careers/41437-General/jobs/13819866-Channel-Marketing-Manager-IT-Software-592"
"inseego.catsone.com","4","/careers/61616-San-Diego/jobs/13597316-Lead-DevOps-Engineer/"
"www.sipwise.com","1","/jobs/software-engineer-fm/"
"jobs.sirinsoftware.com","3","/jobs/embedded-software-engineers-rtos/"
"www.real-time-systems.com","1","/careers/senior-software-engineer-mfd.html"
"www.bolgerinc.com","2","/careers/data-processor/"
"fetlife.com","1","/jobs/ruby-on-rails-developer"
"urbansurvival.com","4","/job-cut-data-plus-when-does-a-crash-begin/"
"www.urimagination.com","3","/careers/network-project-manager/"
"www.drobo.com","1","/careers/senior-software-engineer/"
"www.hansonlee.com","2","/jobs/business-analyst/"
"www.wjitimesobserver.com","6","/jobs/view.php/75282721/Computer-Programming"
"jbhm.com","1","/project/career-technology-education-lowndes-county/"
"www.saleshandy.com","1","/careers/job-description/software-engineer-fullstack/"
"studemia.com","2","/career-focus/Cloud-DevOps-Engineer"
"www.veteranjobcenter.com","20","/jobs/0255258c-c4e5-4f3e-9de0-1a8486d01d0d-analyst-clinical-programs-denver"
"rykads.com","1","/job-of-data-entering/1195"
"www.abercornsinclair.com","1","/job/senior-software-engineer-16"
"www.approhire.com","3","/job-category/website-software-dev"
"toozu.com","1","/jobs/join-our-network/"
"in.rulla.com","4","/mumbai/jobs/business_analyst/"
"sohumsystems.com","6","/jobs/business-analyst/"
"www.interviewsuccessformula.com","2","/job-search-advice/effective-ways-to-build-your-career-network-online.php"
"careers.fasolutions.com","1","/jobs/169628-software-developer"
"virtualjobs.usnlx.com","8","/cypress-ca/sr-financial-analyst-telecommute/CE6439A66E0C44A38B8E52FA1EDEAEE5/job/"
"www.m2mobi.com","6","/jobs/android-developer"
"www.deccanherald.com","1","/opinion/second-edit/jobs-govt-data-confirms-modi-s-failure-720164.html"
"20four7va.com","3","/job/data-entry-va-cpt-1243/"
"www.eltasjobs.com","22","/job-category/information-technology/"
"www.ndtv.com","2","/india-news/jobs-data-live-updates-stalled-report-shows-unemployment-data-highest-in-45-years-1985984"
"poetfarmer.com","2","/job/back-end-developer/"
"www.horizontaldigital.com","1","/careers/digital-business-analyst"
"www.digitalhyve.com","1","/about-us/careers/web-developer/"
"www.ntassuredsolutions.com","2","/job/senior-network-engineer-199.aspx"
"www.careeradviceguy.com","3","/job-search/social-media/network-new-job-on-linkedin/"
"www.cpolemployment.com","1","/jobs/civilian/technology-jobs-for-civilian-personnel-at-home-and-overseas/"
"www.gamercraft.com","2","/jobs/senior-software-engineer"
"www.pkteam.com","3","/job/entry-level-php-developer-posts/"
"careers.kaercher.com","3","/job/Aurora-Quality-Data-Analyst-Aurora%2C-Colorado-CO-80019/632051701/"
"educationandtrainingjobs.com","3","/job/application-developer-e-learning/"
"www.mygwork.com","103","/en/jobs/clifford-chance-senior-software-engineer-msbi-developer/detail/404465"
"techsphare.com","1","/jobs-disappear-artificial-intelligence-technology/"
"www.techwynk.com","2","/careers_archive/marketing-technology-analyst-web-analyst/"
"farfarjob.com","38","/job-category/back-end-developer/"
"poppajo.com","1","/jobs-you-can-do-from-home-with-your-computer"
"www.summitcl.com","1","/careers/programmer/"
"www.business.com","1","/directory/human_resources/career_management_and_planning/career_networking_and_mentoring/"
"jobs.tjx.com","5","/job/Marlborough-Software-Engineer-%28January-2021%29-MA-01752/690884600/"
"www.tlcmassageschool.com","2","/career-services/massage-therapy-job-fair-and-networking-event/"
"wbcbsports.com","1","/about/careers-at-the-wbcb-sports-network/"
"engenha.com","8","/au/jobs-quality-analyst"
"www.caspianone-broadcast.com","2","/careers/28060/index3/Network-Engineer-United-Kingdom-4568"
"www.ahkerjobs.com","49","/job-category/android-developer/"
"jobs.sabre.com","27","/job/Bangalore-Associate-Software-Engineering-Karn-560066/688442500/"
"www.namogoo.com","1","/careers/israel/herzliya-israel/devops-team-leader/"
"www.hellolongbeach.com","1","/jobs/computer-internet"
"www.hellonewburyport.com","1","/jobs/computer-internet"
"www.helloreading.com","1","/jobs/computer-internet"
"about.flipboard.com","2","/job/software-engineer-core-applications/"
"www.searchlaboratory.com","1","/jobs/junior-net-developer/"
"secondssale.com","2","/en/category/job-search/computers-internet-telecommunications"
"www.atmosic.com","1","/careers/manager-of-technology/"
"jobs.discover.com","6","/job/11552424/lead-software-engineer-servicenow-riverwoods-il/"
"www.dotsource.com","4","/career/frontend-developer/"
"www.eslboards.com","1","/job/computer-teacher-206"
"alphaclinicalsystems.com","6","/jobs/business-analysts/"
"multicultural.com","1","/job-postings/strategic-planner-analyst"
"caterpillarcareers.ttcportals.com","280","/jobs/4375988-senior-software-engineer"
"www.harborgroupconsulting.com","1","/careers/current-opportunities/cre-insurance-analyst-lender-based-insurance-risk-review/"
"www.sbpdigital.com","4","/careers/java-developer"
"www.scalans.com","2","/job-opening/business-analyst"
"www.navustech.com","2","/jobs/business-developer-sales-executive/"
"careers.swissre.com","20","/job/Armonk-Graduate-Data-Scientist-NY-10504/607354701/"
"jobs.clubglobals.com","2","/jobs/Careers/305259000003052793/Senior-Front-End-Developer"
"www.watrust.com","1","/careers/credit-analyst/"
"learnbeyond.com","7","/careers/business-analyst/"
"www.vakt.com","1","/jobs/senior-software-engineer"
"www.redfoundry.com","1","/jobs-react-native-developer/"
"gmh.referrals.selectminds.com","1","/jobs/sr-decision-support-analyst-11260"
"www.janbasktraining.com","4","/blog/career-as-msbi-developer/"
"docs.oracle.com","20","/en/java/javase/11/docs/api/java.desktop/java/awt/class-use/JobAttributes.html"
"mft-energy.com","1","/job/software-developer/"
"c-jamesjobs.com","1","/jobs/real-estate-debt-fund-analyst-london/3624-1/"
"bitesizebio.com","2","/bioscience-mastery/career-development-networking/"
"www.mojotech.com","3","/jobs/boulder/react-developer/"
"www.financialfortunemedia.com","1","/joburg-real-estate-developers-eye-apia-showcase-inventive-flair/"
"www.510area.com","1","/jobs/oakland/information-technology-jobs/"
"www.pride-healthcare.com","3","/job/administrative-support/data-entry-clerk-284747/"
"www.metroconnections.com","1","/careers-freelance/virtual-event-web-designer/"
"www.metrological.com","4","/careers/c++software-engineer-and-integration-engineer.html"
"www.zestmedical.com","1","/jobs/junior-market-access-analyst/london/3226"
"mashable.com","4","/2010/07/09/job-seekers-social-networks/"
"careers.iwla.com","1","/jobs/category/information-technology"
"www.pakistanjobscity.com","1","/jobs/computer-it/"
"prateeksha.com","1","/webdesign/job-site/"
"axbit.com","1","/jobb/Scientific_Software_Engineer"
"ghanajobs.luisguide.com","2","/advert/job-vacancy-for-data-platform-lead/"
"www.treessolutions.com","3","/career-big-data-consultant"
"careersngr.com","12","/job/backend-developer-at-a-financial-technology-company-karisfined-edge-solutions/"
"www.angelandgenie.com","75","/jobs/analyst-credit-risk-mumbai-13-14l-budget-4-5yrs-exp/"
"www.crconc.com","2","/basic/jobs/Sr.ClinicalDataManagerJobDescription"
"blacklabelagency.com","1","/social-media-marketing-technology-our-10-favorite-tools/careers__manageflitter_360/"
"qohash.com","3","/careers/devops/"
"www.grepsr.com","1","/solutions/jobs-human-capital-data/"
"abudhabi.dubizzle.com","1","/jobs/information-technology/"
"yoursclassified.com","1","/jobs/technology/website-design-sacramento_i18"
"www.corexrm.com","3","/about-us/careers/health-plan-data-analyst/"
"careerfinland.cybercom.com","7","/jobs/149893-software-developer"
"www.accessplc.com","4","/job/devops-engineer/"
"jobsinmalta.com","95","/ai-conversation-design-specialist/job/40936/information-technology"
"www.jobsmalawian.com","6","/job/data-officer-1-post-balaka-namanolo/"
"www.jobstop.com","3","/job-category/data-acquisition/"
"planetgreen.catsone.com","31","/careers/5051-General/jobs/12953998-dollardollardollar-Software-Sales-Positions-dollardollardollar"
"www.jobisjob.com","189","/.net+developer/job-description"
"lu.jobmonitor.com","1","/search/e1/job+head-of-knowledge-and-technology-transfer-office-mf+profession+policy-and-planning-managers-24+sort+postedDate.desc"
"jobrecords.com","19","/job/3d-programmer-dna-viewer/"
"careers.jobscore.com","1658","/careers/1904labs/jobs/cYDOAY-Ser6yzHaKiznY58/social_network_shares"
"freelanceforthem.com","69","/job/17401/senior-angular-developer-anywhere-at-x-team"
"patterncomputer.com","1","/careers/jdr-software-engineering-manager/"
"www.yoproknow.com","1","/post/career-help-on-how-to-network-and-brand-yourself"
"www.querysurge.com","1","/company/careers/java-web-developer"
"www.impacthiringsolutions.com","3","/careerblog/2010/04/08/mediocre-networking-equals-failed-job-search/"
"www.ccprecruitment.com","1","/careers/28094/Mi-Analyst-Permanent-Cumbria-888786"
"www.dshrgroup.com","5","/job-openings-for-data-entry-operator-moragudi-kadapa-chariali-kamrup-chandigarh-916828.htm"
"www.hannessnellman.com","1","/news-views/career-news/get-to-know-us-sarita-schroeder-managing-associate-ip-technology/"
"www.saltchuk.com","3","/job/247-finance-analyst"
"blog.specialcounsel.com","1","/career-advancement/how-to-become-a-contract-specialist-in-three-simple-steps/attachment/woman-using-a-computer/"
"www.sonixhr.com","2","/jobs/clinical-sas-programmer/"
"www.lightcastlebd.com","1","/jobs/android-developer"
"www.kiddiekredit.com","1","/job/junior-developer"
"www.nexgi.com","1","/careers/developers/"
"www.quirks.com","6","/jobs/associate-salesforce-developer-incrowd"
"www.trauma-news.com","1","/job/information-systems-coordinator-trauma-registry-senior-analyst/"
"www.witnovus.com","4","/career/android-developer/"
"www.infobeans.com","18","/careers/job/cyclone-developer"
"exoinc.com","1","/careers/systems-analyst"
"intetics.com","1","/career-blog/easy-start-in-it-what-is-rpa-and-how-to-master-the-technology-from-scratch"
"laborpowerltd.com","1","/jobs/database-administrator/"
"careers.magairports.com","1","/job/Blackpool-Senior-Developer-Manchester/631969701/"
"www.vegas.com","2","/about/jobs/jobdescription_informationsecurityanalyst.html"
"nanaimo.universelisting.com","3","/Search/job-software-qa-dba/"
"cuwebd.ning.com","1","/forum/topics/job-opening-web-developer-at-the-university-of-texas-at-austin"
"apusthemes.com","1","/wp-demo/careerup-import/job/front-end-web-developer/"
"www.aquissearch.com","26","/job/c-number-slash-c-plus-plus-front-office-application-developer/"
"www.humanus.com","1","/job/board-certified-behavior-analyst-bcba-willingboro/"
"wallyday.com","1","/web-design/1969/career-mistakes/"
"www.n2y.com","1","/news/job-growth-drives-expansion-at-online-special-education-developer-n2ys-headquarters/"
"hazedawntechnology.com","1","/sliced_invoice/jobsdb-hiring-for-programmer/"
"hbcuconnect.com","30","/jobs/19250876/data-engineer-python-aws"
"goddardjobs.com","8","/job-category/information-technology-it-jobs/"
"www.wearewibble.com","1","/careers/web-developer-wordpress-php-belfast/"
"www.bukwild.com","1","/careers/sr-front-end-developer"
"www.wellstobias.com","6","/job/finance-analyst-qualified-or-finalist/"
"techrseries.com","1","/hrtechnology/careerbuilder-promotes-from-within-product-technology-leaders-to-drive-innovation-and-data-advancement/"
"techtinium.com","1","/careers/assignment-angular-web-developer"
"www.merriam-webster.com","1","/dictionary/job%20analyst"
"www.glammly.com","1","/jobs/webflow-developer"
"www.airelogic.com","2","/job-listing/net-developer"
"www.burst-digital.com","2","/careers/drupal-developer"
"www.openbuysell.com","4","/en/gr/category/job-search/computers-internet-telecommunications"
"ftp.catalyst.com","1","/2019/09/30/jobvite-debuts-first-integrated-talent-acquisition-suite-for-marketing-first-recruiting-organizations-at-hr-technology-conference-expo/"
"careers.calportland.com","1","/job/Tucson-Quality-Control-Analyst-AZ-85742/678328500/Copyright%20%C2%A9%202020.%20CalPortland.%20All%20Rights%20Reserved"
"www.hellobuenapark.com","1","/jobs/computer-internet"
"www.hellomiddletown.com","1","/jobs/computer-internet"
"www.hellomonterrey.com","1","/jobs/computer-internet"
"apply.help-hire.com","1","/job/capa6x/data-center-technician-medical-setting-25-per-hour/ladson/sc"
"www.vault.com","7","/blogs/innovate-with-influence-global-high-tech/careers-in-software"
"uk.bebuu.com","1","/jobs/ad/22871/data-entry-staff-part-time-between-york-and-wether"
"keenahealth.com","1","/careers/software-developers/"
"searchjobskuwait.com","4","/job/angular-developer/"
"www.atto.com","1","/corporate/careers/apply/132/Software-Engineer"
"hadracha.com","2","/job/graphic-web-designer/"
"www.haightbey.com","1","/job/cybersecurity-analyst-position/"
"www.getyoursvacancy.com","2","/job/dubai-airport-jobs-2019-senior-analyst-terminals/"
"www.gradsouthwest.com","4","/careers-advice/news/are-you-searching-for-data-science-unicorns/91/"
"www.scmp.com","1","/article/425237/jobless-rate-edges-higher-analysts-see-hope"
"careers.satellitehealth.com","5","/global/en/job/SAHEGLOBAL1176/Senior-Software-Engineer-San-Jose-CA"
"www.vivifyideas.com","1","/careers/medior-web-developer"
"envisiontechnology.com","1","/careers/senior-web-developer/"
"evergreenadvisorsllc.com","1","/job/site-selection-analyst/"
"kroger.everyjobforme.com","1","/careers/career_type/computer-and-mathematical"
"www.medicalkidunya.com","7","/jobs-by-profession/food-science-and-technology/"
"www.aftercollege.com","24","/career-networks/biola-university/department-of-computer-science/jobs/"
"www.commboxasia.com","1","/careers/senior-android-developer/"
"members.climber.com","5","/career-research-resources/company-ratings/179481/Information-Technology/verizon"
"inductiveautomation.com","1","/about/careers/division/software-engineering"
"jobs.realdolmen.com","5","/jobs/aws-devops-consultant/"
"careers.tecan.com","2","/job/Mainz-Kastel-Senior-%28Web%29-Software-Engineer-Azure/629214601/"
"forpurposejobs.com","15","/job-career-level/analyst-jobs/"
"www.systematixinfotech.com","4","/jobs/angular-developer/"
"galileo-camps.com","1","/jobs/camp-jobs/summer-staff/technology-instructor/"
"www.mrajobseekers.com","7","/2015/05/job-description-software-engineer-qa.html"
"www.skcript.com","1","/careers/ruby-on-rails-developer/"
"gulfy.com","1","/job/593874/web-designer/"
"orchardrock.com","1","/job-vacancies/junior-developer/"
"www.initi8recruitment.com","1","/jobs/1673/senior-mulesoft-developer"
"careers.bdselect.com","1","/careers/32511-General/jobs/12080882-Senior-Business-Planning-and-Performance-Analyst"
"www.moldmakingtechnology.com","1","/products/job-tracking-software-streamlines-shop-floor-processes"
"www.xencio.com","2","/en/jobs/front-end-developer/"
"www.obpcareers.com","4","/careers/business-systems-analyst/236/"
"alumni.umassband.com","1","/career-network/"
"jobs.insurerecruitment.com","8","/job/application-security-developer-3486.aspx"
"www.zebedeecreations.com","1","/web-design-agency-london/careers/"
"mcinnisinc.com","1","/job-search/918-clinical-data-manager"
"thenetcircle.com","1","/jobs/frontend-developer/"
"www.assignmentpoint.com","1","/other/job-application-and-cover-letter-format-for-web-developer.html"
"jobs.assurant.com","13","/job/amsterdam/data-protection-officer-europe/114/2625953664"
"workatstichd.com","1","/jobs/product-developer-legwear-levis"
"indianmemoir.com","2","/jobs-in-malta-updates-front-end-developer-malta-jobs-it-company-jobs-malta/"
"www.revboss.com","2","/careers/full-stack-software-engineer"
"careers.revgroup.com","1","/job/NESQUEHONING-KME-Administrator-Data-PA-18240/670755800/"
"www.youthwinconnect.com","2","/2020/09/28/job-title-chief-technology-innovation-officer/"
"www.riklanresources.com","1","/articles/job-applicants-and-networking-four-ways-youre-doing-it-wrong/"
"careers.homedepot.com","2","/job/11535826/software-engineer-intern-dallas-dallas-tx/"
"www.newarkadvocate.com","1","/story/news/local/2015/06/09/job-seekers-can-learn-computer-skills/28735195/"
"jobs.netapp.com","3","/job/Bangalore%2C-Karnataka-Engr-Business-Analyst-%28Sql%2C-Tableau%29-560071/685306900/"
"tribetomorrow.com","4","/network/category/career/"
"penrosestudios.com","6","/career/data-engineer/"
"cortexa.com","3","/jobs/principal-software-engineer"
"amposts.com","1","/category/jobs/software-qa-dba-jobs"
"www.beacontechinc.com","8","/careers/business-analyst/"
"remaxcondosplus.com","1","/Careers/Leading-Technology"
"www.mycosmosjobs.com","4","/job/JobDetail/lamp-developer"
"lucenthealth.com","2","/job/Claims%20Analyst%20-%20Appleton,%20WI"
"engineering.academickeys.com","30","/job/038thpqf/Faculty_Position_in_Materials_Technology"
"www.acc.com","1","/chapters-networks/chapters/northeast-ohio/job-listings"
"acemonkeymedia.com","1","/careers/senior-front-end-developer/"
"www.jobshark.com","4","/us/en/Listings/Recruiters/Request-Technology---Craig-Johnson/Jobs/"
"orlando.jobsin-usa.com","1","/jobs/IT%20Technology"
"www.jobsinjakarta.com","1","/jobs/IT%20Technology"
"jobsrecruitments.com","1","/jobs-candidates-mba-degree-correspondence-hr-finance-field-how-apply-software-jobs-17460.html"
"www.phonearena.com","2","/news/Job-seekers-turning-to-mobile-technology-to-get-an-edge_id24121"
"www.dynamiterecruitment.com","6","/jobs/bi-developer-1"
"antalfmcg.catsone.com","7","/careers/7875-Antal-International-Nrnberg/jobs/13798170-Senior-or-Principal-Software-QA--Test-Automation-Engineer-mfd/"
"thehiretalent.catsone.com","2","/careers/36181-General/jobs/11024284-Technology-Designer/"
"seattle.jobing.com","1","/jobs/network+administrator"
"eugeneweekly.com","1","/2017/09/28/job-programs-for-programmers/"
"www.eurocladgroup.com","1","/careers/technical-services-lead-data-centre/"
"www.bsipeople.com","15","/jobs/business-development-manager-managed-network-services"
"careers.kognity.com","1","/jobs/797266-front-end-developer"
"itsparktechnology.com","1","/careerApply/software%20Developer/"
"themegang.com","1","/2019/08/17/jobaria-v1-0-3-technology-theme-for-woocommerce-wordpress/"
