"africanbusinessmagazine.com","1","/classifieds/jobs/afreximbank-manager-information-technology-core-banking-support/"
"careers.aqr.com","1","/jobs/global-trading/greenwich-ct/business-analyst-trading-and-financing/2092297"
"azbargainhouse.com","2","/category/job-search/computers-internet-telecommunications"
"www.fcrcollectionservices.com","1","/careers_archive/web-developer/"
"www.solutions4delivery.com","3","/jobs/medior-developer"
"www.sarvika.com","1","/careers/senior-database-administrator/"
"www.safe.com","3","/careers/desktop-gui-software-developer-c/"
"www.quanta-cs.com","14","/job/bi-and-data-management-specialist-in-valencia-jid-829"
"quantnet.com","1","/threads/career-advice-needed-from-finance-developer-to-quant.39140/"
"www.softhover.com","18","/careers/android-developer"
"www.kennedypearce.com","104","/job/actuarial-analyst-3/"
"cameroon.cvpeopleafrica.com","1","/jobs/browse/information-technology-telecommunications"
"careers.cyberark.com","8","/job/Backend-Engineer-for-Innovation-Labs/547750501/"
"schillingpublishing.com","3","/careers/c-software-developer-scrum-master/"
"progwml6.com","1","/jenkins/job/JustEnoughItems-MC1.12/265/metadata/"
"www.gamingtec.com","2","/jobs/back-end-developer/"
"cdn-dev.practicematch.com","1","/physicians/jobs/administration/information-technology/"
"inchora.com","1","/job_tag/network/"
"karenmcgrane.com","1","/career-day-special-with-a-future-web-designer/"
"www.arhs-group.com","14","/jobs/application-developerarchitect-european-institution/"
"www.weareadam.com","6","/job/data-analyst-slash-scientist"
"careers.ta3s.com","1","/job-listings-Hiring-For-Software-test-engineer-3yrs-To-8yrs-Bangalore-Ta3s-Solutions-Pvt-Ltd-Bengaluru-Bangalore-3-to-8-years-050919003794"
"www.reignn.com","1","/careers/full-stack-developer/"
"xmartlabs.com","1","/jobs/devops-engineer"
"career.telavox.com","1","/jobs/231051-growth-data-analyst"
"brookesnews.com","1","/career/a-good-display-elevates-an-organizations-network/"
"careers-etrade.icims.com","2","/jobs/14033/senior-software-engineer-%28nodejs%29/job"
"external-canoncareers.icims.com","2","/jobs/21434/technology-operations-representative/job"
"useme.com","11","/en/jobs/best-route-finding-path-finding-software,39214/"
"secureinn.catsone.com","2","/careers/57131-General/jobs/11409206-Cybersecurity-Engineer"
"tekcomresources.catsone.com","12","/careers/25231-General/jobs/10420867-Logistics-Analyst-Tempe-AZ-area"
"www.grayassociates.com","2","/graydataespresso/tag/job-posting"
"mekomsolutions.com","1","/job-openings/micro-frontends-tech-lead/"
"www.ramarketingpr.com","1","/jobs/developer/"
"www.space-exec.com","66","/job/advisory-project-manager-slash-business-analyst-consulting-slash-financial-services/"
"www.solactive.com","10","/jobs/etf-services-analyst-m-f-d/"
"topcaliforniacareers.com","37","/jobs/advanced-technology-executive-los-angeles/25308-1/"
"boilerservicesandinspection.com","1","/careers/third-party-data-analyst/"
"tsiautosolutions.com","2","/careers/view/database-software-developer/"
"hireyy.com","1","/job/power-technology-hiring-candidates-for-software-engineer/"
"jobs.canfor.com","4","/job/Prince-George-Analyst%2C-Purchasing-BC/572129300/"
"www.africatopforum.com","2","/jobs/internet/data-entry-work-part-time-job-franchise-offer-in-surat-kmention_i30296"
"www.healthsplash.com","2","/careers/backend-software-engineer/"
"www.searchelect.com","26","/jobs/ai-developer"
"ioniq.com","2","/careers/director-of-sales-sparkdata/d74bffb1-628a-432b-a1ef-4771f30c969c/"
"careers.tobii.com","5","/jobs/216918-software-manager-tobii-tech"
"getinfopoint.com","3","/product/jobs-in-ministry-of-science-technology-gop/"
"www.epicmanagementlp.com","1","/Jobs/SQL_Developer_-_Decision_Support_Services_-_Postion__2020-181.aspx"
"enablon.com","1","/applications/job-safety-job-hazard-analysis-software/"
"www.pukket.com","1","/blog/career/web-developer/"
"jobs.housing-technology.com","1","/job/570/senior-salesforce-developer/"
"www.kinsellalegal.com","4","/job-industry/technology/"
"huskyjam.com","2","/career/business-analyst/"
"safetec.hsi.com","2","/careers/apply-now-systems-analyst/"
"jobs.rimkus.com","1","/jobs/categories/Information+Technology"
"www.nrgene.com","3","/careers/algorithms-and-data-science/"
"www.occamsolutions.com","1","/job-posts/automation-triage-analyst"
"www.pickit3d.com","2","/jobs/computer-vision-engineer"
"werindia.com","1","/career/junior-web-developer.php"
"www.ishir.com","2","/job_category/technology/"
"www.1stsolutionusa.com","1","/medical-it-news/career-spotlight-healthcare-data-scientists/"
"www.tramelwoodard.com","3","/en/career/backend"
"www.commencis.com","6","/careers/backend-developer/"
"www.colossusassociates.com","170","/job/1005032323710/junior-software-developer-net-c-number-sql-solihull/"
"www.preciouscprice.com","1","/product-page/career-developer-packager"
"www.precisetarget.com","1","/careers-data-engineer/"
"precisioncreative.com","1","/jobs/wordpress-developer/"
"coverager.com","1","/job/scouting-analyst/"
"www.cross-ni.com","1","/about/careers/70-java-developer"
"www.mimacom.com","3","/en/jobs/frontend-software-vue/"
"www.avantio.com","2","/jobs/javascript-full-stack-developer/"
"ascentsg.com","1","/job/20-04150/data+analyst/"
"www.bolmamabol.com","1","/jobs/www-ssconline-nic-in-staff-selection-commission-recruitment-for-data-entry-operator-central-government-job/"
"jobs.desertfinancial.com","1","/web-applications-developer-iii/job/13004767"
"justcoded.com","2","/career/front-end-developer/"
"abinstruments.com","1","/careers/jobs/data-entery-operator/"
"www.pwc.com","3","/ca/en/careers/campus-recruiting/campus-opportunities/opportunities/cybersecurity-and-privacy.html"
"embed.faithlife.com","6","/jobs/DesktopSoftwareDeveloper"
"careers.autozone.com","10","/alldata/jobs"
"www.leasemls.com","2","/cgi-bin/jobs/classifieds-db-colorado-website--language--session_key--view_database_button-on.htm"
"continuitycentral.com","1","/index.php/jobs/5276-business-continuity-analyst-79"
"www.execboardinasia.com","2","/job/associate-director-network-architecture/"
"www.execu-search.com","1","/job-seekers/practice-areas/information-technology"
"news.efinancialcareers.com","1","/ch-en/careers-in-finance/220678/data-providers-and-ratings-agencies-job-description"
"www.ecampustours.com","2","/careerexploration/jobsearchandinterviews/howtousesocialnetworkingtogetajob"
"www.kbytes.com","1","/careers/senior-networkarchitect-engineer/"
"latinosdelmundo.com","1","/jobs/category/technology"
"www.remotepython.com","3","/jobs/skills/backenddev/"
"recosenselabs.com","1","/jobs/frontend-developer/"
"discuss.codecademy.com","1","/t/career-change-for-graduated-linguist-towards-data-science/488234"
"insready.com","1","/en/job/software-engineer-android"
"www.threatstack.com","1","/careers/software-engineer-agent"
"www.unboundmedicine.com","1","/careers/techsupportqaanalyst"
"www.academyadmissions.com","1","/career/operations-research-analyst/"
"www.hawle.com","3","/en/careers/apprenticeships/metal-technology-main-module-machining-technology/"
"www.gulfjobworld.com","2","/job-details/devops-engineer-for-bahrain-in-bahrain-manama-359.html"
"gulflancer.com","1","/jobs/computer-it/"
"onlinesales-talent.freshteam.com","2","/jobs/QSLwpVFyEahX/data-scientist"
"www.followbright.com","5","/contact-our-colorado-web-design-company/jobs/"
"pixbitsolutions.com","1","/jobs/senior-android-developer/"
"wehavezeal.com","2","/careers/2013/02/07/vacancy-web-developer"
"admin.gencon.com","1","/join/jobpost-web_developer-2019"
"ewallsolutions.com","12","/jobs/apply/android-developer-1-years-of-experience-9"
"www.dckap.com","4","/job/bigcommerce-developer/"
"jobs.mars.com","5","/job/Chicago-Network-Security-Engineer-Senior-Lead-IL-60642/572746201/"
"www.sim-files.com","2","/careers/diversity-and-inclusion/employee-networks.html"
"careers.bankofireland.com","1","/jobs/analytical-engineer-data-solutions-dublin-ireland"
"banktech.com","1","/data-and-analytics/career-is-outstanding-/a/d-id/1290040.html"
"playdemic.com","2","/careers/Data-Scientist"
"pinpointasia.com","5","/job-search/business-intelligence-data-analytics-lead-leading-financial-institution/"
"ic-resources.com","64","/job/Audio-Software-Engineer-1"
"www.zennify.com","1","/careers/sr-salesforce-developer-remote"
"techjobwall.com","1","/job/techcurve-ai-innovations-react-js-developer/"
"www.worksafebc.com","1","/en/resources/about-us/careers/job-profile-business-analyst"
"www.mydailycareernews.com","2","/2011/03/careers-in-nanotechnology.html"
"www.pararecruit.com","8","/jobs/bioinformatics-data-analyst/"
"engrain.com","3","/careers/data-entry-specialist/"
"aspisid.com","1","/job-react-developer/"
"www.payercompass.com","1","/job/data-acquisition-engineer/"
"jobaxle.com","2","/job-category/gen-secretarial-front-office-data-entry"
"jobsband.com","2","/job/network-assistant-manager/"
"www.govtech.com","1","/blogs/lohrmann-on-cybersecurity/Job-Change-Checklist-Seven-Things-to-Consider-Before-Elections.html"
"www.saucerecruitment.com","3","/job/finance-systems-analyst/"
"www.damiagroup.com","5","/jobs/android-developer-engineer-android-sdk-restful-api-java/"
"www.lirz.com","1","/category/job-search/computers-internet-telecommunications"
"empleosamigo.com","4","/jobs/business-system-analyst-princeton-nj-08542-118281894-d"
"www.goekos.com","2","/careers/business-analyst"
"opportunities254.wordpress.com","2","/2016/01/18/job-university-fee-support-digital-divide-data/"
"careers.amadfw.com","49","/jobs/12220372/marketing-finance-analyst"
"99jobster.com","2","/jobs/account/google-drive-unlimited-movie-database-3750-movie-uploaded/"
"9elements.com","2","/career/frontend_designer"
"cloudcar.com","2","/job/cloudcar-santa-clara-ca-40-data-machine-learning-engineer/"
"jobsearchingstrategies.com","1","/2009/06/21/jobster-career-network-facebook-application/"
"www.jobsinzurich.com","1","/jobs/IT%20Technology"
"www.jobsparx.com","8","/Job/102997/Reynolds-Reynolds-Entry-Level-It-Systems-Analyst"
"www.propago.com","1","/careers/backend-developer/"
"icucare.com","2","/jobs/jr-and-sr-software-developer-positions/"
"mabrian.com","1","/jobs/full-stack-developer/"
"medium.com","5","/datadriveninvestor/career-lessons-you-can-take-from-magicians-5d2ac6833fdc"
"www.northropgrumman.com","5","/careers/information-technology-careers/"
"fountain-marketplace.com","4","/jobs/business-analyst/"
"jobs.shellpointmtg.com","4","/escrow-data-analyst-i/job/13005462"
"btemptd.wacoal-america.com","1","/careers-senior-warehouse-software-expert"
"www.orderman.com","1","/en/about-us/jobs/vacancies/jobdetails/article/software-entwickler-mw/"
"www.adremgroup.com","5","/job/data-engineer-london"
"www.flightdataservices.com","1","/flight-data-company/careers"
"www.apptek.com","1","/careers/software-engineer"
"www.oncrashreboot.com","1","/career-advice-software-developers-fitness-coach"
"jobs.fcx.com","4","/job/Morenci-Control-Systems-Analyst-I-AZ-85540/618960200/"
"transportjobs.com","1","/job/fatigue-analyst/"
"datacenterinc.com","3","/team/careers/banking-software-implementation-specialist"
"inside.xpeedstudio.com","4","/job/front-end-developer-2/"
"lipmanfamilyfarms.com","1","/careers/transportation-analystaccouontatn.php"
"www.kuenz.com","1","/careers/task-areas/technology-and-innovation/"
"the-dots.com","6","/jobs/data-analyst-130398"
"www.gynzy.com","1","/en/vacancy/job-opportunity-freelance-javascript-programmer/"
"www.adslinker.com","2","/listings/business-category/jobs/data-entry/"
"adtheorent.com","6","/careers/devops-engineer-aws"
"fatiguetech.com","1","/about-fti/careers-at-fatigue-technology,-a-pcc-company"
"careers.semafone.com","3","/jobs/172864-frontend-developer-integrations-team"
"www.embark-studios.com","18","/jobs/278016-telemetry-software-developer"
"www.wearemaze.com","1","/career/wordpress-developer/"
"careers-commonwealth.icims.com","5","/jobs/3660/business-systems-analyst/job"
"blog.cambridgecoaching.com","1","/blog/bid/321345/Career-Advice-The-Benefits-of-Networking"
"iaminc.catsone.com","4","/careers/29497-General/jobs/12856454-Embedded-Software-Engineer"
"lighthousetech.catsone.com","2","/careers/42057-General/jobs/12258866-Mid-Level-Software-Tester"
"visualsoftinc.catsone.com","1","/careers/23641-General/jobs/8421200-Systems-AnalystFinancial/"
"www.ea-first.com","3","/job/finance-analyst-4"
"www.active8robots.com","1","/about-us/careers/automation-analyst/"
"www.greenhill.com","2","/en/careers/analysts"
"www.solarjobsuk.com","3","/jobs/8856739/junior-engineer-analyst-consultant.asp"
"www.norconsult.com","1","/career/candidate-database/"
"mpro5.com","1","/job-management-software/"
"www.lbmc.com","1","/careers/technology/"
"www.dorsavi.com","2","/uk/en/careers/analyst-workplace-services/"
"www.dotcominventions.com","1","/career/web-designing-course-in-jaipur/"
"careerconext.postings.com","1","/recruiter-2086524/jobs/information-technology/careerconext-is-hiring-ruby-on-rails-developer-wanted-san-diego-ca-92127/83293"
"rubicon.afrservices.com","1","/resources/careers/systems-data-analyst/"
"ardenwebsales.com","1","/jobs-in-software-development/"
"shs.sealyisd.com","27","/classes/career___technology"
"io-tahoe.com","1","/career/senior-data-architect/"
"careers.carsforsale.com","1","/job/software-engineer/"
"www.adventiumlabs.com","1","/job-opening-systems-engineersoftware-engineer-model-based-system-engineering"
"www.scandistaff.com","1","/jobs/senior-front-end-developer/"
"www.hysopt.com","1","/job/software-developer/"
"andreabcreative.com","1","/2014/07/06/jobboost-the-new-networking/"
"jobs.obviousventures.com","1","/companies/solstice-us/jobs/principal-full-stack-developer"
"www.raymondcamden.com","2","/2012/02/03/Job-Opening-for-Sr-ColdFusion-Developer-in-CA-San-Fernando-Valley"
"www.29yuanzhui.com","1","/careers/veteran-support-network/"
"www.wbbakeries.com","1","/job/senior-web-designer-team-lead/"
"careers.kms-technology.com","9","/job/743999697426976-business-analyst-intern-technology-team/"
"sdk.amazonaws.com","52","/java/api/latest/software/amazon/awssdk/services/batch/model/JobDefinition.Builder.html"
"www.identityfusion.com","2","/aboutus/job-postings/java-developer/"
"webrocketinc.com","1","/careers/internet-marketing/jr-web-designer/"
"careers.purolator.com","1","/job/Etobicoke-Data-Entry-Support-Representative-Agent%28e%29-%C3%A0-l&apos;entr%C3%A9e-des-donn%C3%A9es-ON/607546200/"
"www.hilcomerchantresources.com","1","/about/careers/details/venture-analyst-(va)"
"microblink.com","4","/careers/jobs/android-developer-f-m"
"careers.agfa.com","19","/HealthCare/job/Gent%2C-BE-Java-Software-Engineer-Connectivity-Agfa-HealthCare/571781401/"
"www.asaprec.com","24","/Jobs/abap-developer-for-interfacing-conversion-greece"
"www.okappy.com","1","/tag/job-management-software/"
"www.designingdigitally.com","3","/jobs/freelance/e-learning-developers"
"www.sportstradingnetwork.com","1","/job/football-betting-analyst-2/"
"college-pages.com","1","/career-options-in-computer-science/"
"rescue.ceoblognation.com","1","/tag/jobs-and-technology/"
"www.classbidads.com","1","/category/128848/jobs-Technology.html"
"myvoca.com","1","/job-seekers/technology/"
"w1.darkreading.com","20","/careers-and-people/75000-data-protection-officers-needed-by-2018-to-handle-eu-law/d/d-id/1327444"
"www.bevov.com","10","/Bodhi+Global+Solutions/jobs/Sr.-Clinical-SAS-Programmer/11780/17286567"
"contextualgenomics.com","1","/career/machine-learning-artificial-intelligence-contextual-genomics"
"www.exectap.com","1","/job/principal-hardware-software-firmware-security-manager/"
"wpyar.com","36","/en/ki/job-category/accounting-jobs/accounting-analyst-jobs"
"careers.rambus.com","1","/jobs/network-and-datacenter-administrator-san-jose-california-united-states"
"www.coderanch.com","54","/t/10052/careers/java-programming-openings-NYC"
"www.streetdirectory.com","2","/travel_guide/189947/careers_and_job_hunting/the_web_developer_jobs_market_in_the_uk.html"
"www.omnisend.com","2","/careers/senior-backend-developer/"
"coinmarketcap.com","1","/currencies/jobchain/historical-data/"
"jobs.rxrelief.com","1","/job/147665/Data-Entry-Pharmacy-Technician-Work-from-Home"
"careerenlightenment.com","1","/careers-crm-software"
"www.equisoft.com","2","/en/career/functional-developer/"
"equityatthetable.com","1","/directory/profession/career-server/resource/lawyer-who-specializes-in-restaurants+lawyer-who-specializes-in-intellectual-property+cookbook-copyeditor-and-or-indexer+language-translator+web-and-or-ux-designer/"
"www.allschoolscolleges.com","2","/career/bsc-cardiac-technology"
"iraq.tanqeeb.com","1","/s/jobs/dot-net-Developers-jobs"
"careers.narayanagroup.com","4","/job-listings-Data-Scientist-M-s-Nspira-Management-Services-Pvt-Ltd-Hyderabad-Secunderabad-4-to-6-years-131119007848"
"ogd-solutions.com","1","/careers/laravel-vuejs-middle-developer/"
"careers.jumpsearchrecruiting.com","3","/careers/24329-General/jobs/12682801-Sr-Software-Engineer"
"junilearning.com","1","/jobs/software-engineer/"
"www.truata.com","2","/job-listings/contract-software-engineer-6-months/"
"chordstrategy.freshteam.com","2","/jobs/NG5AMDYNny2T/full-stack-data-engineer-remote"
"adamjengel.com","1","/portfolio/instructional-design-and-technology-certificate/ldt200x/career-industry-survey-reflection/"
"www.fonicom.com","1","/careers/network-security-specialist/"
"www.distinctiveweb.com","14","/career-management/expert-advice-for-using-social-networking-websites-to-improve-your-job-search/"
"www.sigmarrecruitment.com","100","/job/41615045/operational-risk-analyst-45k/"
"zm.neuvoo.com","1","/jobs/computer/"
"www.revcycle.com","1","/jobs/call-quality-analyst/"
"findyourgrind.com","10","/careers/business-developer/"
"www.dcjobmatching.com","1","/Jobs/technology-jobs-in-washington-dc"
"pleasantsolutions.com","5","/careers/posting/developer_calgary"
"plumlogix.com","2","/careers/salesforce-admin-and-developer-interns/"
"indiexperts.com","3","/jobs/skill/front-end+developer"
"jobs.thestate.com","2","/company/guilford-technical-community-college-183841/job/analyst-its-security-in-jamestown-nc-qlqkp3s5n17910cqb5e5642vkf62eh/"
"www.quintagroup.com","1","/careers/odoo-developer-vacancy"
"albiononline.com","2","/en/jobs/mobile-game-developer"
"www.vestr.com","3","/career/job-application-back-end-developer-switzerland/"
"tamucvm.veterinarycareernetwork.com","1","/jobs/13690307/network-support-technician"
"careers.angleritech.com","1","/jobs/senior-software-developer-php/"
"qarmainspect.com","1","/about/careers/software-developers-aarhus-denmark/"
"www.techneeds.com","1","/job-seekers/it-software-jobs/"
"www.imready4work.com","20","/jobs/application-developer-for-android/"
"www.leftproductions.com","1","/jobs/creative-business-developer-in-london"
"www.welovesalt.com","176","/au/jobs/technology/database-administrator-9047/"
"sullivancotter.com","1","/careers/compensation-analyst-physician-workforce/"
"summusglobal.com","1","/Careers/JuniorSoftwareEngineer"
"enouvo.com","1","/enouvo/careers/web-developer/"
"paynet.com","1","/careers/technical-quality-assurance-analyst-level-ii"
"app.drupalcontractors.com","2","/job-category/back-end-developer"
"jobgolem.com","2","/Jobs/Computer+Operator"
"jobmarketmonitor.com","1","/2014/01/24/job-search-and-network-connect-with-weak-tie-and-your-dormant-ties/"
"jobnewsportal.com","1","/job-category/back-end-developer/"
"jobsbookercareers.com","1","/jobs/job/Junior-Commercial-Analyst/3160"
"marketmadhouse.com","1","/tag/job-loss-by-technology-at-walmart/"
"galaxy-soft.com","13","/jobs/business-systems-analyst-job-code-1003/"
"lislechamber.com","1","/list/member/career-networking-center-3397"
"www.netradyne.com","7","/careers/back-end-developers/"
"www.bosch.com","1","/careers/data-privacy-e-recruitment-system/"
"lokalocal.com","1","/career/senior-developer"
"clockk.com","1","/jobs/junior-developer-intern"
"www.jobsinstuttgart.com","1","/jobs/IT%20Technology"
"www.jobunlock.com","9","/job-detail/405/data-entry--administrative"
"www.mskcovertech.com","9","/career/jobs/show/data-analyst-mfd/"
"www.msm-technik.com","1","/pioneers-of-marking-technology/job-opportunities/"
"info.motorsportreg.com","1","/job-small-team-developer-vp-cto"
"www.iconmediadirect.com","1","/careers/senior-data-scientist/"
"grabowsky.com","1","/en/job-opportunities/identity-access-management-developer/"
"www.parkslopeparents.com","2","/Posting-Policies/career-networking-posting-policies.html"
"careers.gijobs.com","1444","/2021-kbcm-corporate-investmemt-banking-summer-analyst/jobs-in/chicago/illinois/usa/jobs/finance/new-jobs/"
"blackpugstudio.com","4","/job-openings/design/junior-graphic-web-designer-internship"
"www.simplyphp.com","3","/jobs/lead-php-developer/"
"www.securitasjobs.com","5","/en-US/job/business-analyst-pinkerton-support/J3P0PM6DSY4DN96HKTX"
"securityintelligence.com","2","/articles/career-and-management-advice-to-improve-diversity-from-21-leading-women-in-cybersecurity/"
"www.productionhub.com","1","/job/56887/senior-software-engineer-esports"
"wavicledata.com","4","/jobs/data-scientist/"
"vanillavideo.com","3","/careers/business-developer/"
"intelisale.com","1","/company/careers/net-software-engineer/"
"www.gtw-mc.com","1","/en/career/career-detail/junior-sap-software-engineer-austria/"
"www.transunion.com","1","/careers/technology-careers"
"willcraft.com","1","/careers-computer-technician/"
"www.quantros.com","1","/about/careers/senior-software-engineer-java/"
"www.mnpapps.com","1","/career-test-apps-test-apps-on-iphone-without-developer-account/"
"academia.stackexchange.com","1","/questions/28544/job-market-in-human-computer-interaction-hci"
"www.onlinemasters.com","1","/best-degree-programs/software-engineering/career-resources-and-scholarships/"
"us.gsk.com","1","/en-us/careers/for-experienced-professionals/digital-data-and-analytics-professionals/"
"www.kpit.com","2","/jobquiz/are-you-passionate-about-mobility-technology/"
"synchrcareers.synchr-recruit.com","1","/job/166018/devops-engineer"
"profrecruiters.com","17","/job-category/bio-technology/"
"60-www.qa.progressive.com","2","/careers/our-teams/data-and-analytics/"
"www.project-a.com","11","/careers/business-intelligence-analyst-mfd-4776584002"
"www.mutualbenefitgroup.com","3","/careers/job-openings/business-analyst/"
"opiesoftware.com","2","/about/careers/associate-devops-engineer/"
"www.kapronasia.com","1","/about-kapronasia/careers/fintech-research-analyst-singapore.html"
"www.emiratesnbd.com","3","/en/corporate-social-responsibility/careers-network/"
"amniinfotech.com","1","/job/net-developer/"
"www.waroundtable.com","1","/policy-center/jobvignette-data-analyst/"
"www.rehearsal.com","1","/about/careers/senior-software-engineer-android/"
"www.ubiqsecurity.com","1","/about-digital-data-encryption-software/careers"
"careers.teleflex.com","14","/job/Kamunting-ERP-Support-Analyst-08/641903800/"
"cacareers-crossmark.icims.com","3","/jobs/150165/retail-data-collection-associate-part-time/job"
"www.toptal.com","16","/big-data/job-description"
"www.aquafreshprime.com","1","/technology/career-tips-and-advice-on-how-you-can-become-a-computer-engineer/"
"devselect.catsone.com","66","/careers/25605-General/jobs/10007389-Java-Application-Developer"
"marsitcorp.catsone.com","52","/careers/4327-General/jobs/11023699-Software-Product-Manager/"
"www.irm-network.com","1","/en/company/careers-jobs/softwareentwickler-delphi-m-w-d-en"
"onedegree.hammertechglobal.com","1","/jobsite-safety-and-technology-during-the-coronavirus-pandemic-what-you-need-to-know"
"nomshealthcare.com","1","/careers/ehr-clinical-analyst-full-time-parma/"
"www.lawyersclubindia.com","1","/jobs/DATA-PROCESS-MUMBAI-61.asp"
"www.startupsofpuertorico.com","10","/job/chat-san-juan-56-web-app-developer/"
"www.barrietoday.com","1","/classifieds/job-listings/information-technology"
"www.beatmysalary.com","26","/jobs-in-united-kingdom-of-great-britain-and-northern-ireland/belfast/contract/salesforce-developer-4f414794775451a8b17599d6f2f7f158"
"pillars-eg.com","1","/jobs/credit_analyst/"
"econometricainc.com","2","/job/sas-programmer-junior-level/"
"postingfreejobs.com","3","/job/i-t-t/application-developer/2437"
"www.astegic.com","3","/job/php-developer/"
"arcadjobs.com","1","/job/marketing-unity-developer-m-f/"
"www.lmarecruitment.com","6","/job/business-analyst-jobid-jh61095"
"tobitongh.com","1","/listings/b-category/jobs-in-ghana/data-entry/"
"careers.getflowbox.com","2","/jobs/775922-data-scientist"
"paperads.timesascent.com","23","/job-Datacenter/Careers-India/Jobs-Vacancies-/Naukri-1/India-jobs-f"
"www.pukkaherbs.com","2","/uk/en/our-mission/careers-at-pukka/current-pukka-vacancies/performance-analyst.html"
"tandigmhealth.com","2","/careers/business-intelligence-developer-tableau/"
"www.avproglobal.com","1","/careers---software-developer.html"
"www.digitaldefense.com","2","/careers/research-development-software-engineer/"
"beboldbeuma.com","1","/job/financial-analyst/"
"jobs.theadvocate.com","3","/Job/269547661/erp-business-systems-analyst-job-in-new-orleans-la-70123"
"hypertec.com","1","/jobs/software-sales-specialist/"
"www.inovies.com","5","/careers/android-developer"
"azclassifiedads.com","2","/category/job-search/computers-internet-telecommunications"
"os.mbed.com","1","/handbook/Jobs/Front-End-Web-Application-Developer"
"www.mcflybrown.com","5","/jobs/atomic-force-microscope-afm-developer-specialist-7/"
"perthrelocationlatestnews.wordpress.com","1","/tag/jobs-data/"
"jobs.ravenind.com","1","/job/Arlington-Pricing-Analyst-VA-22202/604376200/"
"dltlabs.com","3","/careers/backend-development/"
"www.donzon.com","3","/job-seekers/information-technology0/"
"www.pcworld.com","1","/article/258607/job_ad_indicates_apple_using_oracle_ibm_servers_in_north_carolina_data_center.html"
"www.207area.com","1","/jobs/portland/information-technology-jobs/"
"a3consultingllc.com","1","/web/careers/ui-developer/"
"tranquilcarehospice.com","1","/job-applicant-personal-data/"
"freeleads.freeglobalclassifiedads.com","1","/jobs/arts-entertainment-publishing/tipping-circle-the-performance-giving-network_i83210"
"zlense.com","3","/jobs/hardware-developer-engineer/"
"oilgigs.com","3","/jobs/application-developer-for-android/"
"smsbuildingsystems.com","1","/jobstown-video-surveillance-systems-jobstown-access-control-systems-jobstown-network-cabling/"
"www.ceramiassociates.com","3","/job/principal-technology/"
"insurancehires.com","17","/job-category/entry-trainees-excellent-computer-skills/"
"www.skillfindergroup.com","94","/job/aml-kyc-analyst-german-speaker"
"learnsql.com","1","/tags/career-in-data-science/"
"www.novopayment.com","5","/careers-Androidsoftware-developer"
"www.nowcom.com","3","/careers/india-careers/mid-senior-devops-engineer/"
"www.mediacle.com","1","/careers/wordpress-developer/"
"jobs.ecandy.com","1","/jobs/12497579/analyst-scientific-and-regulatory-affairs"
"www.wrist.com","2","/en/join-us/job_at_wrist/bi-developer---noerresundby-dk.htm"
"recollective.com","1","/careers/fullstack-developer"
"district158.learning.powerschool.com","1","/nwedoff/careerandtechnologyeducationcte2017-2018/cms_page/view"
"www.siriusp.com","21","/jobs/aws-data-archietect/"
"careers.booksamillion.com","2","/en-US/job/perl-programmer/J3R4K66DTFP7GMG5C5T"
"www.asiahospitalitycareers.com","9","/job/347087/Information%20Technology%20Officer"
"healthcare.careercast.com","25","/jobs/biotechnology-science-29035687-b"
"uptasker.com","2","/jobs/data-conversion-of-financial-systems/"
"www.essity.com","1","/careers/alumni-network/"
"www.sydneybuy.com","4","/job-categories/databases/"
"befoundjobs.com","1","/jobs-are-being-filled-by-networks-so-you-need-to-be-there-to-be-found/"
"blog.linkedin.com","1","/2016/06/07/job-seekers-knowledge-is-power-and-so-is-your-network"
"www.gridinfocom.com","1","/career/business-systems-analyst/"
"d8ii.com","5","/careers/android-developer/"
"go.cuengage.com","2","/careers-digital-business-analyst"
"speakol.freshteam.com","3","/jobs/DfYeCaxrme0t/senior-full-stack-developer-remote"
"tanvas.freshteam.com","3","/jobs/d8I5FBYxBokN/senior-software-engineer-core-technology"
"www.donegaldaily.com","2","/2020/02/13/job-vacancy-marketing-executive-sought-by-donegal-technology-company/"
"sg.neuvoo.com","1","/jobs/Computer-jobs"
"www.sayollogo.com","4","/careers-backenddev"
"www.pega.com","4","/about/careers/10709/senior-software-solutions-engineer"
"geeyustore.com","1","/pages/job-title-financial-analyst-trade-financing"
"www.geminatecs.com","85","/jobs/country/aland-islands-16/department/software-3"
"www.revealdata.com","1","/career/technology-consultant/"
"www.findspark.com","2","/career-fairs-info-sessions-networking/"
"www.usajobrepository.com","1","/jobs/science-technology-jobs-in-california/sc-25/co-226/re-995/"
"careers.interfacesystems.com","2","/job/alarm-and-network-field-technician/J3M3YD6RR72LT5GGBXM/"
"www.blacksincyberconf.com","1","/forum/job-post-details/looking-for-a-cybersecurity-job-bic-is-here-to-help"
"evolutionary-archetypes.com","6","/job/coldfusion-analyst-developer-in-brussels/"
"careers.kla-tencor.com","82","/jobs/2874736-software-engineer"
"www.soundtrackyourbrand.com","4","/careers/software-engineer-analytics-and-data-engineering"
"amesburychamber.com","2","/job/shaheen-bros-inc-amesbury-77-earned-income-analyst/"
"www.teamvate.com","2","/careers/back-end-developer"
"becomestpete.com","4","/job/intrinio-data-scientist/"
"www.besnovo.com","3","/job/business-research-analyst/"
"beeders.com","1","/en/career/fullstack-developer/"
"world350.com","1","/job-looking-on-the-go-what-to-think-about-when-choosing-a-telephone-app-iphone-app-devs-reviewsiosappdeveloper-com/"
"www.mcubedinternational.com","3","/job/business-slash-support-analyst"
"www.investorsinsight.com","1","/blogs/tags/Jobs/Gold/data/default.aspx"
"sgmsoft.com","1","/career/senior-web-developer/"
"www.jobiba.com","2","/jobs/data-entry-back-office"
"www.jobpledgeconsultants.com","1","/jobs-in-computers-it-fid.htm"
"employers.in.jobs68.com","1","/jobs/chef-cook-e-computerinformation-technology-energy-mechanical-engineer-engineeringarchitecture"
"sg.jobs68.com","1","/jobs/temporary-assistant-clinics-hospital-e-computerinformation-technology-healthcare-1755596.html"
"www.building-blocks.com","1","/career/vacancies/graduate-intern-data-scientist"
"superscale.com","2","/careers/data-engineer/"
"za.drakeintl.com","2","/job-seeker/join-talent-network/"
"www.jobs.thehomelike.com","3","/Jobs/Backend-Developer-%28f%2Fm%2Fd%29"
"developer.zanox.com","1","/web/guest/data-api/jobitem"
"lanaus.com","2","/job/full-stack-developer-ui-developer/"
"livingasone.com","3","/jobs/devops-engineer/"
"entrevestor.com","2","/ac/blog/jobs-developer-at-dash-hudson/"
"thevideoanalyst.com","11","/job/blackburn-rovers-fc-brockhall-village-lancashire-222-academy-performance-analyst/"
"www.auditdata.com","5","/company/job-c-lead-developer/"
"talla.com","3","/careers/data-scientist-boston-ma/"
"vertex-it-solutions.com","1","/jobs/full-stack-developer/"
"london.universelisting.com","3","/Search/job-software-qa-dba/"
"www.jobsforastronomers.com","9","/careers/analyst-data-scientist"
"www.jobsinsofia.com","1","/jobs/IT%20Technology"
"vizianagaram.classtize.com","1","/jobs/software-jobs"
"durkangroup.com","1","/careers/full-stack-developer/"
"easycowork.com","2","/career-planning/upgrad-data-science/"
"jobs.orlandosentinel.com","5","/article/job-hunting-how-to-network-with-intention/24055"
"www.pakistanjobsbazaar.com","3","/2019/11/jobs-deputy-director-network-system.html"
"www.pakistanstartupjobs.com","3","/jobs/computer-jobs"
"www.meraevents.com","3","/event/career-conclave-data-tech-product"
"blacklineit.com","2","/careers/network-engineer/"
"www.chardan.com","1","/articles/job-opening-research-analyst__XdVyVhQAACQAmcym"
"charlesalexanderdistribution.com","1","/careers/vacancies/web-and-software-developer-uk/"
"treasuryrecruitment.com","3","/job-tag/b-treasury-analyst/"
"humanisedgroup.com","11","/job/senior-devops-engineer-15/"
"www.kippee.com","2","/jobs/other-jobs/part-time-home-base-data-entry-job-52857"
"topicus.com","2","/careers/software-developer-java"
"www.claimsjournal.com","1","/jobs/categories/technology/"
"softwareengineerjobs.cybercoders.com","143","/jobs/android-developer-jobs/san-francisco--area-jobs/"
"esgglobal.com","2","/job/application-delivery-analyst/"
"masoninteractive.com","1","/careers/seo-analyst/"
"mnscareers.mastec.com","2","/en-US/job/finance-analyst/J3N0YK6903DQ8BNW827"
"wanderwork.com","1","/jobs/intern-data-analyst-at-tesla"
"www.sdphrsolution.com","2","/jobs-in-front-office-data-entry-fid.htm"
"career.refined.com","4","/jobs/206922-java-js-devs-for-our-server-data-center-products"
"careers.aam.com","5","/us/en/job/JREQ-183264/Sr-Software-Engineer"
"www.admultiplejob.com","2","/jobs-in-it-analyst-software-testing-fid.htm"
"www.icavcluster.com","1","/job/gis-analyst-modeller/"
"careers-cisecurity.icims.com","8","/jobs/1235/it-cybersecurity-specialist-%28threat-hunt%29/job"
"careers-einstein.icims.com","1","/jobs/12442/senior-bioinformatics-analyst/job"
"www.ihireconstruction.com","4","/careeradvice/pages/how-to-build-your-professional-network"
"careers.flyingmag.com","5","/jobs/13112596/safety-analyst-ii"
"bestpriceinusa.com","1","/category/jobs/data-entry/"
"jkwrecruiting.catsone.com","5","/careers/88264-General/jobs/13186684-Net-Software-Engineer-Developer"
"path.catsone.com","2","/careers/47375-General/jobs/12552322-Project-Manager-Affordable-Housing-Developer-JR-1052"
"carriere.meilleursagents.com","2","/jobs/stage-data-engineer-chaine-d-acquisition_paris"
"www.metrochicagojobs.com","1","/job/detail/41852624/Analyst-Patient-Education-Programs"
"zeerk.com","40","/jobs/articles-blog-posts/i-will-write-technical-documents-on-information-technology-and-software-full-time-freelancer/"
"careers.snifinancial.com","8","/en-US/job/finance-accounting-analyst/J3P58M78N2PVY3PYCT0"
"arcticsecurity.com","2","/about/careers/database-engineer/"
"phytonconsulting.com","4","/jobs/data-quality-consultant/"
"www.rec-hub.com","5","/careers/27846/Javascript-Engineer-Germany-187"
"www.expat-advisory.com","8","/forum/asia/cambodia/job-posts-forum-cambodia-all-jobs/monument-books-webmaster-and-graphic-designer"
"www.nationaltankservices.com","1","/careers/equipment-and-technology"
"clang-developers.42468.n3.nabble.com","1","/JOB-Announcement-Clang-Frontend-libc-engineer-at-Apple-td4042726.html"
"www.personalcareermanagement.com","1","/career-tips/network-way-dream-role/"
"careers.xilinx.com","499","/jobs/3030816-senior-software-engineer-ai-solutions"
"www.mightynetworks.com","3","/jobs/data-analyst/"
"careers.usoncology.com","6","/job/MCKEA008712725/Registered-Nurse-Network-Float"
"www.vatsnew.com","1","/jobs/technology.html"
"www.bigbinary.com","1","/jobs/software-engineer"
"www.computer-forensics-recruiter.com","3","/careers/computer_forensics_consulting_agencies/"
"www.comsoltx.com","1","/company/careers/computer-solutions-values/"
"www.ntiative.com","4","/jobs/android-mobile-developer-social/"
"www.explore-group.com","35","/job/tech/lead-senior-net-software-developer/j16235/"
"www.eventextension.com","1","/academics/student-affairs/career-services/events/past-events/2020-mocktail-and-networking"
"rawthrills.com","2","/careers/3d-game-programmer/"
"www.kmslh.com","3","/careers/front-end-angular-developer/"
"jobs.swagelok.com","6","/job/Solon-1_ANALYST-OH-44139/569141400/"
"www.vmagroup.com","10","/job/b2b-marketing-data-strategist/"
"bihar.20govt.com","8","/jobs-for/assistant-programmer-vacancy/"
"uli.selectleaders.com","3","/about/job-network/"
"www.wianetwork.com","4","/job-board/_asia/program-policy-officer-palladium-bali-ntt-east-java-indonesia"
"www.breaghrecruitment.com","2","/job/health-and-safety-officer-wicklow-major-developer-259.aspx"
"jobs.breezenewspapers.com","1","/Jobs/technology-jobs-in-cape-coral-fl"
"leahyosef.com","1","/job/senior-investment-analyst/"
"prostaff.com","1","/resource-center/job-seeker/networking"
"www.rachnaplacementagency.com","7","/jobs-in-computers-it-fid.htm"
"careers.melss.com","4","/job-listings-Business-Analyst-MEL-SYSTEMS-AND-SERVICES-LIMITED-Chennai-3-to-5-years-290719008090"
"www.processanddata.com","2","/careers/data-services-technician/"
"jobs.criver.com","11","/job/Den-Bosch-Senior-Financial-Analyst-NB-5231DD/572629100/"
"www.coveo.com","12","/en/company/careers/open-positions/administration/financial-analyst/4767965002"
"www.ghodawat.com","2","/job-type/web-developer/"
"ordiacreative.com","2","/careers/ios-developer"
"designshopp.com","1","/about/careers/magento-developer/"
"www.justbrightonjobs.com","2","/jobs/jobs-like-senior-.net-developer-brighton-sussex/sv-118405933_2/"
"edward-huang.com","1","/life-lesson/career/2019/10/06/how-to-overcome-with-the-feeling-of-overwhelmed-as-a-developer/"
"career.sms-group.com","2","/en/jobs/209/srmanager-software-engineering-steel-melting-shop-mfd"
"www.smsoftconsulting.com","7","/job/database-administrator-5/"
"www.farmcreditbank.com","1","/careers/texas-district-positions/credit-analyst-wichita-falls-texas-06-19-2020/"
"www.gatsbyjs.com","1","/careers/staff-software-engineer-open-source/"
"www.colevalley.com","1","/careers-at-cole-valley-software"
"blog.be8website.appspot.com","1","/career/developer/"
"centsai.com","1","/earn-money/career/5-networking-tips/"
"software-development-services-blog.weebly.com","1","/blog/category/career-and-jobs-software-development"
"www.sablecard.com","1","/jobs/software-engineer"
"www.alticeusacareers.com","22","/job/associate-linear-media-planner-data-management-woodbury-ny-24915/"
