"www.insurethebox.com","1","/careers/business-analyst/"
"www.genre.com","1","/careers/job-posting/catastrophe-risk-analyst-stamford-en.html"
"www.indianinq8.com","1","/classifieds/job-vacancy-for-data-entry-mechanical-engineer-iiq8jobs-indianinq8-iik/"
"insightpolicyresearch.com","1","/projects/career-technical-education-statistics-system-publications-education-analysis-and-reporting-for-sample-surveys-assessments-and-administrative-data-collections/"
"insightsoftware.com","6","/careers/devops-engineer-1725922738/"
"jobs.iqor.com","8","/job/Clark-Compensation-Analyst-II/624131500/"
"nofluffjobs.com","10","/hu/job/senior-frontend-developer-netgo-hu-kft-godollo-oakc3u9w"
"kubikmaltbie.com","1","/careers/mechanical-interactive-developer/"
"www.kahlerslater.com","1","/careers/sr-programmer-planner-academic-health-sciences"
"codeclerks.com","1","/job/Web/234/Need-an-developer-to-build-an-shopify-app"
"codilime.com","1","/job/devops-network-engineer/"
"www.courierareajobs.com","1","/Jobs/technology-jobs-in-madison-in"
"careers.meggitt.com","11","/job/0-Data-Analyst-Sales-&-Marketing-Intern-1-AZ-85755/591485600/"
"www.rps-recruitment.com","1","/job/cmm-programmer-1"
"guides.wsj.com","2","/careers/how-to-identify-job-opportunities/how-to-network-your-way-to-a-job/"
"www.spiderscope.com","1","/web-design/our-portfolio/jobs-in-science"
"www.traversedata.com","2","/careers/data-analyst-intern"
"egaara.com","2","/jobs/graphics-design/website-design-and-development-call-9194488/"
"careers-calstate.aaa.com","5","/job/AWGRUSJ111455/Senior-Compensation-Analyst"
"www.seperia.com","4","/careers/business-analyst/"
"www.surf-jobs.com","1","/job/volunteer-web-designer-and-content-writer-in-small-hotel-in-weligama/"
"www.apparelsearch.com","6","/employment/job_descriptions/jobs/cat/design/f/fashion_website_designer.htm"
"careers-arch.icims.com","1","/jobs/2875/senior-compliance-analyst/job"
"careers-salemstate.icims.com","1","/jobs/1974/adjunct-faculty-of-spatial-database-analysis-and-design%2C-geo-information-science/job"
"ehr.meditech.com","4","/careers/software-developer-0"
"www.eqtr.com","1","/careers/net-developer/"
"informatica.gr8people.com","30","/jobs/26462/lead-software-engineer"
"bidtellect.com","1","/company/careers/data-science-engineer/"
"antidotetoadulting.com","1","/category/career/networking/"
"brandpa.com","1","/name/jobsnetwork"
"www.esmogcheck.com","1","/en_us/about-first-data/careers-home.html"
"www.janitorialmanager.com","3","/blog/job-management-software/"
"www.phxgrpintl.com","1","/blog/career-opportunity-senior-analyst-capital-team-dallas"
"humanengineers.com","1","/career-networking-why-it-is-important-for-women-professionals/"
"www.glisser.com","1","/jobs/london/full-stack-angularjs-node-js-developer/"
"globefoodequip.com","1","/our-company/career-opportunities/computer-systems-support-specialist.html"
"veganjobs.com","4","/job/leafside-remote-usa-software-developer-lamp-wordpress-woocommerce-and-javascript/"
"oiga.com","1","/careers/ruby-on-rails-developer/"
"themortonway.com","2","/blog/careers/career-spotlight-web-developer/"
"www.claas-group.com","2","/jobs-career/pupils/dual-study-programme/technical-studies/agricultural-technology"
"www.helloblackbox.com","1","/vendors/jobber-software"
"www.qptulsa.com","1","/careers/talent-network/"
"www.exacaster.com","4","/careers/business-analyst"
"thinkmax.com","1","/en/Job_Offer_DeveloperDigital"
"careporthealth.com","4","/about/career/data-integration-software-engineer/"
"www.carlaslist.com","1","/category-135-0/jobs/computer-/-technical.html"
"qsi.com","3","/job-seekers/crm-developer/"
"blog.ditech.com","1","/blog/job-search-saturday-business-analysts"
"www.conciliumsearch.com","4","/jobs/job/computer-system-quality-senior-specialist/THaL9O4m"
"conexiom.com","1","/job/junior-programmer-mapper/"
"www.myjobo.com","9","/job/data-entry-clerks-1161"
"www.bearstaff.com","1","/job-board/order-entry-and-data-entry-full-time"
"clicknathan.com","1","/2012/02/06/job-opening-part-time-wordpress-web-developer-with-clicknathan-com/"
"fulcrumpro.com","3","/software/job-costing/"
"www.addictionsupport.aarogya.com","1","/i-am-recovering/job-search-guide/cv-bio-data.html"
"www.filmoya.com","1","/jobs/wanted/looking-for-a-role-of-software-employee-vpplugaujd/"
"www.steppingstonesrecruitment.com","1","/jobs/mid-level-developer/"
"qatar.ads4me.com","2","/jobs-offers/computers-internet-telecommunications"
"gettingdownunder.com","2","/job/data-engineering-lead-investment-bank-sponsorship-available/"
"www.getwrecked.com","1","/careers/front-end-developer/"
"www.easi.com","3","/en-ca/careers/india-jobs/battery-management-system-matlab-developer"
"e-bookrights.com","1","/2015/06/career-opportunities-in-computers-and-cyberspace-third-edition-by-harry-henderson/"
"www.sojobsmarket.com","2","/jobs/results/keyword/software"
"bridgesgi.com","2","/careers/job-analyst-ibm-sterling-order-management-system-sterling-oms/"
"cvcorner.com","1","/Job/185710-senior-software-engineer-c"
"ariyesonline.com","1","/jobs/apply/network-engineer-9"
"aam2011.sched.com","1","/event/2ZUS/career-cafe-organizational-skills-lab-the-value-of-sharing-data-across-your-museum"
"www.mastodonc.com","1","/2016/10/02/jobs-senior-devops-engineer/"
"www.dailypioneer.com","2","/2019/jobs-exams-alerts/12-19-lakh-new-jobs-created-in-june--esic-payroll-data.html"
"www.donordrive.com","1","/about/careers/job-postings/junior-web-developer/"
"dorinza.com","2","/jobs/internet/data-entry-work-part-time-job-franchise-offer-in-surat-kmention_i19041"
"www.bitbeyond.com","1","/career/software-engineer/"
"www.united-mp.com","1","/job/clinical-information-systems-specialist-research-data-systems-manager/"
"www.ybourini.com","1","/cv/jobs/tedata"
"careers.fishbrain.com","3","/jobs/200403-senior-backend-engineer-platform-team"
"ca.drakeintl.com","1","/job-seeker/join-talent-network/"
"viecure.com","1","/careers/software-engineer"
"betruedesign.com","4","/sgp-executive-online-community/jobs-search-network-it/"
"www.skillnetinc.com","13","/career/javaj2ee-developer/"
"jobs.thegriffingroupe.com","10","/careers/12889-General/jobs/10274371-Data-Center-Administrator"
"riveron.com","3","/jobs/technology-enablement-consultant-cpm-chicago-il/"
"www.cmegroup.com","1","/careers/rotational-analyst-program.html"
"vyrill.com","1","/careers/front-end-ui-ux-developer/"
"prometheusc.com","1","/jobs/senior-business-analyst-2/"
"www.pushcv.com","10","/jobs-in-nigeria/job105fdd9/Developer-Team-Lead-Software-Engineering-at"
"mymagicjobs.com","4","/job/java-developer-41"
"lsce.com","1","/career/database-specialist/"
"jobs.lubrizol.com","7","/job/Mumbai-_NET-Application-Developer-Indi-400079/576635000/"
"www.lufthansa-industry-solutions.com","5","/de-en/career/job-vacancies/detail/job/aviation-software-engineer-cc-mobile-1104/"
"www.justearthnews.com","2","/job-details/504/data-analyst.html"
"actuariesonline.com","2","/jobs/vacancies/actuarial-analyst-re-insurance-pricing"
"careers.commvault.com","1","/job/bengaluru/network-engineer-iii/21630/14990218"
"www.embeddedarm.com","2","/about/careers/embedded-software-engineer-i"
"www.intelletec.com","99","/jobs/analytics-and-data-science-solutions-architect"
"careers.irvinecompany.com","7","/job/Irvine-DeveloperArchitect%2C-Sharepoint-CA-92617/557138400/"
"www.nalcoconsulting.com","3","/jobs/sales/account-manager-software-technology/"
"www.fremontattorneyjobs.com","1","/jobs/pa-ip-technology-transactions-jt-attorney-jobs.html"
"www.swinter.com","1","/about-us/careers/posting/building-systems-analyst/"
"www.waterstones.com","1","/book/career-paths-for-programmers/jack-downey/9781443802420"
"onepointuae.com","1","/home/job_category/information_technology"
"fastandfuriousconsulting.com","6","/job-detail/MTA2/Senior--net-core-Developer"
"australiavisajob.com","1","/jobs/power-systems-and-network-planning-engineer-aecom-australia/"
"www.telecom-books.com","1","/jobs-for-felons-in-information-technology-2.html"
"www.emap.com","2","/careers/project-manager-technology-pmt-0"
"careers.sparktx.com","2","/job/Philadelphia-QA-Analyst-PA-19019/622729000/"
"www.meisterlabs.com","3","/jobs/backend-developer/"
"www.rubrik.com","1","/en/company/careers/departments/information-technology-services.53812"
"www.pehlajob.com","8","/index.php/job-opportunities-266/seo-executivemanageranalyst/Deevoir%20Holdings%20Pvt.%20Ltd"
"www.irecruitpartners.com","1","/job/wordpress-developer/"
"www.lunasoft.com","1","/job-classifieds-software.php"
"www.wonderslist.com","1","/jobs-artificial-intelligence-will-replace/"
"www.fkinternational.com","1","/job/treasury-analyst-north-dublin/"
"www.windsorcares.com","1","/job-applicant-personal-data/"
"community.apigee.com","1","/questions/51393/job-opportunity-hiring-an-api-developer-nodejs-mon.html"
"saturnsystems.catsone.com","6","/careers/1421-General/jobs/11593998-Programmer-Entry-Level-2020"
"www.cryptorecruit.com","20","/candidates/search-jobs/job/chief-technology-officer-blockchain-1/"
"www.artus.com","1","/en/jobs-frontend-entwickler/"
"onmogul.com","71","/datadog/jobs"
"990937.jobcontrolcenter.com","2","/jobs/12105498/digital-analyst-data-analyst-digital-strategy"
"jobkangaroo.com","3","/Jobs/Computer%20System%20Analyst/"
"jobslog.com","13","/job/5418326/business-analyst-human-resources/"
"researchleap.com","1","/job-satisfaction-self-employed-workers-empirical-evidence-cameroon-data/"
"www.readyatdawn.com","2","/careers-list/physics-programmer/"
"tft2.scweb2.thefiscaltimes.com","1","/Articles/2014/05/02/Jobs-Data-Spurs-Call-Renew-Unemployment-Insurance"
"careers.google.com","9","/jobs/results/116751789753017030-software-engineer-university-graduate-2020/"
"www.bdo.com","2","/digital/insights/careers/bdo-digital-women-in-technology-group"
"gomintor.com","2","/job/business-analyst-learnership/"
"www.infront.com","9","/jobs/colorado-sitefinity-cms-net-web-developer-jobs/"
"careers.sorabel.com","1","/jobs/service-analyst.html"
"personetics.com","8","/us/careers/co/nazareth/1D.D04/back-end-developer/all/"
"www.scientistsolutions.com","6","/forum/bioinformatics-bins-bioinformatics-student-network/jobs-freshers-bioinfo"
"cstechbd.com","1","/job/senior-web-designer-team-lead/"
"jobs.jacksonpharmacy.com","2","/careers/64350-General/jobs/12497561-Pharmacy-Benefit-Analyst"
"www.cedisell.com","2","/all-ads/business-category/jobs/data-entry/"
"www.patientsafesolutions.com","1","/careers/senior-software-engineer2/"
"www.trugreenjobs.com","9","/en-US/job/bi-developer/J3T1G16GD7WZWC6ML8S"
"trulyhired.com","5","/job/106899/charter-school-finance-analyst/"
"encodo.com","4","/jobs/software-developer/"
"careers.pge.com","103","/job/Auburn-Power-Generation-Project-Management-Analyst-%28ESC%29-CA-95602/606627400/"
"finatal.com","2","/jobs/view/finance-analyst1"
"protrain.com","1","/index.php/academy-learn-share-network/study-groups/viewgroup/4-st1010-tilos-linear-projects-scheduling/self-paced-online-courses/career-development-courses/resume-writing-course/guruprograms/0-"
"careers-bartonassociates.icims.com","1","/jobs/1839/commissions-analyst/job"
"careers-dignityhealth.icims.com","2","/jobs/67767/senior-ai-deep-learning-software-engineer/job"
"careers-homedefenders.icims.com","1","/jobs/3929/application-developer-ii/job"
"careers-meddata.icims.com","1","/jobs/5397/ios-lead-developer/job"
"careers-meritize.icims.com","1","/jobs/1073/financial-analyst/job"
"careers-ruppertlandscape.icims.com","1","/jobs/1869/business-developer---landscape-maintenance/job"
"external-oneneck.icims.com","1","/jobs/15245/solutions-architect---networking/job"
"www.entechts.com","1","/jobs/cnc-miller-programmer-1"
"cannainsiders.com","5","/job/leaflink-new-york-ny-usa-full-time-senior-devops-engineer-new-york/"
"www.secure-recruitment.com","6","/job/cyber-security-engineer-cyber-security-analyst-2/"
"tcagroup.com","2","/jobs/peoplesoft-dpropo-functional-analyst/"
"www.newszii.com","1","/career-in-blockchain-technology/"
"www.dentsuaegisnetwork.com","2","/au/en/careers/openings/technology"
"www.appointinfo.com","3","/jobs-in-computers-it-fid.htm"
"careers.build.com","1","/jobs/developer-iii-chico-california-united-states"
"jobs.themoorecountynews.com","13","/Jobs/behavior-analyst-jobs-in-dallas-tx"
"www.insourcegroup.com","10","/job-listing/angular-developer-sr-26093"
"www.webcentreplus.com","2","/webdesign-news/tag/career-advice/"
"careers.lyondellbasell.com","1","/job/Houston-Credit-Analyst-TX-77010/621791200/"
"rjsassociates.com","2","/job/database-analyst-and-report-writer/"
"softspacesolutions.com","1","/career-in-python/"
"www.softwareadvice.com","7","/construction/computerease-mech-profile/vs/jobprogress/"
"www.clevelandbrothers.com","1","/used-equipment/equipment/job-site-technology/"
"www.o3world.com","1","/careers/co/marketing/C1.51F/director-of-marketing-technology-and-data-analytics/all/"
"bostonstartupsguide.com","10","/job/algorithms-software-engineer-c/"
"www.getremotify.com","3","/jobfamilies/data-and-machine-learning"
"www.edmecka.com","2","/job-opening-computer-service-technician-(part-time)-hoboken-nj.html"
"careers.hr.technipfmc.com","4","/jobs/internal-control-analyst-11304"
"careers.technosofteng.com","6","/job-listings-Embedded-Software-Engineer-Automotive-Products-Technosoft-Engineering-Projects-Limited-Pune-8-to-13-years-170120004785"
"kaleyra-talent.freshteam.com","6","/jobs/2Xb7W1d1ydBX/backend-developer-node-js"
"jobs.disneycareers.com","109","/job-location/bristol/associate-android-developer/391/13838073/342467"
"dingley.com","1","/career/systems-analyst/"
"rylem.com","2","/job-categories/technology"
"careers.midtown.com","1","/job-details/software-architect-2188-1/"
"www.graymatrix.com","7","/jobs-opening/android-developer/"
"www.incegd.com","1","/en/careers/cardiff/it-service-desk-analyst"
"careers.phoenix-opsgroup.com","32","/careers/52671-General/jobs/11455541-Data-Analyst-TS-or-TSSCI-Required"
"content.wisestep.com","1","/category/job-search/networking/"
"www.iitjobs.com","681","/jobs/104510/Sr-application-developer-Pune"
"mobile.reuters.com","1","/video/watch/job-search-dissecting-the-data-id65678596"
"www.prophet.com","1","/careers/senior-digital-marketing-analyst/"
"maxilect.com","1","/careers/senior-java-developer/"
"usertutor.com","1","/jobs/content-developer/"
"claires.referrals.selectminds.com","1","/jobs/senior-retail-analyst-jr-data-scientist-15333"
"seminalresearch.com","1","/career/bi-lingual-market-research-analyst/"
"careers.yaytrade.com","1","/jobs/831837-creative-front-end-developer"
"www.flyingmag.com","1","/careers/careers-aviation-aeronautical-analyst-national-geospatial-intelligence-agency/"
"www.nhknoxville.com","1","/career-training/student-programs/computer-support"
"eu.experteer.com","2009","/jobs-akka-technologies-senior-specialist-%252F-project-manager-information-technology-telecommunications-transport-and-tourism-job-portal-cmp5502car3fun13ind7200ind10000ind300ind800ind1800ind2200ind7190ind7450ind13400jbs3"
"fanarena.com","1","/about/jobs/backend-javascript-developer/"
"proficienthealth.com","1","/careers/32/java-developer-2-positions"
"www.videoblocks.com","1","/video/job-at-a-computer-nuytaxdheiljwn78o"
"www.niswey.com","2","/careers/front-end-developer-job/"
"www.plexusrs.com","7","/job/508/Oracle/ETL-Developer/"
"www.latestdatabase.com","1","/job-function-email-database/"
"careers.cnb.com","30","/job/beverly-hills/fixed-income-investment-and-data-tech-analyst/1557/14717142"
"www.pushtiwebindia.com","1","/web_designer_company_goregaon/jobcv.html"
"careers.n-ix.com","2","/jobs/big-data-engineer/"
"label-engine.com","1","/news/job-opening-programmerdeveloper/"
"www.kentonblack.com","1","/jobs/site-manager-regional-housing-developer-ps45k-plus-package-1"
"www.kenyanscomehome.com","1","/job/analyst-slash-associate/"
"leverx.com","1","/careers/courses/devops-sysops-course-summer"
"www.shine.com","2558","/job-search/account-manager-jobs-in-it-software-industry"
"jobs.peopletogo.com","22","/job/application-developer-2/"
"jobs.atlasprofessionals.com","1","/job/force-com-developer-lightning-apex-visualforce-medior-IO-097843/"
"www.testandverification.com","26","/careers-2/autonomous-vehicle-software-developer-jobcode-swduk040419_02"
"thecareerexperts.com","1","/jobseekers/networking/rebuilding-strengthening-your-executive-network/"
"www.myretail-jobs.com","3","/job/247180/junior-analyst"
"epcsht.com","3","/jobs/ios-developer"
"interconnecta.com","1","/es/careers/junior-web-developer-customer-success"
"careers.namastetechnologies.com","4","/jobs/212429-senior-react-frontend-engineer"
"www.cougaarsoftware.com","4","/careers/open-positions/careers-ai-software-engineer/"
"www.reshiftmedia.com","2","/job-listing-senior-web-developer/"
"jobs.weareconvivio.com","1","/jobs/781191-contract-frontend-developer"
"www.vtcrc.com","4","/careers/product-developer-lab-manager-pdlm1/"
"www.controlpay.com","2","/careers/vacancies-list/kyiv/audit-analyst-en/"
"green.careercast.com","1","/job-networks"
"www.careermoves-international.com","1","/jobs-germany/detail/senior-software-engineer-cloudbackend-munich.html"
"i3digital.com","1","/careers/web-applications-developers"
"careers.goldenrace.com","5","/jobs/angular-front-end-developer"
"www.novainfosec.com","9","/2009/10/07/job-computer-hacker-wanted-in-chantilly-va/"
"tmbhq.com","1","/career-opportunities/program-analyst-13289/"
"marketing.equipmentlocator.com","1","/careers/north-java--new-york"
"www.ey.com","3","/en_be/careers/technology"
"jobs2.deloitte.com","2","/ch/en/job/DELOA003XSWITZERLAND174300ENCH/Consulting-Summer-Internship-2020-Technology-Strategy-Transformation"
"www.worldtalentjobs.com","5","/job/379-senior-software-engineer-ios"
"www.v-pmc.com","2","/careers/program-analyst"
"shop.shoprite.com","1","/globaldata/banner-pages/careers"
"startup-berlin.com","3","/jobs/listing/business-co-founder-for-b2b-data-startup-in-berlin/"
"www.navionics.com","2","/usa/company/careers/senior-java-developer"
"cleverhackjobs.simply-partner.com","2","/a/jobs/list/q-Developer"
"www.ndba.com","1","/career-network/"
"www.tgtsolutions.com","5","/jobs/microsoft-net-developer/"
"intermediagroup.catsone.com","20","/careers/3935-General/jobs/12561757-Acquisition-Program-Analyst-w-PPBE-preference-for-Air-Force--Space/"
"247wallst.com","3","/jobs/2011/01/20/economic-data-galore-jobs-confidence-inflation-housing-manufacturing/"
"mediablog.prnewswire.com","3","/2019/09/16/career-networking-blogs/"
"crowdmark.com","1","/careers/software-developer/"
"www.safelaneglobal.com","1","/en/jobs/geophysical-data-analyst-vacancy/"
"www.kctalumni.com","1","/jobs/details/executive-edc-kumaraguru-college-of-technology"
"www.corridorcareers.com","16","/jobs/accounting/70506-senior-business-analyst"
"www.superiorglove.com","1","/eu_en/careers/network-administrator"
"www.internetstores.com","1","/en/career_category/technology/"
"www.stanfordbiotechgroup.com","1","/careers-in-biotechnology.html"
"jobemy.com","1","/job-opportunities-at-the-african-field-epidemiology-network-afenet.html"
"www.jobsfornationals.com","2","/job/analyst-strategy-corporate-development/"
"jobsiteindia.com","1","/jobs-india/jobs-in-online-data-services-ltd/189.html"
"www.justaviation.com","1","/airlinejobs/careersearch/JobCategory:Information%20Technology%20I.T"
"earningdesigns.com","1","/careers/fullstack-developer/"
"www.mainstayasia.com","8","/job/business-analyst-it-security/"
"results.amarujala.com","4","/career-diary/5-000-schools-in-rajasthan-to-have-computer-labs-education-minister"
"www.unifiedpractice.com","1","/acupuncture-software-company/job-openings/net-software-engineer/"
"cv.eurosciencejobs.com","10","/job_display/170111/Post_doctoral_Position_in_Molecular_Biotechnology_of_Natural_Products_Institut_Pasteur_Paris_France"
"www.cetitec.com","2","/careers/software-developer-embedded-software-mfd.html"
"codingcompiler.com","1","/tutorial/job-interview-questions-on-computer-science/"
"www.pcrdigital.com","39","/job/advert-operations-and-programmatic-analyst/"
"a4academics.com","1","/careers-guidance-jobs/50-career-guidance-engineering-jobs/673-top-five-career-options-for-computer-science"
"www.motorcycleindustryjobs.com","2","/job-category/graphic-design-web-design/"
"www.eschbach.com","2","/en/about-eschbach/jobs-careers/sales-consultant-industrial-software.php"
"www.docware.com","1","/jobs/software-developer-mf-java.html"
"muhsinbudiono.com","1","/2011/04/18/selamat-datang-selamat-membaca/career-ptm/"
"www.salarylist.com","476","/jobs/Abinitio-Developer-Salary.htm"
"www.blogarama.com","7","/careers-and-industries-blogs/131159-page-not-found-hotforsecurity-blog/18865997-white-hackers-seek-errors-open-source-cybersecurity-framework-for-cars"
"geeksww.com","1","/discuss/1071/jobs_personal_terse_reply_to_developer.php"
"careers-rivigo.icims.com","1","/jobs/3474/business-analyst/job"
"careers-s-3.icims.com","1","/jobs/1876/group-vice-president%252c-health-policy-%2526-data-analysis/job"
"emea-cookmedical.icims.com","1","/jobs/7324/sql-database-administrator/job"
"icr-world.com","1","/careers/vacancies/ktp-associate-%E2%80%93-data-analytics-engineer"
"www.securefuturetech.com","1","/career-opportunities/senior-network-engineer/"
"kiewitcareers.kiewit.com","57","/job/Burnaby-Data-Analyst-KLTP-BC/537043200/"
"www.oclicker.com","9","/ae/Jobs/IT-Jobs/Mobile-Application-Developer-for-UAE-ad922"
"sfx.careers.eteach.com","5","/jobs/computer-science/"
"www.marylandjobnetwork.com","5","/employment-resources/job-search-tools/networking"
"www.marywashingtonhealthcare.com","1","/Careers/School-of-Radiologic-Technology/Curriculum.aspx"
"www.kyriba.com","2","/company/careers/technology/"
"careers.descartes.com","1","/job/Leipzig-Product-Business-Analyst-or-Product-Manager-4109/538076517/"
"www.blumira.com","1","/careers/sr-software-engineer-backend/"
"appsierra.com","1","/job/mobile-web-application-test-analyst/"
"careers.worldfavor.com","2","/jobs/270405-net-developers"
"primesoftconsulting.com","2","/jobs/business-analyst-2"
"www.southsudanjob.com","6","/job-access-developer"
"planitagency.com","1","/jobs/development/web-developer-full-stack/"
"www.buenosairesfoodies.com","1","/job-flow-chart-template/job-aid-flow-chart-template-cool-image-68-best-organizational-stock-flowchart-maker-and-diagramming-software-microsoft-vis/"
"www.buhaykorea.com","1","/2005/05/24/job-ad-for-pinoy-web-designer/"
"www.eventtracker.com","3","/career/inside-software-sales-territory-manager/"
"nortal.com","7","/careers/summeruniversity/java-developer/"
"www.attainia.com","1","/careers/full-stack-software-engineer-python-react/"
"alldus.com","21","/jobs/job/1101-data-scientist/"
"careers.sakalmediagroup.com","2","/job-listings-Application-Developer-PCMC-Sakal-Media-Private-Limited-Pune-3-to-5-years-111019004871"
"musicpromix.com","1","/network/job"
"careers.manilawater.com","1","/job/Senior-Laboratory-Analyst-00-1105/524586901/"
"helpmenaomi.com","5","/job/freelance-technology-writer/"
"r4kenya.com","1","/jobs/software-engineer-at-microsoft"
"www.qmic.com","2","/careers/mobile-applications-developer-intern/"
"www.hiremymom.com","4","/job/addelise-inc-69-pt-web-developer"
"member.quadcitieschamber.com","1","/list/member/career-cruising-network-29792.htm"
"innovaengineering.com","1","/career/software-sales-representatives/"
"www.theglobeandmail.com","19","/business/careers/business-education/article-china-poised-to-take-lead-in-artificial-intelligence-race/"
"www.askonlinesolutions.com","1","/careers/android-developer/"
"www.assamspider.com","1","/jobs/442-c-age-required-software-faculty-sarupathar"
"www.ihirebiotechnology.com","2","/jobs/clinical-data-manager-jobs/states"
"crometrics.com","1","/careers/qa-analyst/"
"thejobsbin.com","4","/job/1/web-developer-at-foo-inc/"
"www.theleafchronicle.com","1","/story/news/local/2014/07/06/jobs-data-show-more-part-time-workers/12278577/"
"www.univariety.com","2","/career/Computer-Application/44102d8f"
"boise.universelisting.com","3","/Search/job-software-qa-dba/"
"brisbane.universelisting.com","3","/Search/job-software-qa-dba/"
"www.getwelloncology.com","1","/careers/computer-operator"
"www.built.com","1","/Jobs-Directory/Real-Estate-Developers.html"
"www.zignuts.com","2","/career/ios-developers/"
"zimad.com","1","/careers/%D1%80%D1%83%D1%81%D1%81%D0%BA%D0%B8%D0%B9-html5-developer-html5-%D1%80%D0%B0%D0%B7%D1%80%D0%B0%D0%B1%D0%BE%D1%82%D1%87%D0%B8%D0%BA-%D1%83%D0%BB%D1%8C%D1%8F%D0%BD%D0%BE%D0%B2%D1%81%D0%BA-%D1%85/"
"perchwell.freshteam.com","1","/jobs/lvhXBxn2PF-y/data-analytics-intern"
"jobs.armyengineer.com","27","/jobs/12371605/cisco-chair-for-intent-based-networking"
"www.bannerpublicaffairs.com","1","/careers/mid-level-pr-consultant-technology-and-aerospace-defense/"
"hibalife.com","2","/career/php-developer/"
"susangconsulting.com","3","/jobs/full-stack-developer/"
"witi.com","2","/careercenter/waterloo-computer-systems-software/"
"corenet.selectleaders.com","32","/about/job-network/"
"jobs.ybconsultants.com","21","/job-listings-Compensation-Benefits-Designation-Analyst-Yellow-Box-HR-Services-Pvt-Ltd-Mumbai-2-to-7-years-190819009080"
"www.edsurge.com","32","/jobs/af-accelerate-director-of-data-strategy-and-analysis-job-at-achievement-first"
"hendersonharbor.com","6","/jobs/ap-analyst/"
"www.projectivegroup.com","1","/job/business-consultant-data-protection-privacy-experienced-to-senior-level/"
"www.consortia.com","95","/jobs/architects-and-managers/software-development-manager/j15330/"
"playershub.fiba.com","1","/en/career/networking/what-networking"
"www.fidelitybank.com","1","/resources/careers/talent-network/"
"everymatrix.com","3","/careers/javascript-developer-vuejs/"
"typelane.com","1","/careers/backend-engineer/"
"careers.kanzucode.com","1","/job/software-engineer/"
"www.pencor.com","3","/careers/penteledata/cable-sales-engineer"
"atlasrecruitmentgroup.com","43","/category/jobs/business-analyst/"
"www.healthjobsnationwide.com","51","/job/associate-business-analyst-lenexa-ks-or-telecommute"
"jobs.texarkanagazette.com","2","/Job/201717310/computer-science-teacher-job-in-texarkana-tx-75503"
"www.lepepgroup.com","2","/careers/frontend-developer/"
"www.jointheportauthority.com","16","/jobs/5007613-supervisor-customer-research-data-and-analytics"
"blogs.intel.com","3","/jobs/2018/08/work-with-purpose-and-fun-this-cybersecurity-evangelist-is-having-the-time-of-her-life-making-the-world-more-secure/"
"www.inter-datasecurity.com","1","/careers/73-regional-business-developer-f-secure-business-international.html"
"www.pngyp.com","1","/jobs/developer"
"careers.pitneybowes.com","3","/job/10516306/in-seniorsoftwareengineer-tier3-dla/"
"swiftengineering.com","2","/job/marine-technology-intern/"
"www.safetravelsmagazine.com","4","/2018/08/09/job-tactical-intelligence-analyst-for-solace-global/"
"kmburck.com","1","/2006/12/04/career-in-broadcasting-and-american-radio-network/"
"www.thalesgroup.com","1","/en/career/professions/rd-software"
"www.careerclubhr.com","3","/jobs-in-computers-it-fid.htm"
"www.headhuntersdirectory.com","2","/jobs/nc/north-carolina-biotechnology-recruiters.htm"
"www.tekpartners.com","60","/job-detail/contract%2Bto%2Bhire/information%2Btechnology/etl%2Bdeveloper/fl/coral%2Bgables/33114/tekpartners/64099/"
"gogreydog.com","1","/careers/food-editor-recipe-developer"
"www.oncentrl.com","1","/jobs-sales-solutions-engineer-enterprise-software"
"careers.graphisoft.com","1","/job/senior-devops-engineer/4316813002"
"careers.davincisoftware.com","1","/careers/54666-General/jobs/12440582-DevOps-Programmer"
"www.nt-ware.com","1","/en/jobs-applications/vmware-and-network-it-administrator/"
"www.bgc-group.com","5","/job/cyber-security-slash-network-executive-up-to-3450-dollars-slash-degree/"
"korea.aramco.com","4","/en/careers/jobs-at-aramco-korea/senior-marketing-analyst"
"www.exzatechconsulting.com","1","/jobs/detail/associate-software-engineer-2-to-3-years-2"
"jobsus.deloitte.com","4563","/aai-data-science-senior-manager/jobs-in/charlotte/north-carolina/usa/jobs/"
"www.datafieldusa.com","1","/careers/working-at-datafield/"
"recruitdlt.com","29","/job-role/data-analyst/"
"www.uber.com","19","/au/en/careers/teams/data-science/"
"www.ajuliaexecutivesearch.com","21","/job/client-onboarding-quality-control-analyst"
"www.upbreeze.com","24","/jobs-and-internships/more/major/Appliance-Installation-and-Repair-Technology-Technician"
"www.sgsearchandselect.com","1","/jobs/pr-account-manager-cybersecurity/"
"www.startwire.com","234","/job-applications/technology/adobe"
"www.womensjoblist.com","8","/jobs/21486136/Business-Risk-Control-Management-Senior-Analyst/"
"www.50states.com","1","/campus-yellow-pages/ca/career_networks_institute.htm"
"www.targetpharmasolutions.com","1","/careers/clinical-data-abstractor-1/"
"careers.teradata.com","49","/jobs/205716/data-control-analyst"
"riversiderecruiting.catsone.com","3","/careers/42277-General/jobs/13095589-Remote-Progress-OpenEdge-Developer"
"csisoft.com","3","/careers/jr-software-developer/"
"buckeye-edu.com","2","/career-tech/auto-technology/"
"www.chacompanies.com","1","/careers/career-opportunities/hot-jobs/programmer-analyst/"
"cnftech.com","1","/careers/positions/senior-software-engineer"
"www.jobcoconut.com","11","/jobs/business-developer-danish-2"
"jobscircular.com","1","/jobs-circular/education-and-research/493-career-opportunity-at-bangladesh-university-of-business-and-technology-bubt"
"www.jobsinnetwork.com","2","/jobs/IT%20Technology"
"jobsrockhill.com","12","/job-category/information-technology/"
"dualitytech.com","1","/jobs/data-scientist/"
"phillyadclub.com","1","/job/sr-front-end-developer/"
"www.1clickfactory.com","1","/company-resources/company/career/senior-nav-developer/"
"www.1pgr.com","1","/job/legal-product-analyst-1/"
"www.leaseweb.com","2","/career/senior-frontend-engineer-website"
"classified.indalp.com","1","/jobs/advertising-public-relations/data-entry-work-how-you-can-seem-in-the-right-places_i3328"
"gb.hacendo.com","2","/job/5664335/data-centre-test-lead-wokingham/"
"www.code4nord.com","4","/career/angular-net-developer/"
"www.glossrecruitment.com","2","/jobs/front-end-developer-creative-agency/"
"www.learningservicesus.com","1","/career-decisions-software"
"metronomhealth.com","1","/careers/engineering/software-test-engineer"
"a-zcompanies.com","1","/jobs/tag/computer-science/"
"xynergy.com","1","/our-company/careers/front-end-web-developer-position"
"dakresources.com","2","/job/production-control-analyst-jacksonville-fl/"
"www.next-ventures.com","40","/de/job/full-stack-developer-part-remote/"
"www.edenscott.com","3","/job-search/edinburgh/actuarial-senior-analyst-associate-actuarial-consultant-41449"
"www.artistrylabs.com","1","/careers/web-technology"
"eb5affiliatenetwork.com","1","/project-developer-faq-topics/project-job-creation/jobs-created-via-eb-5-capital-verified-uscis/"
"www.accenture.com","82","/ae-en/careers/explore-careers/area-of-interest/technology-strategy-careers"
"referrals.hilton.com","5","/jobs/associate-field-services-technology-manager-178939"
"deanstreetsociety.com","1","/careers/web-developer/"
"officethermostat.com","1","/2018/12/27/job-description-for-budget-analyst-position-states-that-candidate-must-be-rock-star-for-unknown-reasons/"
"www.observanow.com","1","/job/software-engineer-ai-code/"
"www.sepasoft.com","2","/careers/mes-java-developer/"
"ai-r.com","2","/job/machine-learning-simulation-developer/"
"qdesinfotech.com","1","/career/asp-net-developers"
"careers-perficient.icims.com","47","/jobs/8357/ui-front-end-developer/job"
"careers-reachire.icims.com","1","/jobs/1109/ipsen---senior-financial-analyst---return-to-work-program/job"
"jobs-brasfieldgorrie.icims.com","1","/jobs/5237/software-engineer/job"
"bluewaterassociates.com","1","/job-seekers/senior-software-engineer/"
"www.graduate-women.com","44","/job/aeronautical-analyst-charting-navblue-158229"
"www.m-tech360.com","4","/jobs/enterprise-sales-director-big-data-machine-learning-ml-ai-open-source-east-coast/319"
"uk.mathworks.com","1","/company/jobs/teams-roles/informationtechnology.html"
"www.mediaspa.com","2","/careers/php-magento-senior-developer/"
"www.prima-solutions.com","2","/en/jobs/business-analyst-webxl-m-w/"
"www.walkerhamill.com","2","/job/fv50964-operations-analyst"
"www.planitsearch.com","2","/job/business-analyst/"
"bytemissioncontrol.com","1","/jobs/full-stack-developer-2/"
"param-solutions.com","6","/careers/AWSDevopsEngineer/P_AAAAAAIAAE3OnuIZN-w7a8"
"jpsnonprofit.com","1","/job/data-coordinator-dress-for-success-11-7-19/"
"www.nytco.com","1","/careers/Technology/"
"www.thenamaris.com","1","/career/freight-demurrage-analyst/"
"www.regenhu.com","2","/regenhu/jobs/intern-software-development-fm"
"www.digitalairwireless.com","1","/careers/senior-wi-fi-wlan-network-engineer"
"www.industrios.com","3","/careers/intermediate-qa-analyst"
"www.web-epoch.com","1","/careers/mid-level-wordpress-woocommerce-developer/"
"www.mykindafuture.com","1","/careers/front-end-developer/"
"careers.twosigma.com","15","/careers/DashJobDetail/London-London-United-Kingdom-Full-Stack-Software-Engineer-Portfolio-Analytics-London-City/1413"
"rideflag.com","1","/careers/android-developer/"
"www.oaklins.com","1","/it/en/career/analyst-intern/"
"retiredresources.com","4","/jobs/view/ar-vr-software-developer/"
"www.crowdfundingplanning.com","1","/blog-crowdfunding_planning-Conference-cloud_based_business_planning-crowdfunding_softwarecrowdfunding-crowdfunding_exchange/jobsacttitleiiicrowdfundingmovesclosertoreality"
"www.sterison.com","3","/job-offer/business-analyst/"
"www.adolaa.com","5","/en/bh/category/job-search/computers-internet-telecommunications"
"availtec.com","1","/careers/software-engineer-i/"
"avnitasoni.com","2","/job-resume-communication-skills/communication-analyst-resume-samples-velvet-jobs/"
"gridworxwalls.com","1","/post/careers/Data_Entry.php"
"business.grivy.com","1","/about/careers/head-of-data/"
"jobs.grmc.com","1","/lead-financial-analyst/job/12324273"
"www.driveclutch.com","2","/job-posting-marketing-analyst/"
"careers.holidaytouch.com","4","/job/Winter-Park-IT-Developer-FL-32792/623050500/"
"www.startheregoplaces.com","1","/students/why-accounting/career-options/technology/"
"techonomy.com","1","/conf/11-tucson/jobs/can-technology-be-societys-economic-engine-a-debate/"
"searchdatamanagement.techtarget.com","1","/answer/Career-growth-of-a-software-developer"
"www.calltrackingmetrics.com","1","/jobs/software-engineer-user-experience-engineer/"
"friendlyscore.com","2","/careers/php-developer-09"
"choosesq.com","5","/about-us/careers/business-systems-analyst/"
"www.highbluffgroup.com","2","/candidates/job-openings/metrc-compliance-analyst/"
"www.neosllc.com","2","/about/careers/data-visualization-intern/"
"www.idreambiz.com","2","/career/ios-developer.html"
"meetingembedded.com","3","/jobs/items/Embedded-Software-Engineer-for-high-end-3D-cameras.html"
"www.eidensys.com","3","/job/junior-all-source-intelligence-analyst/"
"careers.dreamitdoitvirginia.com","4","/jobs/13272730/helpdesk-database-technician"
"directlineglobal.com","1","/job-category/back-end-developer/"
"edit.dialogic.com","1","/careers/technical%20training%20developer"
"www.somos.com","5","/careers/developer"
"www.salutetospouses.com","2","/articles/careers/networking-get-outside-your-comfort-zone"
"sambaagency.com","2","/job-position-available-business-developer-uk/"
"awesomemotive.com","1","/career/product-developer/"
"www.milwaukeejobs.com","15","/employment-resources/job-search-tools/networking"
"zebrapeople.com","12","/job/frontend-developer-11/"
"www.thatrecruitmentcompany.com","49","/job/aws-developer-2"
"www.cigasset.com","1","/jobs/senior-financial-analyst-2/"
"www.cnbc.com","3","/2014/07/30/careers-bankers-leave-wall-street-for-technology-industry.html"
"www.ten24web.com","2","/careers/senior-web-developer/"
"www.essence-grp.com","1","/about/careers/essence-is-hiring-fpa-analyst"
"thefirm-network.com","1","/job/hris-reporting-analyst/"
"india.jobs.rbs.com","2","/jobs/4890259-testing-analyst"
"naturecareersindia.com","2","/job/senior-analyst-1428540"
"www.nanojobs.com","2","/Jobs-Computer-operator-In-Mumbai"
"newcraftgroup.com","1","/jobs/data-science-traineeship/"
"www.gregory-martin.com","1","/jobs/release-devops-manager-stevenage/1035-1/"
"www.foxtekrs.com","58","/job/angular-developer/"
"www.hitech-inc.com","1","/Careers/C-Sharp-Developer"
"www.viyom.com","4","/jobs/need-art-dance-music-physical-education-computer-teacher/"
"www.movemeback.com","1","/careers/pegafrica-data-role/"
"www.enworld.com","11","/en/job/Business-Analyst-EC-Service-Company"
"jobs.pirelli.com","5","/job/Craiova-Internship-Digital-Cloud-DevOps-Craiova/587158301/"
"jobs.psi92.com","22","/jobdetails/business-analyst-2/128"
"www.onezeero.com","43","/en/jobs-in/data-and-analytics"
"www.delawareonline.com","1","/story/money/2019/08/08/jobs-with-six-figure-salaries-financial-analysts-judges-engineers/39898975/"
"www.auctionadcity.com","1","/Daily-payout-890-%7C-Online-jobs-%7C-online-Data-posting-job-%7C-h/Jobs/216/8483.html"
"gulbargabazaar.com","1","/jobs/job-opportunities/data-entry-work-part-time-job-franchise-offer-in-surat-kmention-i3617"
"www.head-count.com","19","/job/analyst-analytics-and-insights"
"www.ipowerfour.com","2","/careers/cms-drupal-wordpress-joomla-developer"
"womeninastronomy.blogspot.com","2","/2014/03/career-profiles-astronomer-to-data.html"
"career.iresearchnet.com","6","/career-assessment/biodata/"
"jobs.tri-cityherald.com","1","/company/madison-communications-30090/job/data-center-specialist-position-350-05-in-staunton-il-92z1xv00r8jl74cbk702oy0kvp5d90/"
"www.topyougo.com","1","/careers/current-vacancies/web-developer/"
"www.tmmrecruitment.com","14","/job/business-planning-analyst-vr-21582/11040"
"jobnaukrifree.wordpress.com","1","/tag/jobnaukrifree-job-naukri-free-it-software-mediajobs-itsolution-contentdeveloper-contentwriter-itcontent-trigentsoftware-useuropeancllients-us-european-useuropean/"
"www.trilations.com","1","/job/functional-analyst/"
"www.work-nest.com","2","/jobs/software-engineer/"
"datasciencecareeroptions.com","9","/careers/data-science-outlook-overview/"
"recruitablecps.com","2","/job-seekers-align-your-data-find-the-right-job-fit/"
"www.unmannedhub.com","2","/job/data-analytics-instructor/"
"www.shoptech.com","6","/blog/job-scheduling-software-bottlenecks/"
"administration.academickeys.com","6","/job/9eshz3l6/Deputy_Centre_Head__Centre_for_Excellence_in_Information_Technology_CEIT"
"igi.catsone.com","1","/careers/1369-General/jobs/12993232-Business-Analyst"
"matchrelevant.catsone.com","1","/careers/35643-General/jobs/12919948-Fullstack-Engineer"
"sig.catsone.com","1","/careers/6193-General/jobs/8695178-Signals-Analyst-II"
"www.allstar-soft.com","2","/jobs-career-wage-and-education-data.html"
"www.hypnosisdownloads.com","4","/job-skills/business-networking"
"www.jobboarddoctor.com","3","/2010/04/13/job-board-software-competition-is-good/"
"jobkosh.com","20","/job_details/-jobs-in-chandigarh-urgent-requirement-for-telecallers-and-computer-operater-395"
"seychelles.jobsinnetwork.com","1","/jobs/IT%20Technology"
